event_id,post_id,subreddit,created_date,title,selftext,score,num_comments,url,search_query,text
TSLA_012,ixk251,teslainvestorsclub,2020-09-22 09:23:47,Tesla's “battery day” Could Be Bad News For Cobalt Miners,,44,18,https://oilprice.com/Latest-Energy-News/World-News/Teslas-battery-day-Could-Be-Bad-News-For-Cobalt-Miners.html,Tesla Battery Day,Tesla's “battery day” Could Be Bad News For Cobalt Miners
TSLA_012,ixoja7,teslainvestorsclub,2020-09-22 14:33:34,Tesla slashes the price of the Powerpack by 27% on Battery Day,,389,103,https://electrek.co/2020/09/22/tesla-slashes-price-powerpack-battery-day/,Tesla Battery Day,Tesla slashes the price of the Powerpack by 27% on Battery Day
TSLA_012,ixqlom,teslainvestorsclub,2020-09-22 16:17:51,How to watch Tesla’s Battery Day event Let’s get charged up,,32,13,https://www.theverge.com/2020/9/22/21449156/tesla-battery-day-event-watch-how-to-live-stream-start-time,Tesla Battery Day,How to watch Tesla’s Battery Day event Let’s get charged up
TSLA_012,ixr6w3,teslainvestorsclub,2020-09-22 16:47:01,Tesla Bear GOJOhnson says Battery Day 'All Smoke and Mirrors',,12,49,https://youtu.be/AIWz6LNlKNI,Tesla Battery Day,Tesla Bear GOJOhnson says Battery Day 'All Smoke and Mirrors'
TSLA_012,ixtg0n,teslainvestorsclub,2020-09-22 18:40:33,The Official Tesla Battery Day Mega-Thread,"This thread will be used to discuss last minute battery day predictions, live event comments, and serve as an all around fun thread for the event.

As always, Tesla hosts the livestream on their [website](https://www.tesla.com/2020shareholdermeeting#:~:text=2020%20Annual%20Meeting%20of%20Stockholders%20and%20Battery%20Day%20Tuesday%2C%20September,1%3A30%20PM%20Pacific%20Time), but feel free to support your favorite YouTube channels by including a link to their livestream when the time comes! The event is set to start at 4:30 EST but expect it to start later than anticipated.

Please keep the subreddit rules in mind and enjoy the long-awaited battery day!",269,3183,https://www.reddit.com/r/teslainvestorsclub/comments/ixtg0n/the_official_tesla_battery_day_megathread/,Tesla Battery Day,"The Official Tesla Battery Day Mega-Thread This thread will be used to discuss last minute battery day predictions, live event comments, and serve as an all around fun thread for the event.

As always, Tesla hosts the livestream on their [website](https://www.tesla.com/2020shareholdermeeting#:~:text=2020%20Annual%20Meeting%20of%20Stockholders%20and%20Battery%20Day%20Tuesday%2C%20September,1%3A30%20PM%20Pacific%20Time), but feel free to support your favorite YouTube channels by including a link to their livestream when the time comes! The event is set to start at 4:30 EST but expect it to start later than anticipated.

Please keep the subreddit rules in mind and enjoy the long-awaited battery day!"
TSLA_012,ixusxx,teslainvestorsclub,2020-09-22 19:48:41,🔋 THE CYBERTRUCK SONG: GET PUMPED FOR TESLA BATTERY DAY 🔋,,2,2,https://youtu.be/7FvmslmB6ZI,Tesla Battery Day,🔋 THE CYBERTRUCK SONG: GET PUMPED FOR TESLA BATTERY DAY 🔋
TSLA_012,ixynx3,teslainvestorsclub,2020-09-22 23:18:21,First Look At Tesla 2020 Battery Day & Shareholder Meeting,,5,0,https://www.tesmanian.com/blogs/tesmanian-blog/first-look-at-tesla-2020-battery-day-shareholder-meeting,Tesla Battery Day,First Look At Tesla 2020 Battery Day & Shareholder Meeting
TSLA_012,ixzlud,teslainvestorsclub,2020-09-23 00:15:07,Tesla BatteryDay Revelations,,29,29,https://www.reddit.com/r/teslainvestorsclub/comments/ixzlud/tesla_batteryday_revelations/,Tesla Battery Day,Tesla BatteryDay Revelations
TSLA_012,iy0qsx,teslainvestorsclub,2020-09-23 01:25:24,Tesla Battery Day in 10 minutes!,,23,15,https://www.youtube.com/watch?v=XHa1FhWgXdE,Tesla Battery Day,Tesla Battery Day in 10 minutes!
TSLA_012,iy19sk,teslainvestorsclub,2020-09-23 01:59:01,Here are Tesla’s biggest announcements from Battery Day,,5,0,https://www.theverge.com/2020/9/22/21450840/tesla-battery-day-production-elon-musk-tabless-range-cathode-cobalt-plaid,Tesla Battery Day,Here are Tesla’s biggest announcements from Battery Day
TSLA_012,iy1m8m,teslainvestorsclub,2020-09-23 02:21:02,Tesla Battery Day - Highlights : in 6 Minutes,,1,0,https://youtu.be/0tNXEGJ_AiY,Tesla Battery Day,Tesla Battery Day - Highlights : in 6 Minutes
TSLA_012,iy4elp,teslainvestorsclub,2020-09-23 05:40:15,Tesla Investment Plan for the Next Year,"The next year will be filled with the best buying opportunities we will have for Tesla.

There are many reasons for the stock to move down over the next year or so:

-	Rapid run up - ""it's a bubble"" - ""correction""
-	S&P index inclusion uncertainty
-	Battery day went over the layman's head 
-	Elon didn't present with confidence, and tweets are attempting to manage expectations
-	The upcoming deliveries numbers seem to be lackluster this quarter, the next will also not have full production from giga Berlin, Texas, or Buffalo, and China production is ""priced in""
-	Narrative is shifting and more EV related companies will be using the media to take advantage of Tesla stock falling to capture eyes
-	Finally, there is market volatility with the election,  pandemic, and potential manufacturing fires Tesla has to put out

I don't need to write the long term bull case that makes all of this negativity negligible - we're on /r/teslainvestorsclub. Nonetheless, the new info we got is spectacular so I'll comment briefly on that. Halving the costs of batteries, producing them in house, scaling 50x next 10 years. I mean that's just **phenomenal**. Tesla never shares all their progress, so this is just the minimum. Tesla is changing the world whether people like it or not.


*My plan*

All this being said, I'm fully prepared for the price to go down to $200. I'm holding all my shares and I'll start buying more at $250. If the volatility settles at a low enough share price, I will buy long calls.

After the next 6-12 months, the investments Tesla has been making at this inflection point will provide the right numbers for wall street to notice and start buying again, and in 5, 10 years, we're going to the Moon (figuratively). 🚀🚀🚀 My guess is 5-10x in 10 years. 

The share price might also keep going up without dipping - we can't predict the future. I'm prepared either way. What's your plan?",6,31,https://www.reddit.com/r/teslainvestorsclub/comments/iy4elp/tesla_investment_plan_for_the_next_year/,Tesla Battery Day,"Tesla Investment Plan for the Next Year The next year will be filled with the best buying opportunities we will have for Tesla.

There are many reasons for the stock to move down over the next year or so:

-	Rapid run up - ""it's a bubble"" - ""correction""
-	S&P index inclusion uncertainty
-	Battery day went over the layman's head 
-	Elon didn't present with confidence, and tweets are attempting to manage expectations
-	The upcoming deliveries numbers seem to be lackluster this quarter, the next will also not have full production from giga Berlin, Texas, or Buffalo, and China production is ""priced in""
-	Narrative is shifting and more EV related companies will be using the media to take advantage of Tesla stock falling to capture eyes
-	Finally, there is market volatility with the election,  pandemic, and potential manufacturing fires Tesla has to put out

I don't need to write the long term bull case that makes all of this negativity negligible - we're on /r/teslainvestorsclub. Nonetheless, the new info we got is spectacular so I'll comment briefly on that. Halving the costs of batteries, producing them in house, scaling 50x next 10 years. I mean that's just **phenomenal**. Tesla never shares all their progress, so this is just the minimum. Tesla is changing the world whether people like it or not.


*My plan*

All this being said, I'm fully prepared for the price to go down to $200. I'm holding all my shares and I'll start buying more at $250. If the volatility settles at a low enough share price, I will buy long calls.

After the next 6-12 months, the investments Tesla has been making at this inflection point will provide the right numbers for wall street to notice and start buying again, and in 5, 10 years, we're going to the Moon (figuratively). 🚀🚀🚀 My guess is 5-10x in 10 years. 

The share price might also keep going up without dipping - we can't predict the future. I'm prepared either way. What's your plan?"
TSLA_012,iy570j,teslainvestorsclub,2020-09-23 06:49:21,HyperChange Tesla Battery Day Reaction ⚡🔋,,12,1,https://youtu.be/Ojuhr0I4A-g,Tesla Battery Day,HyperChange Tesla Battery Day Reaction ⚡🔋
TSLA_012,iy5qed,teslainvestorsclub,2020-09-23 07:37:32,Battery Day: Tesla’s Path to Becoming the Most Valuable Company in the World (TSLA),,137,24,https://youtu.be/_hSlLskpttA,Tesla Battery Day,Battery Day: Tesla’s Path to Becoming the Most Valuable Company in the World (TSLA)
TSLA_012,iy5t15,teslainvestorsclub,2020-09-23 07:44:41,Tesla battery day quick recap,,3,1,https://youtu.be/-SodVntR4oA,Tesla Battery Day,Tesla battery day quick recap
TSLA_012,iy5y5u,teslainvestorsclub,2020-09-23 07:59:03,Battery Day: Tesla’s Path to Becoming the Most Valuable Company in the World (TSLA),,1,0,https://www.youtube.com/watch?v=_hSlLskpttA,Tesla Battery Day,Battery Day: Tesla’s Path to Becoming the Most Valuable Company in the World (TSLA)
TSLA_012,iy7lig,teslainvestorsclub,2020-09-23 10:28:59,Tesla Battery Day Summary,,5,0,https://imgur.com/a/SOkGwLm,Tesla Battery Day,Tesla Battery Day Summary
TSLA_012,iy8a9j,teslainvestorsclub,2020-09-23 11:26:12,"Tesla's stock drops, Baird analyst sees lack of catalysts with Battery Day in the rearview | MarketWatch",,3,0,https://www.marketwatch.com/story/teslas-stock-drops-baird-analyst-sees-lack-of-catalysts-with-battery-day-in-the-rearview-2020-09-23,Tesla Battery Day,"Tesla's stock drops, Baird analyst sees lack of catalysts with Battery Day in the rearview | MarketWatch"
TSLA_012,iy8c6j,teslainvestorsclub,2020-09-23 11:30:39,Tesla share losses mount after $50 billion drop in market cap on Battery Day after Musk flags delay to cheaper cars | Markets Insider,,0,6,https://markets.businessinsider.com/news/stocks/tesla-stock-price-falls-battery-day-50-billion-musk-2020-9-1029614374,Tesla Battery Day,Tesla share losses mount after $50 billion drop in market cap on Battery Day after Musk flags delay to cheaper cars | Markets Insider
TSLA_012,iyc82k,teslainvestorsclub,2020-09-23 15:24:54,Tesla Battery Day Postmortem with Sandy Munro and Bob Galyen - Autoline Exclusives LIVE,,54,31,https://youtu.be/jKrFAcNgG40,Tesla Battery Day,Tesla Battery Day Postmortem with Sandy Munro and Bob Galyen - Autoline Exclusives LIVE
TSLA_012,iyceyo,teslainvestorsclub,2020-09-23 15:34:55,Can´t find a straight answer: did Tesla just announced a 3x cost per mile reduction?,"Tesla announced a 56% cost reduction per kWh.

And they announced a 54% range increase. If I understand this correctly, this means a smaller battery (kWh) can achieve the same range.

For a moment, forget the metric of cost per kWh, because **it is misleading.**

Let´s focus on cost per mile of range.

The math was not explained yesterday, but what I read from the presentation is that both these factors multiply.

I.e.,  considering the metric cost per mile of range, this would mean roughly a 3x cost per mile improvement.

Can someone confirm this? If so, it is HUGE news!

&#x200B;

**EDIT: I think I did not make my point clear, so here is an example:**

Let's say you have two different cars with different battery technologies, but each one with the same cost per kWh and both have a 50 kWh battery. In terms of battery costs, both are equal. 

But one of them has more range. This is because it might be lighter or simply because it is more efficient, either on the battery discharge or somewhere else.

What I understood from Tesla is a 54% range increase for the same battery size. Is that correct?

Or do they mean for the same price they get a 54% range increase?

This is definitely **not clear** from the presentation!",1,13,https://www.reddit.com/r/teslainvestorsclub/comments/iyceyo/cant_find_a_straight_answer_did_tesla_just/,Tesla Battery Day,"Can´t find a straight answer: did Tesla just announced a 3x cost per mile reduction? Tesla announced a 56% cost reduction per kWh.

And they announced a 54% range increase. If I understand this correctly, this means a smaller battery (kWh) can achieve the same range.

For a moment, forget the metric of cost per kWh, because **it is misleading.**

Let´s focus on cost per mile of range.

The math was not explained yesterday, but what I read from the presentation is that both these factors multiply.

I.e.,  considering the metric cost per mile of range, this would mean roughly a 3x cost per mile improvement.

Can someone confirm this? If so, it is HUGE news!

&#x200B;

**EDIT: I think I did not make my point clear, so here is an example:**

Let's say you have two different cars with different battery technologies, but each one with the same cost per kWh and both have a 50 kWh battery. In terms of battery costs, both are equal. 

But one of them has more range. This is because it might be lighter or simply because it is more efficient, either on the battery discharge or somewhere else.

What I understood from Tesla is a 54% range increase for the same battery size. Is that correct?

Or do they mean for the same price they get a 54% range increase?

This is definitely **not clear** from the presentation!"
TSLA_012,iyenl0,teslainvestorsclub,2020-09-23 17:27:10,"ARK Invest, Tasha Keeney on Tesla and Battery Day",,156,48,https://www.youtube.com/watch?v=zwoanP0iH8Y&ab_channel=BobBostwick,Tesla Battery Day,"ARK Invest, Tasha Keeney on Tesla and Battery Day"
TSLA_012,iyf3xn,teslainvestorsclub,2020-09-23 17:49:28,"ARK Invest, Tasha Keeney on Tesla and Battery Day",,1,0,https://youtu.be/zwoanP0iH8Y,Tesla Battery Day,"ARK Invest, Tasha Keeney on Tesla and Battery Day"
TSLA_012,iyfiis,teslainvestorsclub,2020-09-23 18:09:27,My Concerns about Tesla Stock [After Battery Day].,,0,12,https://youtu.be/4G6ZHVPPpSE,Tesla Battery Day,My Concerns about Tesla Stock [After Battery Day].
TSLA_012,iyhchr,teslainvestorsclub,2020-09-23 19:38:58,Did Tesla Battery Day Live Up To the Hype ?!,,2,7,https://youtu.be/g1ppM22EQFs,Tesla Battery Day,Did Tesla Battery Day Live Up To the Hype ?!
TSLA_012,ixvfi0,stocks,2020-09-22 20:20:23,Links to Tesla Battery Day Live Stream,,1,0,https://www.reddit.com/r/stocks/comments/ixvfi0/links_to_tesla_battery_day_live_stream/,Tesla Battery Day,Links to Tesla Battery Day Live Stream
TSLA_012,ixvgks,stocks,2020-09-22 20:21:49,Link to Tesla Battery Day Live Stream,,1,1,https://www.reddit.com/r/stocks/comments/ixvgks/link_to_tesla_battery_day_live_stream/,Tesla Battery Day,Link to Tesla Battery Day Live Stream
TSLA_012,ixvxpi,stocks,2020-09-22 20:46:35,"Here is a Market Recap for today, Sept 22. Enjoy!"," **PsychoMarket Recap - Tuesday, Sept 22, 2020**

Stocks traded choppily before rising in another very volatile session, with traders weighing uncertainty around the presidential election, a worsening coronavirus situation in Europe, and concerns that fiscal stimulus will not come in near-term.  The Nasdaq outperformed, rose 1.86% as Apple (AAPL), Amazon (AMZN) and Facebook (FB) increased. The S&P finished 1.02% and the Dow finished the day 0.5% up.

The coronavirus situation in Europe has greatly worsened, with experts and politicians warning that a second-wave is around the corner. On September 12, French authorities reported 10,000 COVID-19 cases in one day for the first time since the pandemic began. Since then, daily cases have soared to more than 13,000. Several ""red zones"", cities considered high risk, have seen clampdowns. There is much talk of a second national lockdown in the UK, with Prime Minister Boris Johnson announcing that there will be further restrictive measures aimed at containing another major outbreak, as the number of cases swells and top scientists warn that the death rate could grow exponentially. On Monday, the UK reported 4,368 new cases. In Spain, parts of the capital Madrid, saw new lockdown measures enforced on Monday. More than 850,000 residents face restrictions on travel and the size of gatherings, according to Al Jazeera. The EU CDC reported that in Spain, there were 300 cases of COVID-19 per every 100,000 people as the capital of Madrid saw new lockdown measures being enforced.

Prospects of more fiscal stimulus passing before the November election have dimmed, with Congress unable to come to a consensus. Today, Treasury Secretary Steve Mnuchin and Fed Chair Jerome Powell testified before the House Financial Services Committee. They said that the Fed and Treasury can only go ‘so far so fast’ and cannot replace targeted aid from Congress. “The recovery will go faster if we have both tools \[from the Fed and Congress\] continuing to work together,"" Powell said. Both Powell and Mnuchin credited the Cares Act for helping the economy recover at the height of the pandemic but have once again stressed to Congressional lawmakers the importance of targeted, fiscal aid in helping families and small businesses through these tough times.

**Highlights**

* Apple (AAPL) target raised by Raymond James from $110 to $120 OUTPERFORM. The stock finished 1.57% up.
* ACN Accenture, currently at $233. Stock finished the day 1.29% up.
   * Piper Sandler Raised Target $206 to $229 NEUTRAL
   * Wedbush raised target from $240 to $255 OUTPERFORM
* Amazon (AMZN) target raised bySanford C. Bernstein upgraded from MARKET PERFORM to OUTPERFORM price target of $3,400. Stock finished the day 
* Carvana (CVNA) ran 30.61% after the company projected a “record Q3” and was upgraded to a BUY rating by Goldman Sachs (GS)
* Carvana (CVNA) was upgraded by Goldman Sachs $GS from $178 to $205, and NEUTRAL to BUY.  Q3 guidance was updated on the positive side and the stock took off. Finished 30% up for the day.
* (CZR) Caesars Entertainment, Deutsche Bank raised its target from $50 to $65 at BUY
* (FB) Facebook had Oppenheimer raise target from $270 to $300 OUTPERFORM
* (NKE) Nike had Robert W. Baird raise target from $95 to $115 and from POSITIVE to NEUTRAL.
* (NKE) Nike after the bell reported better than expected Q1 sales and EPS of $0.95 up from $0.86 YoY. The stock was up 3.1% for regular session and already more than 8% after hours.
* (NFLX) Netflix had JP Morgan set Target $625 at BUY. that is about 20% higher than ATH, very bullish.
* Today is (TSLA) Tesla Battery Day. Stay tuned for potential price moving announcements.
* (GME) Gamestop surges on announcement that Cohen, Chewy’s founder, revealed an almost 10% stake in the company and his intention to become involved and compete with Amazon on the videogame space, just as he did pets with (CHWY) Chewy.
* (SFIX) Stitch Fix reported worse than expected results, a loss of $0.44 vs expectation of a loss of $0.14. Shares were up 8% for the day, and now 14% down after hours.",87,13,https://www.reddit.com/r/stocks/comments/ixvxpi/here_is_a_market_recap_for_today_sept_22_enjoy/,Tesla Battery Day,"Here is a Market Recap for today, Sept 22. Enjoy!  **PsychoMarket Recap - Tuesday, Sept 22, 2020**

Stocks traded choppily before rising in another very volatile session, with traders weighing uncertainty around the presidential election, a worsening coronavirus situation in Europe, and concerns that fiscal stimulus will not come in near-term.  The Nasdaq outperformed, rose 1.86% as Apple (AAPL), Amazon (AMZN) and Facebook (FB) increased. The S&P finished 1.02% and the Dow finished the day 0.5% up.

The coronavirus situation in Europe has greatly worsened, with experts and politicians warning that a second-wave is around the corner. On September 12, French authorities reported 10,000 COVID-19 cases in one day for the first time since the pandemic began. Since then, daily cases have soared to more than 13,000. Several ""red zones"", cities considered high risk, have seen clampdowns. There is much talk of a second national lockdown in the UK, with Prime Minister Boris Johnson announcing that there will be further restrictive measures aimed at containing another major outbreak, as the number of cases swells and top scientists warn that the death rate could grow exponentially. On Monday, the UK reported 4,368 new cases. In Spain, parts of the capital Madrid, saw new lockdown measures enforced on Monday. More than 850,000 residents face restrictions on travel and the size of gatherings, according to Al Jazeera. The EU CDC reported that in Spain, there were 300 cases of COVID-19 per every 100,000 people as the capital of Madrid saw new lockdown measures being enforced.

Prospects of more fiscal stimulus passing before the November election have dimmed, with Congress unable to come to a consensus. Today, Treasury Secretary Steve Mnuchin and Fed Chair Jerome Powell testified before the House Financial Services Committee. They said that the Fed and Treasury can only go ‘so far so fast’ and cannot replace targeted aid from Congress. “The recovery will go faster if we have both tools \[from the Fed and Congress\] continuing to work together,"" Powell said. Both Powell and Mnuchin credited the Cares Act for helping the economy recover at the height of the pandemic but have once again stressed to Congressional lawmakers the importance of targeted, fiscal aid in helping families and small businesses through these tough times.

**Highlights**

* Apple (AAPL) target raised by Raymond James from $110 to $120 OUTPERFORM. The stock finished 1.57% up.
* ACN Accenture, currently at $233. Stock finished the day 1.29% up.
   * Piper Sandler Raised Target $206 to $229 NEUTRAL
   * Wedbush raised target from $240 to $255 OUTPERFORM
* Amazon (AMZN) target raised bySanford C. Bernstein upgraded from MARKET PERFORM to OUTPERFORM price target of $3,400. Stock finished the day 
* Carvana (CVNA) ran 30.61% after the company projected a “record Q3” and was upgraded to a BUY rating by Goldman Sachs (GS)
* Carvana (CVNA) was upgraded by Goldman Sachs $GS from $178 to $205, and NEUTRAL to BUY.  Q3 guidance was updated on the positive side and the stock took off. Finished 30% up for the day.
* (CZR) Caesars Entertainment, Deutsche Bank raised its target from $50 to $65 at BUY
* (FB) Facebook had Oppenheimer raise target from $270 to $300 OUTPERFORM
* (NKE) Nike had Robert W. Baird raise target from $95 to $115 and from POSITIVE to NEUTRAL.
* (NKE) Nike after the bell reported better than expected Q1 sales and EPS of $0.95 up from $0.86 YoY. The stock was up 3.1% for regular session and already more than 8% after hours.
* (NFLX) Netflix had JP Morgan set Target $625 at BUY. that is about 20% higher than ATH, very bullish.
* Today is (TSLA) Tesla Battery Day. Stay tuned for potential price moving announcements.
* (GME) Gamestop surges on announcement that Cohen, Chewy’s founder, revealed an almost 10% stake in the company and his intention to become involved and compete with Amazon on the videogame space, just as he did pets with (CHWY) Chewy.
* (SFIX) Stitch Fix reported worse than expected results, a loss of $0.44 vs expectation of a loss of $0.14. Shares were up 8% for the day, and now 14% down after hours."
TSLA_012,ixyggc,stocks,2020-09-22 23:06:05,Tesla battery day,,0,51,https://www.reddit.com/r/stocks/comments/ixyggc/tesla_battery_day/,Tesla Battery Day,Tesla battery day
TSLA_012,ixyrff,stocks,2020-09-22 23:24:09,"Elon Musk says Tesla deliveries will rise 30% to 40% in 2020, touts new battery tech","Tesla CEO Elon Musk said on Tuesday he expects vehicle deliveries to increase by 30 to 40 percent over last year, when the company reported deliveries of 367,500 vehicles. The new guidance from Musk implies deliveries of between 477,750 and 514,500 cars, a range that encompasses the company’s previously stated goal to deliver half a million cars in 2020.

Musk offered the updated numbers during the company’s 2020 shareholder’s meeting on Tuesday afternoon, which was accompanied by a presentation about Tesla’s battery advances. After thanking Tesla owners for their word-of-mouth marketing, he noted: 


“In 2019, we had 50% growth. And I think we’ll do really pretty well in 2020, probably somewhere between 30 to 40 percent growth, despite a lot of very difficult circumstances.”

The company’s shares dropped more than 6% during the presentation, which took place after normal trading hours.

During the “battery day” portion of the presentation, Tesla confirmed that it is making its own battery cells at a facility in Fremont.

Joining Musk on stage, Tesla’s senior vice president of powertrain and energy engineering, Drew Baglino, described the new cells as a “large tabless cell,” with a “shingled spiral” design. The cells are larger than the ones Tesla purchases from Panasonic and other suppliers, and offer “thermal benefits” which make them appropriate for use in electric vehicles. 

Baglino said battery, manufacturing and design changes underway at Tesla would eventually “unlock” a 54% improvement in the range of the company’s vehicles.

Musk, who is famous for being overly optimistic on such matters, said with all the battery and manufacturing advances Tesla is working on: “About 3 years from now, we’re confident we can make a very compelling $25,000 electric vehicle that’s also fully autonomous.” 

Near-term, Tesla says it aims to produce 10 gigawatt hours worth of its new battery cells at its pilot plant within a year. Musk noted that whatever cells it produces in Fremont would be supplemental to 100 gigawatt hours worth of cells it buys from suppliers. The company also said it had secured rights to a lithium clay deposit in Nevada to mine for its batteries.

On Monday, Musk warned that the advances announced at battery day won’t find their way into mass production until 2021, sending the company’s stock down about 6% ahead of the event on Tuesday.

Due partly to Covid-19 health orders that limit the size of in-person gatherings, Tesla postponed its annual meeting from July this year to Sept. 22, 2020. The company previously held its shareholder meetings at the Computer History Museum in Mountain View, California but moved the event to Fremont, where its U.S. vehicle assembly plant is based. Shareholders parked and sat in their cars at the meeting, which Musk characterized as a “drive-in.” They honked in lieu of applause.

Al Prescott, Tesla's VP of legal, at the company's socially distanced 2020 shareholders meeting, as attendees listen in their cars.
Al Prescott, Tesla’s VP of legal, at the company’s socially distanced 2020 shareholders meeting, as attendees listen in their cars.
Those who wanted to attend had to obtain a winning lottery-style ticket (or other special access) to the meeting. Otherwise, shareholders could log into a website to ask questions to be answered during the live-streamed event.

Since its last shareholder meeting in June 2019, Tesla’s long-time CTO JB Straubel resigned from the company. He worked there from the start, even before Musk took the CEO reins in 2008.

Tesla also appointed a new board member, Hiromichi Mizuno, formerly the Chief Investment Officer of the Japan Government Pension Investment Fund, and a famous critic of shortsellers. Long-time Elon Musk collaborator and proponent, venture capitalist Steve Jurvetson, is leaving the Tesla board as well, though he still sits on the board of Musk’s aerospace venture, SpaceX.

Remaining board members at Tesla authorized a five-for-one stock split, which the company implemented in August this year. The split followed four consecutive quarters of reported profitability for Tesla, and a season where Musk clashed with health authorities in California over Covid-19 restrictions that temporarily shut down their vehicle assembly plant in Fremont.

The stock split also followed a huge payout to Musk, part of his unprecedented compensation package. 

Expecting Tesla to talk about where its metals for batteries are sourced, and to promote battery tech suitable for Semi and Cybertruck vehicles, Cannacord Genuity analyst Jed Dorsheimer wrote in a note to investors before the meeting:

“The big question will be on follow through. It’s one thing to announce all these breakthroughs, which might be great for momentum algorithms, but like most things TSLA, the devil will be in the details, which sadly will take some time to play out.”

Cannacord maintains a “Hold” rating and a price target of $442 on shares of Tesla currently.

Shares of the electric car maker are up more than 400% year-to-date.

https://www.cnbc.com/2020/09/22/elon-musk-at-battery-day-tesla-deliveries-to-rise-30percent-to-40percent-in-2020.html",1935,472,https://www.reddit.com/r/stocks/comments/ixyrff/elon_musk_says_tesla_deliveries_will_rise_30_to/,Tesla Battery Day,"Elon Musk says Tesla deliveries will rise 30% to 40% in 2020, touts new battery tech Tesla CEO Elon Musk said on Tuesday he expects vehicle deliveries to increase by 30 to 40 percent over last year, when the company reported deliveries of 367,500 vehicles. The new guidance from Musk implies deliveries of between 477,750 and 514,500 cars, a range that encompasses the company’s previously stated goal to deliver half a million cars in 2020.

Musk offered the updated numbers during the company’s 2020 shareholder’s meeting on Tuesday afternoon, which was accompanied by a presentation about Tesla’s battery advances. After thanking Tesla owners for their word-of-mouth marketing, he noted: 


“In 2019, we had 50% growth. And I think we’ll do really pretty well in 2020, probably somewhere between 30 to 40 percent growth, despite a lot of very difficult circumstances.”

The company’s shares dropped more than 6% during the presentation, which took place after normal trading hours.

During the “battery day” portion of the presentation, Tesla confirmed that it is making its own battery cells at a facility in Fremont.

Joining Musk on stage, Tesla’s senior vice president of powertrain and energy engineering, Drew Baglino, described the new cells as a “large tabless cell,” with a “shingled spiral” design. The cells are larger than the ones Tesla purchases from Panasonic and other suppliers, and offer “thermal benefits” which make them appropriate for use in electric vehicles. 

Baglino said battery, manufacturing and design changes underway at Tesla would eventually “unlock” a 54% improvement in the range of the company’s vehicles.

Musk, who is famous for being overly optimistic on such matters, said with all the battery and manufacturing advances Tesla is working on: “About 3 years from now, we’re confident we can make a very compelling $25,000 electric vehicle that’s also fully autonomous.” 

Near-term, Tesla says it aims to produce 10 gigawatt hours worth of its new battery cells at its pilot plant within a year. Musk noted that whatever cells it produces in Fremont would be supplemental to 100 gigawatt hours worth of cells it buys from suppliers. The company also said it had secured rights to a lithium clay deposit in Nevada to mine for its batteries.

On Monday, Musk warned that the advances announced at battery day won’t find their way into mass production until 2021, sending the company’s stock down about 6% ahead of the event on Tuesday.

Due partly to Covid-19 health orders that limit the size of in-person gatherings, Tesla postponed its annual meeting from July this year to Sept. 22, 2020. The company previously held its shareholder meetings at the Computer History Museum in Mountain View, California but moved the event to Fremont, where its U.S. vehicle assembly plant is based. Shareholders parked and sat in their cars at the meeting, which Musk characterized as a “drive-in.” They honked in lieu of applause.

Al Prescott, Tesla's VP of legal, at the company's socially distanced 2020 shareholders meeting, as attendees listen in their cars.
Al Prescott, Tesla’s VP of legal, at the company’s socially distanced 2020 shareholders meeting, as attendees listen in their cars.
Those who wanted to attend had to obtain a winning lottery-style ticket (or other special access) to the meeting. Otherwise, shareholders could log into a website to ask questions to be answered during the live-streamed event.

Since its last shareholder meeting in June 2019, Tesla’s long-time CTO JB Straubel resigned from the company. He worked there from the start, even before Musk took the CEO reins in 2008.

Tesla also appointed a new board member, Hiromichi Mizuno, formerly the Chief Investment Officer of the Japan Government Pension Investment Fund, and a famous critic of shortsellers. Long-time Elon Musk collaborator and proponent, venture capitalist Steve Jurvetson, is leaving the Tesla board as well, though he still sits on the board of Musk’s aerospace venture, SpaceX.

Remaining board members at Tesla authorized a five-for-one stock split, which the company implemented in August this year. The split followed four consecutive quarters of reported profitability for Tesla, and a season where Musk clashed with health authorities in California over Covid-19 restrictions that temporarily shut down their vehicle assembly plant in Fremont.

The stock split also followed a huge payout to Musk, part of his unprecedented compensation package. 

Expecting Tesla to talk about where its metals for batteries are sourced, and to promote battery tech suitable for Semi and Cybertruck vehicles, Cannacord Genuity analyst Jed Dorsheimer wrote in a note to investors before the meeting:

“The big question will be on follow through. It’s one thing to announce all these breakthroughs, which might be great for momentum algorithms, but like most things TSLA, the devil will be in the details, which sadly will take some time to play out.”

Cannacord maintains a “Hold” rating and a price target of $442 on shares of Tesla currently.

Shares of the electric car maker are up more than 400% year-to-date.

https://www.cnbc.com/2020/09/22/elon-musk-at-battery-day-tesla-deliveries-to-rise-30percent-to-40percent-in-2020.html"
TSLA_012,iy1np6,stocks,2020-09-23 02:23:31,How low will Tesla drop to after Battery Day?,,15,58,https://www.reddit.com/r/stocks/comments/iy1np6/how_low_will_tesla_drop_to_after_battery_day/,Tesla Battery Day,How low will Tesla drop to after Battery Day?
TSLA_012,iy5yab,stocks,2020-09-23 07:59:25,Manganese after battery day,"Any predictions on if manganese stocks will rise? Curious about this since Tesla stocks are dropping. “September 23, 2020) - Manganese X Energy Corp. (TSXV: MN) (FSE: 9SC2) (OTC PINK: MNXXF) (""Manganese"" or the ""Company"") confirms that manganese received favorable mention from Elon Musk in his Tesla Battery Day presentation regarding the future of electric vehicles and energy storage”",2,6,https://www.reddit.com/r/stocks/comments/iy5yab/manganese_after_battery_day/,Tesla Battery Day,"Manganese after battery day Any predictions on if manganese stocks will rise? Curious about this since Tesla stocks are dropping. “September 23, 2020) - Manganese X Energy Corp. (TSXV: MN) (FSE: 9SC2) (OTC PINK: MNXXF) (""Manganese"" or the ""Company"") confirms that manganese received favorable mention from Elon Musk in his Tesla Battery Day presentation regarding the future of electric vehicles and energy storage”"
TSLA_012,iy81jr,stocks,2020-09-23 11:06:10,"Tesla's stock drops, Baird analyst sees lack of catalysts with Battery Day in the rearview",,2,1,https://www.reddit.com/r/stocks/comments/iy81jr/teslas_stock_drops_baird_analyst_sees_lack_of/,Tesla Battery Day,"Tesla's stock drops, Baird analyst sees lack of catalysts with Battery Day in the rearview"
TSLA_012,iy85kk,stocks,2020-09-23 11:15:30,"With Battery Day, Tesla laid out a clear roadmap to becoming the biggest company in the world in both market cap and revenue",,1,0,https://www.reddit.com/r/stocks/comments/iy85kk/with_battery_day_tesla_laid_out_a_clear_roadmap/,Tesla Battery Day,"With Battery Day, Tesla laid out a clear roadmap to becoming the biggest company in the world in both market cap and revenue"
TSLA_012,iy8bi6,stocks,2020-09-23 11:29:13,"With Battery Day, Tesla laid out a clear roadmap to becoming the biggest company in the world in both market cap and revenue",,0,7,https://www.reddit.com/r/stocks/comments/iy8bi6/with_battery_day_tesla_laid_out_a_clear_roadmap/,Tesla Battery Day,"With Battery Day, Tesla laid out a clear roadmap to becoming the biggest company in the world in both market cap and revenue"
TSLA_012,iyd2uk,stocks,2020-09-23 16:09:38,Reasons why tesla battery day was a game changer,,1,0,https://www.reddit.com/r/stocks/comments/iyd2uk/reasons_why_tesla_battery_day_was_a_game_changer/,Tesla Battery Day,Reasons why tesla battery day was a game changer
TSLA_012,iyibeu,stocks,2020-09-23 20:25:17,"Here is a Market Recap for today, Sept 23. What a crazy day!","PsychoMarket Recap - September 23, 2020

Stocks turned sharply negative again, erasing yesterday’s gains and continuing the decline from the earlier week as investors weighed slowing economic data and the absence of fiscal stimulus. This was one of the worst sessions in September. The SPY finished 2.35% down, the Nasdaq 3.05% down and the Dow finished 1.93% down. 

Tech shares reversed yesterday’s course and sank, leading the broader market down. Big tech stocks, like Amazon (AMZN), Facebook (FB), Apple (AAPL), Microsoft (MSFT) and Alphabet (GOOG) finished around 2% down on average. 

Economic analysts were mostly bearish. Ian Shepherdson, chief economist for Pantheon Macroeconomics said in a note, “It’s also pretty clear that the rates of recovery have slowed, with only retail sales having completed the V. You can thank the enhanced unemployment benefits for that – $600 per week for more than 30M people, at the peak. It’s hard to be optimistic about September and the fourth quarter, with the chance of a further relief bill before the election receding as Washington focuses on the Supreme Court”.

Federal Reserve Chair Jerome Powell and Treasury Secretary Steve Mnuchin once again addressed the urgent need for further stimulus in a testimony before the House Financial Services Committee yesterday. Powell underscored the limitations of the Federal Reserve’s lending powers. He said, “Many borrowers will benefit from these programs, as will the overall economy. But for others, a loan that could be difficult to repay might not be the answer. In these cases, direct fiscal support may be needed.” Mnuchin added that he wanted to reauthorize measures under the Payment Protection Program (PPP) that offered forgivable loans to businesses that stayed open and kept most of their employees on payroll. Unfortunately, any reauthorization or reallocation of funds requires Congressional approval, something unlikely to happen with lawmakers unable to come to a consensus about stimulus and focused mainly on the Supreme Court.

**Highlights**

* Yesterday was Tesla’s (TSLA) battery day. The company laid out plans to $25,000 car and cut battery costs in half over the next three years. However, this fell short of expectations of investors and analysts, who said “while the technology and manufacturing innovations outlined were impressive, Tesla’s valuation already priced in these disruptors”. The stock finished the day 10.34% down. 
* SPI Energy (SPI) rocketed today after the company announced they were launching a new electric vehicle subsidiary. Stock was up 3000% at one point before finishing the day 1,199% up. 
* Nike (NKE) shares spiked up today after the company’s earning announcement based on increased ecommerce sales. The stock finished the day 8.77% up.
   * EPS of $0.95 vs $0.46 estimate
   * Revenue of $10.59 billion vs $9.15 billion estimate
* StitchFix (SFIX) fell steeply today after underperforming earnings. The stock finished the day 6.8% down. 
   * EPS of -$0.44 vs -$0.18 estimate
   * Revenue of $443.4 million vs $414.52 estimate
* Twitter has been on a tear recently after Pivotal Research Group upgraded to BUY with a $59.75 price target, very bullish. Stock outperformed the market, finishing the day 6.08% up and 16.41% up in the week.
* GoodRX debuted in the market today. The stock finished the day 8.48% up (vs $46 listing price for the public)
* Tesla (TSLA) Analyst Ratings:
   * Deutsche Bank Upgraded HOLD to BUY
   * Jeffries Financial Group reiterated BUY
   * JP Morgan Chase target set $65 SELL
   * UBS Group target set $325 NEUTRAL
* Hasbro (HAS), currently $75: BMO Capital Markets upgraded to OUTPERFORM and increased price target from $69 to $90
* Facebook (FB): Jefferies Financial Group target set by $310 at BUY
* Johnson & Johnson (JNJ)announced that its coronavirus vaccine candidate had entered the late stage clinical phase, becoming the fourth company to do so in the global search for an effective COVID-19 inoculation.",91,29,https://www.reddit.com/r/stocks/comments/iyibeu/here_is_a_market_recap_for_today_sept_23_what_a/,Tesla Battery Day,"Here is a Market Recap for today, Sept 23. What a crazy day! PsychoMarket Recap - September 23, 2020

Stocks turned sharply negative again, erasing yesterday’s gains and continuing the decline from the earlier week as investors weighed slowing economic data and the absence of fiscal stimulus. This was one of the worst sessions in September. The SPY finished 2.35% down, the Nasdaq 3.05% down and the Dow finished 1.93% down. 

Tech shares reversed yesterday’s course and sank, leading the broader market down. Big tech stocks, like Amazon (AMZN), Facebook (FB), Apple (AAPL), Microsoft (MSFT) and Alphabet (GOOG) finished around 2% down on average. 

Economic analysts were mostly bearish. Ian Shepherdson, chief economist for Pantheon Macroeconomics said in a note, “It’s also pretty clear that the rates of recovery have slowed, with only retail sales having completed the V. You can thank the enhanced unemployment benefits for that – $600 per week for more than 30M people, at the peak. It’s hard to be optimistic about September and the fourth quarter, with the chance of a further relief bill before the election receding as Washington focuses on the Supreme Court”.

Federal Reserve Chair Jerome Powell and Treasury Secretary Steve Mnuchin once again addressed the urgent need for further stimulus in a testimony before the House Financial Services Committee yesterday. Powell underscored the limitations of the Federal Reserve’s lending powers. He said, “Many borrowers will benefit from these programs, as will the overall economy. But for others, a loan that could be difficult to repay might not be the answer. In these cases, direct fiscal support may be needed.” Mnuchin added that he wanted to reauthorize measures under the Payment Protection Program (PPP) that offered forgivable loans to businesses that stayed open and kept most of their employees on payroll. Unfortunately, any reauthorization or reallocation of funds requires Congressional approval, something unlikely to happen with lawmakers unable to come to a consensus about stimulus and focused mainly on the Supreme Court.

**Highlights**

* Yesterday was Tesla’s (TSLA) battery day. The company laid out plans to $25,000 car and cut battery costs in half over the next three years. However, this fell short of expectations of investors and analysts, who said “while the technology and manufacturing innovations outlined were impressive, Tesla’s valuation already priced in these disruptors”. The stock finished the day 10.34% down. 
* SPI Energy (SPI) rocketed today after the company announced they were launching a new electric vehicle subsidiary. Stock was up 3000% at one point before finishing the day 1,199% up. 
* Nike (NKE) shares spiked up today after the company’s earning announcement based on increased ecommerce sales. The stock finished the day 8.77% up.
   * EPS of $0.95 vs $0.46 estimate
   * Revenue of $10.59 billion vs $9.15 billion estimate
* StitchFix (SFIX) fell steeply today after underperforming earnings. The stock finished the day 6.8% down. 
   * EPS of -$0.44 vs -$0.18 estimate
   * Revenue of $443.4 million vs $414.52 estimate
* Twitter has been on a tear recently after Pivotal Research Group upgraded to BUY with a $59.75 price target, very bullish. Stock outperformed the market, finishing the day 6.08% up and 16.41% up in the week.
* GoodRX debuted in the market today. The stock finished the day 8.48% up (vs $46 listing price for the public)
* Tesla (TSLA) Analyst Ratings:
   * Deutsche Bank Upgraded HOLD to BUY
   * Jeffries Financial Group reiterated BUY
   * JP Morgan Chase target set $65 SELL
   * UBS Group target set $325 NEUTRAL
* Hasbro (HAS), currently $75: BMO Capital Markets upgraded to OUTPERFORM and increased price target from $69 to $90
* Facebook (FB): Jefferies Financial Group target set by $310 at BUY
* Johnson & Johnson (JNJ)announced that its coronavirus vaccine candidate had entered the late stage clinical phase, becoming the fourth company to do so in the global search for an effective COVID-19 inoculation."
TSLA_012,iyjcin,stocks,2020-09-23 21:16:08,Dow Falls 500 Points as Fed Warns More Stimulus Needed,"Stocks ended sharply lower Wednesday as central bank officials warned more fiscal stimulus was needed to rescue a struggling U.S. economy.

The Dow Jones Industrial Average finished down 525 points, or 1.92%, to 26,763, the S&P 500 was off 2.37% and the Nasdaq fell 3.02%. 

Amazon.com  ([**AMZN**](https://www.thestreet.com/quote/amzn)) - [Get Report](https://secure2.thestreet.com/cap/prm.do?OID=033365&ticker=AMZN) finished down 4.1%, and Alphabet  ([**GOOGL**](https://www.thestreet.com/quote/googl)) - [Get Report](https://secure2.thestreet.com/cap/prm.do?OID=033365&ticker=GOOGL) declined 3.5%.

Federal Reserve Vice Chairman Richard Clarida, like Fed Chairman Jerome Powell before him, said the central bank believed “additional fiscal support will likely be needed” to lift the U.S. economy out of its coronavirus-related downturn.

Powell warned Tuesday in congressional testimony that a U.S. recovery from the coronavirus pandemic, which has killed more than 200,000 Americans, ""continues to be highly uncertain."" 

“The recovery will go faster if there’s support coming both from Congress and from the Fed,” Powell said.

Nike  ([**NKE**](https://www.thestreet.com/quote/nke)) - [Get Report](https://secure2.thestreet.com/cap/prm.do?OID=033365&ticker=NKE) was the leading gainer on the Dow, rising 8.8%, after the sports apparel and equipment giant posted [better-than-expected fiscal first-quarter earnings](https://www.thestreet.com/investing/nike-soars-to-all-time-high-digital-sales-lead-q1-earnings). Nike brand digital sales rose 82% overall in the quarter.

Johnson & Johnson  ([**JNJ**](https://www.thestreet.com/quote/jnj)) - [Get Report](https://secure2.thestreet.com/cap/prm.do?OID=033365&ticker=JNJ) was little changed at $144.43 after the healthcare giant said it started the final round of testing for its coronavirus vaccine candidate.

Johnson & Johnson said the single-shot dose, which will be tested on 60,000 trial participants, followed positive data from a Phase 2 trial. 

The company reiterated its goal of producing and supplying more than 1 billion doses of the vaccine - should it be cleared by regulators - through the course of 2021. It aims to have a decision on the vaccine's effectiveness either later this year or in the first months of 2021.

Tesla  ([**TSLA**](https://www.thestreet.com/quote/tsla)) - [Get Report](https://secure2.thestreet.com/cap/prm.do?OID=033365&ticker=TSLA) shares declined 10% to $380.36 after the electric-car maker's battery presentation disappointed investors.

[CEO Elon Musk outlined his company’s ambitious battery manufacturing and cost-reduction goals](https://www.thestreet.com/investing/tesla-previews-next-gen-batteries-says-2020-deliveries-will-rise-30-to-40-percent) but detailed how long it might take for those goals to be reached.

Musk said the cheaper and more efficient batteries ultimately will let Tesla ""make a compelling $25,000 car that is also fully autonomous.""

[Tesla's Battery Day: A Rundown of What Was Revealed](https://www.thestreet.com/investing/tesla-outlined-ambitious-goals-for-ramping-battery-production-and-lowering-manufacturing-costs-but-shares-sold-off-as-details-were-discussed)

The new batteries, however, will take a while to ramp up. Tesla said the 4680 batteries won't reach mass production until 2022. Tesla set goals of having 100 gigawatt-hours of annual production capacity by 2022, and 3 terawatt-hours of capacity by 2030.

Global stocks remain on course for their first monthly drop since March. Prior to Wednesday, the S&P 500 had declined 5.3% in September, while the Nasdaq had dropped nearly 7%.

Stock markets have traded lower the first three weeks of September on fears that rising coronavirus infections worldwide could lead to further lockdowns and a lack of another U.S. fiscal stimulus package.

[https://www.thestreet.com/markets/stock-market-today-dow-jones-industrial-average-tesla-nike-092320?puc=yahoo&cm\_ven=YAHOO&yptr=yahoo](https://www.thestreet.com/markets/stock-market-today-dow-jones-industrial-average-tesla-nike-092320?puc=yahoo&cm_ven=YAHOO&yptr=yahoo)",24,20,https://www.reddit.com/r/stocks/comments/iyjcin/dow_falls_500_points_as_fed_warns_more_stimulus/,Tesla Battery Day,"Dow Falls 500 Points as Fed Warns More Stimulus Needed Stocks ended sharply lower Wednesday as central bank officials warned more fiscal stimulus was needed to rescue a struggling U.S. economy.

The Dow Jones Industrial Average finished down 525 points, or 1.92%, to 26,763, the S&P 500 was off 2.37% and the Nasdaq fell 3.02%. 

Amazon.com  ([**AMZN**](https://www.thestreet.com/quote/amzn)) - [Get Report](https://secure2.thestreet.com/cap/prm.do?OID=033365&ticker=AMZN) finished down 4.1%, and Alphabet  ([**GOOGL**](https://www.thestreet.com/quote/googl)) - [Get Report](https://secure2.thestreet.com/cap/prm.do?OID=033365&ticker=GOOGL) declined 3.5%.

Federal Reserve Vice Chairman Richard Clarida, like Fed Chairman Jerome Powell before him, said the central bank believed “additional fiscal support will likely be needed” to lift the U.S. economy out of its coronavirus-related downturn.

Powell warned Tuesday in congressional testimony that a U.S. recovery from the coronavirus pandemic, which has killed more than 200,000 Americans, ""continues to be highly uncertain."" 

“The recovery will go faster if there’s support coming both from Congress and from the Fed,” Powell said.

Nike  ([**NKE**](https://www.thestreet.com/quote/nke)) - [Get Report](https://secure2.thestreet.com/cap/prm.do?OID=033365&ticker=NKE) was the leading gainer on the Dow, rising 8.8%, after the sports apparel and equipment giant posted [better-than-expected fiscal first-quarter earnings](https://www.thestreet.com/investing/nike-soars-to-all-time-high-digital-sales-lead-q1-earnings). Nike brand digital sales rose 82% overall in the quarter.

Johnson & Johnson  ([**JNJ**](https://www.thestreet.com/quote/jnj)) - [Get Report](https://secure2.thestreet.com/cap/prm.do?OID=033365&ticker=JNJ) was little changed at $144.43 after the healthcare giant said it started the final round of testing for its coronavirus vaccine candidate.

Johnson & Johnson said the single-shot dose, which will be tested on 60,000 trial participants, followed positive data from a Phase 2 trial. 

The company reiterated its goal of producing and supplying more than 1 billion doses of the vaccine - should it be cleared by regulators - through the course of 2021. It aims to have a decision on the vaccine's effectiveness either later this year or in the first months of 2021.

Tesla  ([**TSLA**](https://www.thestreet.com/quote/tsla)) - [Get Report](https://secure2.thestreet.com/cap/prm.do?OID=033365&ticker=TSLA) shares declined 10% to $380.36 after the electric-car maker's battery presentation disappointed investors.

[CEO Elon Musk outlined his company’s ambitious battery manufacturing and cost-reduction goals](https://www.thestreet.com/investing/tesla-previews-next-gen-batteries-says-2020-deliveries-will-rise-30-to-40-percent) but detailed how long it might take for those goals to be reached.

Musk said the cheaper and more efficient batteries ultimately will let Tesla ""make a compelling $25,000 car that is also fully autonomous.""

[Tesla's Battery Day: A Rundown of What Was Revealed](https://www.thestreet.com/investing/tesla-outlined-ambitious-goals-for-ramping-battery-production-and-lowering-manufacturing-costs-but-shares-sold-off-as-details-were-discussed)

The new batteries, however, will take a while to ramp up. Tesla said the 4680 batteries won't reach mass production until 2022. Tesla set goals of having 100 gigawatt-hours of annual production capacity by 2022, and 3 terawatt-hours of capacity by 2030.

Global stocks remain on course for their first monthly drop since March. Prior to Wednesday, the S&P 500 had declined 5.3% in September, while the Nasdaq had dropped nearly 7%.

Stock markets have traded lower the first three weeks of September on fears that rising coronavirus infections worldwide could lead to further lockdowns and a lack of another U.S. fiscal stimulus package.

[https://www.thestreet.com/markets/stock-market-today-dow-jones-industrial-average-tesla-nike-092320?puc=yahoo&cm\_ven=YAHOO&yptr=yahoo](https://www.thestreet.com/markets/stock-market-today-dow-jones-industrial-average-tesla-nike-092320?puc=yahoo&cm_ven=YAHOO&yptr=yahoo)"
TSLA_012,ixvgic,investing,2020-09-22 20:21:43,"IF YOU WANT TO LOSE MONEY, BET ON TESLA'S BATTERY DAY",,0,13,https://www.reddit.com/r/investing/comments/ixvgic/if_you_want_to_lose_money_bet_on_teslas_battery/,Tesla Battery Day,"IF YOU WANT TO LOSE MONEY, BET ON TESLA'S BATTERY DAY"
TSLA_012,iy4bzu,investing,2020-09-23 05:34:19,Just Realized (Late) that Tech Stocks are the New Bitcoin,"Feel free to delete the thread, you can just consider it the deranged musings of a business owner scratching his head.

During the rise of Bitcoin, I kept asking those who were all-in to explain to me the value proposition of Cryptocurrency. I get that it was a form of decentralized and deregulated flow of money and I also understand the benefits of blockchain technology.

All of the reasons for Bitcoins value were justifications for why the price should be as high as it was. At the end of the day, nobody cared about the underlying value they chased  the price up and created a huge market, while all the old boys were told to go and sit in the corner with their boomer talk of bubbles.

&#x200B;

TSLA  
I realized yesterday watching highlights of the battery day presentation that people aren't buying Tesla, they are buying TSLA as if it was a crypto-currency, just the four letters on a stock trading platform, there is almost no evidence to support the current price. In a couple of threads lately I have spoken about the market cap of Tesla being double Toyota, while Tesla aims to produce 5% as many cars as Toyota next year, which inevitably leads to ""It's not a car company bro"". But it is a manufacturing company and there is no way it can sustain it's share price and drag the earnings ratio below 100. Truth of the matter is, nobody cares.

&#x200B;

NKLA  
Have vaguely ridden off the coat tails of Tesla and delivered nothing, put a concreter in as a senior manager, then the CEO and major stock holder has left and the price still hasn't collapsed.

&#x200B;

AAPL  
I don't really even understand the hype for Apple, it is a company with a mature market base, no innovation and overpaid for beats because they don't know what the Public wants any more, yet people will speculate wildly on the share price.

&#x200B;

In addition to retail investors buying thousands of dollars of options like they were at the greyhound track, we have effectively zero interest rates. This means the large institutional investors can borrow enough money at almost zero interest and make plays large enough to influence the price of the stock, creating their own profits.

All I am saying is that when the market is this hot and operating completely independent of earnings and economic factors, it reminds me of when a bushfire creates it's own weather. These stocks are being purchased and sold based on nothing. (I mean more than usual)

There's a hell of a lot of money to be made in  this volatile cycle, but most of the people playing will end up with empty bags at the end.",0,21,https://www.reddit.com/r/investing/comments/iy4bzu/just_realized_late_that_tech_stocks_are_the_new/,Tesla Battery Day,"Just Realized (Late) that Tech Stocks are the New Bitcoin Feel free to delete the thread, you can just consider it the deranged musings of a business owner scratching his head.

During the rise of Bitcoin, I kept asking those who were all-in to explain to me the value proposition of Cryptocurrency. I get that it was a form of decentralized and deregulated flow of money and I also understand the benefits of blockchain technology.

All of the reasons for Bitcoins value were justifications for why the price should be as high as it was. At the end of the day, nobody cared about the underlying value they chased  the price up and created a huge market, while all the old boys were told to go and sit in the corner with their boomer talk of bubbles.

&#x200B;

TSLA  
I realized yesterday watching highlights of the battery day presentation that people aren't buying Tesla, they are buying TSLA as if it was a crypto-currency, just the four letters on a stock trading platform, there is almost no evidence to support the current price. In a couple of threads lately I have spoken about the market cap of Tesla being double Toyota, while Tesla aims to produce 5% as many cars as Toyota next year, which inevitably leads to ""It's not a car company bro"". But it is a manufacturing company and there is no way it can sustain it's share price and drag the earnings ratio below 100. Truth of the matter is, nobody cares.

&#x200B;

NKLA  
Have vaguely ridden off the coat tails of Tesla and delivered nothing, put a concreter in as a senior manager, then the CEO and major stock holder has left and the price still hasn't collapsed.

&#x200B;

AAPL  
I don't really even understand the hype for Apple, it is a company with a mature market base, no innovation and overpaid for beats because they don't know what the Public wants any more, yet people will speculate wildly on the share price.

&#x200B;

In addition to retail investors buying thousands of dollars of options like they were at the greyhound track, we have effectively zero interest rates. This means the large institutional investors can borrow enough money at almost zero interest and make plays large enough to influence the price of the stock, creating their own profits.

All I am saying is that when the market is this hot and operating completely independent of earnings and economic factors, it reminds me of when a bushfire creates it's own weather. These stocks are being purchased and sold based on nothing. (I mean more than usual)

There's a hell of a lot of money to be made in  this volatile cycle, but most of the people playing will end up with empty bags at the end."
TSLA_012,iyazdx,investing,2020-09-23 14:17:58,$TSLA - summary of analyst thoughts following Battery Day,"**BULLS:**

**Oppenheimer: ""Doing More With Less.** TSLA outlined a robust reimagining of battery design, manufacturing, and performance including targeting a $25K vehicle in three years and 20x capacity increase by 2030. It is ramping a pilot line featuring a comprehensive redesign of product architecture, basic materials, and process technology and expects to yield \~56% cost declines, 54% range improvement, and 69% capex reduction, with initial benefits seen over 12–18 months, achieviing run-rate at \~three years. TSLA reiterated 30–40% delivery growth in 2020 (implied 478–515K) ahead of consensus estimates. We are impressed with the ambition of the endeavor and believe this roadmap charts ongoing technology and cost leadership for TSLA enabling sales into the entire LDV market. While limited details may weigh on shares, we would be buyers on any near-tearm weakness.""

**ON THE FENCE:**

**Morgan Stanley: ""A Call to Arms.** Tesla’s battery day largely lived up to the hype, but didn’t clearly exceed it. We think the main narrative is that Tesla’s battery tech is outpacing current growth in supply… and it's time to spend significantly.""

**Credit Suisse: ""Battery Day plan shows elevated growth narrative ahead, but consider challenges in manufacturing ramp.** Tesla’s much anticipated Battery Day brought several key positives: 1. Battery plans to support aggressive growth over next decade; 2. Growth unlocked via cost reductions on multiple fronts, highlighted by ambitious vertical integration plans; 3. Yet another reminder Tesla is well ahead of other automakers in the push to EV. However, the biggest driver of Tesla’s success in its strategy will be its ability to successfully ramp manufacturing, and we expect challenges along the way. Amid lofty expectations into the event, we see a ‘sell the news’ reaction on the stock given Tesla is still 3 years away from its planned $25,000 vehicle and full benefits from its battery strategy. That said, we ultimately expect weakness to be bought as the event highlighted Tesla’s robust growth narrative.""

**Canaccord Genuity: ""Battery Day hits on manufacturing strategies, but may disappoint for those that see a tech juggernaut.** As expected, Tesla’s Battery Day and shareholder meeting provided a trove of clues as to the direction of the company. For Bulls, the operational and systems approach to reduce manufacturing costs for autos and energy might be enough to warrant momentum. Bears, however, are likely to point the shift towards what looks increasingly like a modern day auto OEM than a tech company.""

**Goldman: ""Capacity, Battery Tech and Cost in focus.** Tesla believes that it will see the initial impact of these changes within 12-18 months, and the full impact in about 3 years. In addition, Tesla stated that it could release a $25,000 car in about 3 years as a result of the reduction in pack cost. We believe that a vehicle at this price point (coupled with Tesla's other products) would help Tesla to address a wide range of the light vehicle market (and furthermore EVs offer savings for the typical US driver in the form of lower maintenance and fuel costs that we have previously estimated are about $800 per year vs. an ICE vehicle). We expect the ability and timing for Tesla to fully achieve these targets to be one investor debate post the event, as Tesla has not always met its past targets. While we are incrementally positive on long-term EV adoption, we believe that the company's premium multiple (Exhibit 4 and Exhibit 5) currently reflects this.""

**BEARS:**

\*\*Barclays: ""\*\*while it had the usual set of aggressive forward-looking targets, the key question of the stock is whether a more subdued Musk – who uncharacteristically cautioned that the battery innovations were ‘close to working’ – is enough to sustain the valuation. We can see a few days of ‘sell the news,’ especially as Musk did not forecast either the 1 million mile battery (which many Tesla fans expected) or using Tesla cars for vehicle to gird (which we expected), and the ‘one more thing’ was delayed Model S Plaid performance variant. Moreover, the Plaid variant was delayed. After that, however, attention will shift to delivery forecasts for 3Q20, where Musk was silent other than forecasting 30-40% unit growth for 2020.""

**Needham: ""Will Vertical Integration Make or Break Tesla? We Have 3 Years to Find Out.** At its well-hyped Battery Day yesterday, TSLA announced its transformational plans to more than halve the cost per $/KWH of its batteries through the strategy of vertical integration. The ultimate goal is to increase range by 54%, while cutting cost/KWh by 56% and investment per GWh by 69% in five steps: cell design, cell factory, anode materials, cathode materials and cell vehicle integration (outlined below). This plan will take three years to be fully implemented. While we applaud the company's ambitious plans, we believe it is an inherently risky move with steep execution and operational challenges.""",747,290,https://www.reddit.com/r/investing/comments/iyazdx/tsla_summary_of_analyst_thoughts_following/,Tesla Battery Day,"$TSLA - summary of analyst thoughts following Battery Day **BULLS:**

**Oppenheimer: ""Doing More With Less.** TSLA outlined a robust reimagining of battery design, manufacturing, and performance including targeting a $25K vehicle in three years and 20x capacity increase by 2030. It is ramping a pilot line featuring a comprehensive redesign of product architecture, basic materials, and process technology and expects to yield \~56% cost declines, 54% range improvement, and 69% capex reduction, with initial benefits seen over 12–18 months, achieviing run-rate at \~three years. TSLA reiterated 30–40% delivery growth in 2020 (implied 478–515K) ahead of consensus estimates. We are impressed with the ambition of the endeavor and believe this roadmap charts ongoing technology and cost leadership for TSLA enabling sales into the entire LDV market. While limited details may weigh on shares, we would be buyers on any near-tearm weakness.""

**ON THE FENCE:**

**Morgan Stanley: ""A Call to Arms.** Tesla’s battery day largely lived up to the hype, but didn’t clearly exceed it. We think the main narrative is that Tesla’s battery tech is outpacing current growth in supply… and it's time to spend significantly.""

**Credit Suisse: ""Battery Day plan shows elevated growth narrative ahead, but consider challenges in manufacturing ramp.** Tesla’s much anticipated Battery Day brought several key positives: 1. Battery plans to support aggressive growth over next decade; 2. Growth unlocked via cost reductions on multiple fronts, highlighted by ambitious vertical integration plans; 3. Yet another reminder Tesla is well ahead of other automakers in the push to EV. However, the biggest driver of Tesla’s success in its strategy will be its ability to successfully ramp manufacturing, and we expect challenges along the way. Amid lofty expectations into the event, we see a ‘sell the news’ reaction on the stock given Tesla is still 3 years away from its planned $25,000 vehicle and full benefits from its battery strategy. That said, we ultimately expect weakness to be bought as the event highlighted Tesla’s robust growth narrative.""

**Canaccord Genuity: ""Battery Day hits on manufacturing strategies, but may disappoint for those that see a tech juggernaut.** As expected, Tesla’s Battery Day and shareholder meeting provided a trove of clues as to the direction of the company. For Bulls, the operational and systems approach to reduce manufacturing costs for autos and energy might be enough to warrant momentum. Bears, however, are likely to point the shift towards what looks increasingly like a modern day auto OEM than a tech company.""

**Goldman: ""Capacity, Battery Tech and Cost in focus.** Tesla believes that it will see the initial impact of these changes within 12-18 months, and the full impact in about 3 years. In addition, Tesla stated that it could release a $25,000 car in about 3 years as a result of the reduction in pack cost. We believe that a vehicle at this price point (coupled with Tesla's other products) would help Tesla to address a wide range of the light vehicle market (and furthermore EVs offer savings for the typical US driver in the form of lower maintenance and fuel costs that we have previously estimated are about $800 per year vs. an ICE vehicle). We expect the ability and timing for Tesla to fully achieve these targets to be one investor debate post the event, as Tesla has not always met its past targets. While we are incrementally positive on long-term EV adoption, we believe that the company's premium multiple (Exhibit 4 and Exhibit 5) currently reflects this.""

**BEARS:**

\*\*Barclays: ""\*\*while it had the usual set of aggressive forward-looking targets, the key question of the stock is whether a more subdued Musk – who uncharacteristically cautioned that the battery innovations were ‘close to working’ – is enough to sustain the valuation. We can see a few days of ‘sell the news,’ especially as Musk did not forecast either the 1 million mile battery (which many Tesla fans expected) or using Tesla cars for vehicle to gird (which we expected), and the ‘one more thing’ was delayed Model S Plaid performance variant. Moreover, the Plaid variant was delayed. After that, however, attention will shift to delivery forecasts for 3Q20, where Musk was silent other than forecasting 30-40% unit growth for 2020.""

**Needham: ""Will Vertical Integration Make or Break Tesla? We Have 3 Years to Find Out.** At its well-hyped Battery Day yesterday, TSLA announced its transformational plans to more than halve the cost per $/KWH of its batteries through the strategy of vertical integration. The ultimate goal is to increase range by 54%, while cutting cost/KWh by 56% and investment per GWh by 69% in five steps: cell design, cell factory, anode materials, cathode materials and cell vehicle integration (outlined below). This plan will take three years to be fully implemented. While we applaud the company's ambitious plans, we believe it is an inherently risky move with steep execution and operational challenges."""
TSLA_012,ixer78,wallstreetbets,2020-09-22 02:22:09,Osborne Effect: How an over the top amazing Battery Day can be the worst thing for Tesla,"Listen before calling me a Tesla bear... I got my whole portfolio in TSLA shares and calls and stalk Elon's twitter all day... but if Battery Day is too good to be true it's gonna be a disaster for Tesla. Why? Simple... osborne effect. Why would customers buy Teslas this year when they can just get the mega cool ultra battery day battery in 2 years or so? Result? Tesla sales tanking.   
Of course I hope I am as wrong as I can be...",14,24,https://www.reddit.com/r/wallstreetbets/comments/ixer78/osborne_effect_how_an_over_the_top_amazing/,Tesla Battery Day,"Osborne Effect: How an over the top amazing Battery Day can be the worst thing for Tesla Listen before calling me a Tesla bear... I got my whole portfolio in TSLA shares and calls and stalk Elon's twitter all day... but if Battery Day is too good to be true it's gonna be a disaster for Tesla. Why? Simple... osborne effect. Why would customers buy Teslas this year when they can just get the mega cool ultra battery day battery in 2 years or so? Result? Tesla sales tanking.   
Of course I hope I am as wrong as I can be..."
TSLA_012,ixg5l0,wallstreetbets,2020-09-22 03:55:20,Who's looking forward to Tesla's Battery day?,,1,0,https://i.redd.it/ay5hn7qmgmo51.png,Tesla Battery Day,Who's looking forward to Tesla's Battery day?
TSLA_012,ixg7f9,wallstreetbets,2020-09-22 03:58:56,"Why 9/22/20 Will forever be known as ""Assault and Battery Day""","Because I have the utmost confidence that, whether Tesla rockets to the moon or drops to the core of the earth tomorrow, each and every one of you, regardless of your position, will manage to fuck it up.  So tomorrow morning, remember to strap your helmets on, give your wife a kiss, her boyfriend a firm handshake, and prepare to snap those loss-porn screenshots.  Do WSB proud you degenerates.  Maybe you'll get lucky, and manage to fail at failing for fucking once.",488,53,https://www.reddit.com/r/wallstreetbets/comments/ixg7f9/why_92220_will_forever_be_known_as_assault_and/,Tesla Battery Day,"Why 9/22/20 Will forever be known as ""Assault and Battery Day"" Because I have the utmost confidence that, whether Tesla rockets to the moon or drops to the core of the earth tomorrow, each and every one of you, regardless of your position, will manage to fuck it up.  So tomorrow morning, remember to strap your helmets on, give your wife a kiss, her boyfriend a firm handshake, and prepare to snap those loss-porn screenshots.  Do WSB proud you degenerates.  Maybe you'll get lucky, and manage to fail at failing for fucking once."
TSLA_012,ixjsuh,wallstreetbets,2020-09-22 09:00:34,TESLA BATTERY DAY/ELON MUSK TWEET,,52,18,https://www.reddit.com/r/wallstreetbets/comments/ixjsuh/tesla_battery_dayelon_musk_tweet/,Tesla Battery Day,TESLA BATTERY DAY/ELON MUSK TWEET
TSLA_012,ixjt32,wallstreetbets,2020-09-22 09:01:11,Everyone that's buying into TESLA battery day hype,,2,0,https://v.redd.it/ent5d3edzno51,Tesla Battery Day,Everyone that's buying into TESLA battery day hype
TSLA_012,ixl2gd,wallstreetbets,2020-09-22 10:50:27,"TSLA BATTERY DAY - Potential Insight into ""One more thing""","Everyone has an idea of about the million mile battery, and the whole host of random shit Papa Musk has planned for us later today. But he is always wanting to surprise us with something nobody really expects. So after connecting the dots on some research I did, I came across some of the best tesla bull porn that I'd like to share with you autists.

First off - a quick lesson on energy density or **wh/kg**. Specifically, it's a metric that measures how much energy can be stored in a battery, per kilogram. As of right now, Tesla has achieved \~260 wh/kg, which is fine but considering liquid fuel can have up to 10,000 wh/kg, still far off, but these comparos really don't matter.

So why is this important?

So a month ago on 8/24, there were some rumors floating around about Tesla & a start-up, Ampirus. The reason why this gained a ton of traction was Ampirus's ability to squeeze out **500 wh/kg** utilizing 'silicon nanowire' tech geek shit, whatever.

Eventually, Elon shot down the [rumors](https://twitter.com/elonmusk/status/1298869205853515776)

But left us with this tweet here, mentioning the wh/kg required for **electric powered flight,** which he has mentioned in the past btw:

>[400 Wh/kg \*with\* high cycle life, produced in volume (not just a lab) is not far. Probably 3 to 4 years.](https://twitter.com/elonmusk/status/1298017332904620033?ref_src=twsrc%5Etfw%7Ctwcamp%5Etweetembed%7Ctwterm%5E1298017332904620033%7Ctwgr%5Eshare_3&ref_url=https%3A%2F%2Fobserver.com%2F2020%2F08%2Felon-musk-hint-tesla-electric-plane-battery-capacity-prediction%2F)

Does Tesla need Ampirus to get to this level of wh/kg for electric-powered planes?

**No.**

https://preview.redd.it/cxi629dgboo51.png?width=1583&format=png&auto=webp&s=16d5ceff86a5e19cdfe68a146714d4be19dfa834

Tesla acquired Maxwell on Feb last year: [source](https://techcrunch.com/2019/02/04/teslas-maxwell-acquisition-aims-to-gives-its-batteries-a-boost/)

Everybody focused on the Maxwell acquisition creating a path for Tesla to make its own batteries, but Maxwell's drycell innovations might be the kicker that allows Elon to explore something he has always shown interest in - **Electric Airplanes**

I don't think Papa Musk will be touting anything remotely close to commercial availability anytime soon, & I'm in the camp that his tweets after market close yesterday were more a function of battery production similar to the above that will be implemented in all future Tesla vehicles going forward. But, this is definitely something to keep an eye on as ***battery innovations have gotten us to the point where electric-powered flight is no longer a pipe dream***.

More tinfoil hat shit: 3 years ago Elon Musk's ""one more thing"" was the reveal of the [Tesla Roadster](https://www.youtube.com/watch?v=w6e7nwn1BJY), which is going to begin production mid next year (2021) - or 3-4 years later on the dot. If his tweet says 3-4 years for a battery capable of being mass produced to power electric airplanes, shouldn't today be the day he shows us Tesla Air?

TL;DR - Air Musk, the true His Airness",99,44,https://www.reddit.com/r/wallstreetbets/comments/ixl2gd/tsla_battery_day_potential_insight_into_one_more/,Tesla Battery Day,"TSLA BATTERY DAY - Potential Insight into ""One more thing"" Everyone has an idea of about the million mile battery, and the whole host of random shit Papa Musk has planned for us later today. But he is always wanting to surprise us with something nobody really expects. So after connecting the dots on some research I did, I came across some of the best tesla bull porn that I'd like to share with you autists.

First off - a quick lesson on energy density or **wh/kg**. Specifically, it's a metric that measures how much energy can be stored in a battery, per kilogram. As of right now, Tesla has achieved \~260 wh/kg, which is fine but considering liquid fuel can have up to 10,000 wh/kg, still far off, but these comparos really don't matter.

So why is this important?

So a month ago on 8/24, there were some rumors floating around about Tesla & a start-up, Ampirus. The reason why this gained a ton of traction was Ampirus's ability to squeeze out **500 wh/kg** utilizing 'silicon nanowire' tech geek shit, whatever.

Eventually, Elon shot down the [rumors](https://twitter.com/elonmusk/status/1298869205853515776)

But left us with this tweet here, mentioning the wh/kg required for **electric powered flight,** which he has mentioned in the past btw:

>[400 Wh/kg \*with\* high cycle life, produced in volume (not just a lab) is not far. Probably 3 to 4 years.](https://twitter.com/elonmusk/status/1298017332904620033?ref_src=twsrc%5Etfw%7Ctwcamp%5Etweetembed%7Ctwterm%5E1298017332904620033%7Ctwgr%5Eshare_3&ref_url=https%3A%2F%2Fobserver.com%2F2020%2F08%2Felon-musk-hint-tesla-electric-plane-battery-capacity-prediction%2F)

Does Tesla need Ampirus to get to this level of wh/kg for electric-powered planes?

**No.**

https://preview.redd.it/cxi629dgboo51.png?width=1583&format=png&auto=webp&s=16d5ceff86a5e19cdfe68a146714d4be19dfa834

Tesla acquired Maxwell on Feb last year: [source](https://techcrunch.com/2019/02/04/teslas-maxwell-acquisition-aims-to-gives-its-batteries-a-boost/)

Everybody focused on the Maxwell acquisition creating a path for Tesla to make its own batteries, but Maxwell's drycell innovations might be the kicker that allows Elon to explore something he has always shown interest in - **Electric Airplanes**

I don't think Papa Musk will be touting anything remotely close to commercial availability anytime soon, & I'm in the camp that his tweets after market close yesterday were more a function of battery production similar to the above that will be implemented in all future Tesla vehicles going forward. But, this is definitely something to keep an eye on as ***battery innovations have gotten us to the point where electric-powered flight is no longer a pipe dream***.

More tinfoil hat shit: 3 years ago Elon Musk's ""one more thing"" was the reveal of the [Tesla Roadster](https://www.youtube.com/watch?v=w6e7nwn1BJY), which is going to begin production mid next year (2021) - or 3-4 years later on the dot. If his tweet says 3-4 years for a battery capable of being mass produced to power electric airplanes, shouldn't today be the day he shows us Tesla Air?

TL;DR - Air Musk, the true His Airness"
TSLA_012,ixmbvd,wallstreetbets,2020-09-22 12:23:17,"The Tesla is my portfolio the dummy is me, all in Tesla battery day",,1,0,https://v.redd.it/tim14qhhzoo51,Tesla Battery Day,"The Tesla is my portfolio the dummy is me, all in Tesla battery day"
TSLA_012,ixof0t,wallstreetbets,2020-09-22 14:27:01,Tesla Battery Day Collateral Wins,"Howdy Autists!

Battery Day has us all wondering if we need to call our doctor to see if we're all suffering from priapism or if this is just a one-time thing.  I am heavily pumped for this afternoon's spectacle and invested across the board.  I would tell you what my positions are, but the last time I did, I was practically banned (so check my post history).  Okay, reason for the post, if the technology that Papa Musk talks about today is as revolutionary as we think, how much effect can we anticipate in all the other stocks, NIO, the shit show that is NKLA, etc.  I am looking forward to making dem tendies from some plays, but want to expand, cheaply.  Thoughts!?!?",3,12,https://www.reddit.com/r/wallstreetbets/comments/ixof0t/tesla_battery_day_collateral_wins/,Tesla Battery Day,"Tesla Battery Day Collateral Wins Howdy Autists!

Battery Day has us all wondering if we need to call our doctor to see if we're all suffering from priapism or if this is just a one-time thing.  I am heavily pumped for this afternoon's spectacle and invested across the board.  I would tell you what my positions are, but the last time I did, I was practically banned (so check my post history).  Okay, reason for the post, if the technology that Papa Musk talks about today is as revolutionary as we think, how much effect can we anticipate in all the other stocks, NIO, the shit show that is NKLA, etc.  I am looking forward to making dem tendies from some plays, but want to expand, cheaply.  Thoughts!?!?"
TSLA_012,ixpigs,wallstreetbets,2020-09-22 15:24:00,Elon Musks Tweets,"Alright, so we all know Elon has hidden meanings in his tweets and loves to see us autists decipher them.   
My 47 chromosomes worked together this morning and deciphered this.  


09/21/20  
""Important note about Tesla Battery Day unveil tomorrow. This affects long-term production, especially Semi, Cybertruck & Roadster, but what we announce will not reach Serious high-volume production until 2022""  


Semi, Cybertruck, and Roadster.  
Take the first letter of each word, which is an abbreviation for SCR. SCR is an abbreviation for Silicon  Controlled Rectifier, commonly known as thyristors.   
SCRs are particularly used in offshore drilling equipment and mining rigs. In relation to mining, We'll check out some of his other tweets.   


07/22/20  
""Please mine more nickel""  


09/16/20  
""Have you hugged a tunnel today?""   
""Embrace tunnels""  


As most of you know, Elon owns The Boring Company, which engages in tunnels and other projects that Elon gets hyped about. This company can easily branch off into mining and other mineral production. VALE you were getting hyped about? Elon will get those resources himself down the line (2022).   


Along with his big dick 1M mile battery, I think he'll entertain the idea of resourcing minerals himself with (The Boring Company). Elon is brilliant with self-sufficiency - with gathering his resources himself, this will higher the margin and lower the costs of production.",9,12,https://www.reddit.com/r/wallstreetbets/comments/ixpigs/elon_musks_tweets/,Tesla Battery Day,"Elon Musks Tweets Alright, so we all know Elon has hidden meanings in his tweets and loves to see us autists decipher them.   
My 47 chromosomes worked together this morning and deciphered this.  


09/21/20  
""Important note about Tesla Battery Day unveil tomorrow. This affects long-term production, especially Semi, Cybertruck & Roadster, but what we announce will not reach Serious high-volume production until 2022""  


Semi, Cybertruck, and Roadster.  
Take the first letter of each word, which is an abbreviation for SCR. SCR is an abbreviation for Silicon  Controlled Rectifier, commonly known as thyristors.   
SCRs are particularly used in offshore drilling equipment and mining rigs. In relation to mining, We'll check out some of his other tweets.   


07/22/20  
""Please mine more nickel""  


09/16/20  
""Have you hugged a tunnel today?""   
""Embrace tunnels""  


As most of you know, Elon owns The Boring Company, which engages in tunnels and other projects that Elon gets hyped about. This company can easily branch off into mining and other mineral production. VALE you were getting hyped about? Elon will get those resources himself down the line (2022).   


Along with his big dick 1M mile battery, I think he'll entertain the idea of resourcing minerals himself with (The Boring Company). Elon is brilliant with self-sufficiency - with gathering his resources himself, this will higher the margin and lower the costs of production."
TSLA_012,ixpnzn,wallstreetbets,2020-09-22 15:31:46,Elon has struck again,"Fuck you Elon. 

I know nothing about stocks, but after this article:

https://www.reuters.com/article/us-tesla-batteryday-idUSKCN26C34Y

My stocks are in the shitter so far. We have plenty of times before 1pm, but he can suck a ballsack. You don’t see Apple saying “there won’t be a new iPhone” before their big event. 

Kick rocks, you unruly bastard. 

Here’s to hoping we really are in a simulation, like the great lord has suggested.",5,15,https://www.reddit.com/r/wallstreetbets/comments/ixpnzn/elon_has_struck_again/,Tesla Battery Day,"Elon has struck again Fuck you Elon. 

I know nothing about stocks, but after this article:

https://www.reuters.com/article/us-tesla-batteryday-idUSKCN26C34Y

My stocks are in the shitter so far. We have plenty of times before 1pm, but he can suck a ballsack. You don’t see Apple saying “there won’t be a new iPhone” before their big event. 

Kick rocks, you unruly bastard. 

Here’s to hoping we really are in a simulation, like the great lord has suggested."
TSLA_012,ixtwop,wallstreetbets,2020-09-22 19:03:37,How would this play out? Tesla,"I’m hold 10/23 calls. I was hoping to sell today but now it would be for a $1,500 loss.

If I was to buy a put would that negate near future losses until I can see how this plays out.

My thought is that Tesla will have an exciting battery day but the stock will tank due to a sell off. Then it will spike back up for earnings. 

Am I thinking about this correctly? Or am I missing something?

Appreciate the input.

Hold me
I’m scared",0,11,https://www.reddit.com/r/wallstreetbets/comments/ixtwop/how_would_this_play_out_tesla/,Tesla Battery Day,"How would this play out? Tesla I’m hold 10/23 calls. I was hoping to sell today but now it would be for a $1,500 loss.

If I was to buy a put would that negate near future losses until I can see how this plays out.

My thought is that Tesla will have an exciting battery day but the stock will tank due to a sell off. Then it will spike back up for earnings. 

Am I thinking about this correctly? Or am I missing something?

Appreciate the input.

Hold me
I’m scared"
TSLA_012,ixudwd,wallstreetbets,2020-09-22 19:27:22,Tesla has a battery day event but does not create batteries!!!111,,1,1,https://www.reddit.com/r/wallstreetbets/comments/ixudwd/tesla_has_a_battery_day_event_but_does_not_create/,Tesla Battery Day,Tesla has a battery day event but does not create batteries!!!111
TSLA_012,ixuexf,wallstreetbets,2020-09-22 19:28:51,Tesla Battery Day,,5,9,https://www.reddit.com/r/wallstreetbets/comments/ixuexf/tesla_battery_day/,Tesla Battery Day,Tesla Battery Day
TSLA_012,ixup6e,wallstreetbets,2020-09-22 19:43:21,Tesla has a battery day event but does not create batteries!!!,,3,20,https://www.reddit.com/r/wallstreetbets/comments/ixup6e/tesla_has_a_battery_day_event_but_does_not_create/,Tesla Battery Day,Tesla has a battery day event but does not create batteries!!!
TSLA_012,ixvhd8,wallstreetbets,2020-09-22 20:22:58,Tesla Battery Day is Here !!! Papa Musk Flexxxxx Time! Yeeeeeet (Link provided),"Alright boys and girls... TSLA 600 EOD time is here... and we still got 4 more hours of mooning left ;). Is papa gonna make us cry even harder than he did yesterday??? Let's find out...

Starting 4:30 pm EST right here: [https://www.youtube.com/watch?v=l6T9xIeZTds](https://www.youtube.com/watch?v=l6T9xIeZTds)(But knowing papa he will be hella late)

Edit 1: Who the hell knew Tesla had so many SJW share holders... jeesus... let's get rich brothers and sisters and kick those dickheads out and take Tesla to Valehallala... ",47,173,https://www.reddit.com/r/wallstreetbets/comments/ixvhd8/tesla_battery_day_is_here_papa_musk_flexxxxx_time/,Tesla Battery Day,"Tesla Battery Day is Here !!! Papa Musk Flexxxxx Time! Yeeeeeet (Link provided) Alright boys and girls... TSLA 600 EOD time is here... and we still got 4 more hours of mooning left ;). Is papa gonna make us cry even harder than he did yesterday??? Let's find out...

Starting 4:30 pm EST right here: [https://www.youtube.com/watch?v=l6T9xIeZTds](https://www.youtube.com/watch?v=l6T9xIeZTds)(But knowing papa he will be hella late)

Edit 1: Who the hell knew Tesla had so many SJW share holders... jeesus... let's get rich brothers and sisters and kick those dickheads out and take Tesla to Valehallala..."
TSLA_012,ixwz2b,wallstreetbets,2020-09-22 21:41:03,Tesla Battery Day Retard,,1,1,https://i.redd.it/cwz65ea2rro51.jpg,Tesla Battery Day,Tesla Battery Day Retard
TSLA_012,ixwz62,wallstreetbets,2020-09-22 21:41:13,Look At This Dude During The Tesla Battery Day Event,,1,0,https://v.redd.it/rii3mlazqro51,Tesla Battery Day,Look At This Dude During The Tesla Battery Day Event
TSLA_012,ixxiq1,wallstreetbets,2020-09-22 22:11:05,I want to see tomorrow all your Tesla loss porn,"So today the hype didn’t lived up for battery day, seems like Tesla is going red after hours which means a lot of you autistic calls will be worth shit tomorrow should be a lot of loss porn can’t wait,",149,47,https://www.reddit.com/r/wallstreetbets/comments/ixxiq1/i_want_to_see_tomorrow_all_your_tesla_loss_porn/,Tesla Battery Day,"I want to see tomorrow all your Tesla loss porn So today the hype didn’t lived up for battery day, seems like Tesla is going red after hours which means a lot of you autistic calls will be worth shit tomorrow should be a lot of loss porn can’t wait,"
TSLA_012,ixxu4f,wallstreetbets,2020-09-22 22:29:06,"Elon literally just said ""Please make more nickel.""","Can't make this up.

During the Tesla Battery Day event, they've been elaborating about how how great of a material nickel is. They've reached out to the largest mining companies around the world (edit: [Vale is the biggest](http://www.vale.com/en/business/mining/nickel/pages/default.aspx)) and let them know that Tesla will start using significantly more nickel in their battery production as they scale up production of their new cells.

I see this being very good for $VALE. Looking forward to seeing all those calls tomorrow morning.

Thank you for the based DD, /u/ExtraEgg.",199,78,https://www.reddit.com/r/wallstreetbets/comments/ixxu4f/elon_literally_just_said_please_make_more_nickel/,Tesla Battery Day,"Elon literally just said ""Please make more nickel."" Can't make this up.

During the Tesla Battery Day event, they've been elaborating about how how great of a material nickel is. They've reached out to the largest mining companies around the world (edit: [Vale is the biggest](http://www.vale.com/en/business/mining/nickel/pages/default.aspx)) and let them know that Tesla will start using significantly more nickel in their battery production as they scale up production of their new cells.

I see this being very good for $VALE. Looking forward to seeing all those calls tomorrow morning.

Thank you for the based DD, /u/ExtraEgg."
TSLA_012,ixyfw0,wallstreetbets,2020-09-22 23:05:07,"Tesla down another 5% after hours during battery day 🙃 post those positions boys, $ROPE gains all day tmr",,1,0,https://i.redd.it/36c9hb826so51.jpg,Tesla Battery Day,"Tesla down another 5% after hours during battery day 🙃 post those positions boys, $ROPE gains all day tmr"
TSLA_012,ixygf7,wallstreetbets,2020-09-22 23:06:03,PAPA ELON Tendies,"YOLOed my last 4k on Tesla puts! Though of going for calls but in last momet opted for puts as everyone in WSB was talking about tesla going to the moon. 

Battery day was good but it didn’t meet people expectations as they are expecting. 

Planning to hold till next week as market is highly volaite and tesla dont have any events or news coming up. Everything is factored in except for musk mama tweets. 



Tldr: 10/2/2020- 424P
Proof is attached below. 

[proof](https://imgur.com/gallery/9GxDmEA)",23,36,https://www.reddit.com/r/wallstreetbets/comments/ixygf7/papa_elon_tendies/,Tesla Battery Day,"PAPA ELON Tendies YOLOed my last 4k on Tesla puts! Though of going for calls but in last momet opted for puts as everyone in WSB was talking about tesla going to the moon. 

Battery day was good but it didn’t meet people expectations as they are expecting. 

Planning to hold till next week as market is highly volaite and tesla dont have any events or news coming up. Everything is factored in except for musk mama tweets. 



Tldr: 10/2/2020- 424P
Proof is attached below. 

[proof](https://imgur.com/gallery/9GxDmEA)"
TSLA_012,ixyt0o,wallstreetbets,2020-09-22 23:26:58,Tesla Support Group for fellow investors with 9/25 expirations,"Hi guys, welcome to the Tesla Support Group. I'm sure many of my fellow investors here are surprised at how much of a letdown battery day was. Some of you may even be angry given how the TSLA stock sunk like a turd in the toilet during the after hours market. I'm here to tell you that it's not the end. Even if your portfolio is down 99%, you still have that last 1% to go. 

But once you hit rock bottom, you realize money isn't everything. Even though the bank may have foreclosed on my house, my car, and even my wife, I know it's going to be okay. I know it's going to be okay because there is still tomorrow. 

Tomorrow, I start my brand new job giving BJs behind the dumpster at Wendy's in the seedy part of town. I'll be charging by the hour. And after a few years, I will be back to where I started. New house, new car, new wife, and leveraged to the tits on TSLA calls for battery day.",712,219,https://www.reddit.com/r/wallstreetbets/comments/ixyt0o/tesla_support_group_for_fellow_investors_with_925/,Tesla Battery Day,"Tesla Support Group for fellow investors with 9/25 expirations Hi guys, welcome to the Tesla Support Group. I'm sure many of my fellow investors here are surprised at how much of a letdown battery day was. Some of you may even be angry given how the TSLA stock sunk like a turd in the toilet during the after hours market. I'm here to tell you that it's not the end. Even if your portfolio is down 99%, you still have that last 1% to go. 

But once you hit rock bottom, you realize money isn't everything. Even though the bank may have foreclosed on my house, my car, and even my wife, I know it's going to be okay. I know it's going to be okay because there is still tomorrow. 

Tomorrow, I start my brand new job giving BJs behind the dumpster at Wendy's in the seedy part of town. I'll be charging by the hour. And after a few years, I will be back to where I started. New house, new car, new wife, and leveraged to the tits on TSLA calls for battery day."
TSLA_012,ixzde6,wallstreetbets,2020-09-23 00:00:59,Musk admits Tesla is overvalued,"Was watching battery day. Someone in the audience asked will Tesla be passing on all the cost savings from new battery tech to the end customer. Elon joked Tesla cant afford to as they have very thin margins currently. He literally said "" From our valuation it may seem we make a lot of money but we dont""",89,46,https://www.reddit.com/r/wallstreetbets/comments/ixzde6/musk_admits_tesla_is_overvalued/,Tesla Battery Day,"Musk admits Tesla is overvalued Was watching battery day. Someone in the audience asked will Tesla be passing on all the cost savings from new battery tech to the end customer. Elon joked Tesla cant afford to as they have very thin margins currently. He literally said "" From our valuation it may seem we make a lot of money but we dont"""
TSLA_012,ixznek,wallstreetbets,2020-09-23 00:17:50,I wish I had stock instead of calls,"I have \~10K of Call spread on Tesla and vale, and I know I am fucked.

However, I want to say what they did is groundbreaking innovation. People don't understand because of his bad presentation, but fundamental is solid.

He should have focused on what can he do with the good battery instead of the physics of the battery. You don't expect to go to Nvidia conference call and hear how they improve their GPU, they will show what you can do with the improved GPU.

People don't really care how and why... Seriously, he should just skip the whole batteryday stuff and say, we can improve the battery by 50%, reduce the car price, and this will make more money on Twitter. This could play better than whole batteryday stuff.

Amazing progress, but I am fucked

&#x200B;

&#x200B;

edit

TSLA $370/375 Call 9/25  
TSLA $400/407 Call 9/25  
TSLA $433/435 Call 9/25  
TSLA $500/515 Call 9/25  
TSLA $510/515 Call 9/25

TSLA $375/390 Call 10/09

Vale $12 Call 10/09  
Vale $13.5 Call 10/09

&#x200B;",37,39,https://www.reddit.com/r/wallstreetbets/comments/ixznek/i_wish_i_had_stock_instead_of_calls/,Tesla Battery Day,"I wish I had stock instead of calls I have \~10K of Call spread on Tesla and vale, and I know I am fucked.

However, I want to say what they did is groundbreaking innovation. People don't understand because of his bad presentation, but fundamental is solid.

He should have focused on what can he do with the good battery instead of the physics of the battery. You don't expect to go to Nvidia conference call and hear how they improve their GPU, they will show what you can do with the improved GPU.

People don't really care how and why... Seriously, he should just skip the whole batteryday stuff and say, we can improve the battery by 50%, reduce the car price, and this will make more money on Twitter. This could play better than whole batteryday stuff.

Amazing progress, but I am fucked

&#x200B;

&#x200B;

edit

TSLA $370/375 Call 9/25  
TSLA $400/407 Call 9/25  
TSLA $433/435 Call 9/25  
TSLA $500/515 Call 9/25  
TSLA $510/515 Call 9/25

TSLA $375/390 Call 10/09

Vale $12 Call 10/09  
Vale $13.5 Call 10/09

&#x200B;"
TSLA_012,ixzwv0,wallstreetbets,2020-09-23 00:34:07,A Moment of Silence,"A moment of silence for all TSLA option holders, longs, and FD’ers. 
Especially those who diamond handed into battery day. We all wished Tesla would moon, and bring us to Valhalla, Tendie Town, the Moon, or Mars (or wherever you wanted to go). Unfortunately, we will not reach the promised land. This sub jokes a lot but we for real are like a mini family. A fucked up one, but family (not an Alabama one though). I know a lot of you are feeling the poignant effects of a good but not overwhelmingly astounding battery day. 

Just know: 

Your ambitious pursuit of the crispiest tendies was noble. It was bold. It was powerful. It was beautiful. 
The way we made Tesla (and tech during COVID) rally was incredible. News worthy. And we were on the news alright. All of them boomers with their safe, crappy returns on 30 year Tbonds saw us when they got their paper issue of their financial newspaper. They can have a 2% annual return. Fuck that. We aimed for the moon. For Valhalla. 

We made history. 

 It was an epic journey boys. As we part from the route of the promised land, I want you to remember these honorable words:

“Carry on my wayward son, for there’ll be peace when you are done. Lay your weary head to rest, don’t you cry no more.”",205,84,https://www.reddit.com/r/wallstreetbets/comments/ixzwv0/a_moment_of_silence/,Tesla Battery Day,"A Moment of Silence A moment of silence for all TSLA option holders, longs, and FD’ers. 
Especially those who diamond handed into battery day. We all wished Tesla would moon, and bring us to Valhalla, Tendie Town, the Moon, or Mars (or wherever you wanted to go). Unfortunately, we will not reach the promised land. This sub jokes a lot but we for real are like a mini family. A fucked up one, but family (not an Alabama one though). I know a lot of you are feeling the poignant effects of a good but not overwhelmingly astounding battery day. 

Just know: 

Your ambitious pursuit of the crispiest tendies was noble. It was bold. It was powerful. It was beautiful. 
The way we made Tesla (and tech during COVID) rally was incredible. News worthy. And we were on the news alright. All of them boomers with their safe, crappy returns on 30 year Tbonds saw us when they got their paper issue of their financial newspaper. They can have a 2% annual return. Fuck that. We aimed for the moon. For Valhalla. 

We made history. 

 It was an epic journey boys. As we part from the route of the promised land, I want you to remember these honorable words:

“Carry on my wayward son, for there’ll be peace when you are done. Lay your weary head to rest, don’t you cry no more.”"
TSLA_012,iy0ack,wallstreetbets,2020-09-23 00:57:31,To all of you thinking Tesla just screwed you.,"Attention to all. For those of you who are trying to process what is happening right now let me break it down for you. 

Tesla= What Netflix did to Blockbuster. And blockbuster is currently ever vehicle manufacture on the planet right now. You just don’t see it yet. 

The other day I posted a thoughtful question regarding the long term consequences in the event that Elon created a new ground breaking battery and what that effect that would have on big oil/other vehicle manufactures. The responses varied. 

Some of you are mad about this solely because you lost money on the stock in the short term. You failed to account for the fact that Tesla is already worth 40% of the entire ***market cap*** which means the market has already priced this day in. The good news is it's only going to get better from here. 

Any company that did not already make the necessary pivot to the EV world is completely fucked. Any of them that did make the pivot will now have to forget everything known about battery tech and start from scratch. This 25k vehicle with the advanced battery and imporved recharge time, extended range, and the fact that it's all made in house and from an abundant resource is going to change the game forever. Also, very few people go from electric back to gas driven so that means every person they grab is a permanent EV driver. 

***This is going to decimate the vehicle market.*** and by cornering the market this will make Tesla reign supreme and lord over all. Every vehicle manufacture CEO right now is already planning their ten year exit from the space and the oil industry is about to take a Rochambeau like kick in the nuts. 

Tesla owns the patent tech on the new batteries so in the event another manufacture tries to compete they will have to license this battery tech from Tesla = money for Tesla. 

Every time Tesla drops its price by 5k it doubles the available matket. They will soon produce a vehicle for 25K which will open the market up to 4x as many people as compared to today = money for Tesla. 

Tesla will push other auto makers out of business by manufacturing a cheaper vehicle. This will consolidate market share = Big money for Tesla. 

Essentially this is the best news you will ever hear as an investor. It's the best 10 year play you could ever make.

So hold your position, stop crying and look at the big picture so you can be fucking rich! 

For those of you still confused think about the history of the flat screen TV. The first one was damn expensive which only allowed for a select few to purchase it. Those select few that purchased it brought in money which allowed for further R&D and price reduction which opened up an even bigger class of people to afford it. That process occurred over and over and now everybody has a flat screen TV in their house. Tesla just changed the vehicle market forever.

***edit on % of Market Cap***

***2nd edit- With the information of how this will not be out until 2022 and probably late 2022 if not later and how everything in this market is inflated I think I'll share what I'm doing and it's either going to be selling calls on my existing shares to collect the premiums or I'll work out a put play. That's me and you should trade at your own risk.***",220,199,https://www.reddit.com/r/wallstreetbets/comments/iy0ack/to_all_of_you_thinking_tesla_just_screwed_you/,Tesla Battery Day,"To all of you thinking Tesla just screwed you. Attention to all. For those of you who are trying to process what is happening right now let me break it down for you. 

Tesla= What Netflix did to Blockbuster. And blockbuster is currently ever vehicle manufacture on the planet right now. You just don’t see it yet. 

The other day I posted a thoughtful question regarding the long term consequences in the event that Elon created a new ground breaking battery and what that effect that would have on big oil/other vehicle manufactures. The responses varied. 

Some of you are mad about this solely because you lost money on the stock in the short term. You failed to account for the fact that Tesla is already worth 40% of the entire ***market cap*** which means the market has already priced this day in. The good news is it's only going to get better from here. 

Any company that did not already make the necessary pivot to the EV world is completely fucked. Any of them that did make the pivot will now have to forget everything known about battery tech and start from scratch. This 25k vehicle with the advanced battery and imporved recharge time, extended range, and the fact that it's all made in house and from an abundant resource is going to change the game forever. Also, very few people go from electric back to gas driven so that means every person they grab is a permanent EV driver. 

***This is going to decimate the vehicle market.*** and by cornering the market this will make Tesla reign supreme and lord over all. Every vehicle manufacture CEO right now is already planning their ten year exit from the space and the oil industry is about to take a Rochambeau like kick in the nuts. 

Tesla owns the patent tech on the new batteries so in the event another manufacture tries to compete they will have to license this battery tech from Tesla = money for Tesla. 

Every time Tesla drops its price by 5k it doubles the available matket. They will soon produce a vehicle for 25K which will open the market up to 4x as many people as compared to today = money for Tesla. 

Tesla will push other auto makers out of business by manufacturing a cheaper vehicle. This will consolidate market share = Big money for Tesla. 

Essentially this is the best news you will ever hear as an investor. It's the best 10 year play you could ever make.

So hold your position, stop crying and look at the big picture so you can be fucking rich! 

For those of you still confused think about the history of the flat screen TV. The first one was damn expensive which only allowed for a select few to purchase it. Those select few that purchased it brought in money which allowed for further R&D and price reduction which opened up an even bigger class of people to afford it. That process occurred over and over and now everybody has a flat screen TV in their house. Tesla just changed the vehicle market forever.

***edit on % of Market Cap***

***2nd edit- With the information of how this will not be out until 2022 and probably late 2022 if not later and how everything in this market is inflated I think I'll share what I'm doing and it's either going to be selling calls on my existing shares to collect the premiums or I'll work out a put play. That's me and you should trade at your own risk.***"
TSLA_012,iy0qud,wallstreetbets,2020-09-23 01:25:27,Tesla Tweets C A R S TLDR; more tin foil hat fun,"Hello fellow autists, I’m deep on vale calls (914 total and am down around 8k. I really blame myself, the DD by extraegg was just so convincing and I feel like a fucking idiot now. 

Since then, all I can do is try to decipher Elon’s tweets, so here we go! 

Looking at his newest tweet, Elon showcases a Cyber Truck, an ATV, a Roadster, and a Semi with an acronym C A R S. [ C A R S acronym ](https://imgur.com/gallery/AWm100A) 

Yesterday, Elon’s tweet mentioned 3 out of 4 of these vehicles. The Semi, Cybertruck and Roadster. S C R
[S C R acronym ](https://imgur.com/gallery/DEhvstV)

So, it seems to me he’s trying to point to the previous tweet in his most recent tweet. 

We all watched battery day with expectations of a partnership with vale. We were wrong. Another  WSB autist (not sure where this is at) posted another theory about his battery day tweet being on 9/11 and at 6:45 am. 9/11 crash. 645 Pam am, crash. I think this is what Elon was hinting. No way to be sure but Tesla is crashing! All I’m saying, I see something in his tweets. Maybe I’m just as restarted as extraegg. 

Back to S C R.
So I google scr and this pops up, [S C R google](https://imgur.com/gallery/O1iTu7Z)
All that watched battery day knows how he started off the presentation talking about silicone. Lots of anode and cathode mumbojumbo. I’m guessing this is a hint of something but honestly, I have no idea what to do next or how to play this. 

Any of you degenerates have an idea?",10,17,https://www.reddit.com/r/wallstreetbets/comments/iy0qud/tesla_tweets_c_a_r_s_tldr_more_tin_foil_hat_fun/,Tesla Battery Day,"Tesla Tweets C A R S TLDR; more tin foil hat fun Hello fellow autists, I’m deep on vale calls (914 total and am down around 8k. I really blame myself, the DD by extraegg was just so convincing and I feel like a fucking idiot now. 

Since then, all I can do is try to decipher Elon’s tweets, so here we go! 

Looking at his newest tweet, Elon showcases a Cyber Truck, an ATV, a Roadster, and a Semi with an acronym C A R S. [ C A R S acronym ](https://imgur.com/gallery/AWm100A) 

Yesterday, Elon’s tweet mentioned 3 out of 4 of these vehicles. The Semi, Cybertruck and Roadster. S C R
[S C R acronym ](https://imgur.com/gallery/DEhvstV)

So, it seems to me he’s trying to point to the previous tweet in his most recent tweet. 

We all watched battery day with expectations of a partnership with vale. We were wrong. Another  WSB autist (not sure where this is at) posted another theory about his battery day tweet being on 9/11 and at 6:45 am. 9/11 crash. 645 Pam am, crash. I think this is what Elon was hinting. No way to be sure but Tesla is crashing! All I’m saying, I see something in his tweets. Maybe I’m just as restarted as extraegg. 

Back to S C R.
So I google scr and this pops up, [S C R google](https://imgur.com/gallery/O1iTu7Z)
All that watched battery day knows how he started off the presentation talking about silicone. Lots of anode and cathode mumbojumbo. I’m guessing this is a hint of something but honestly, I have no idea what to do next or how to play this. 

Any of you degenerates have an idea?"
TSLA_012,iy1bla,wallstreetbets,2020-09-23 02:02:03,Tesla Battery Day,,1,0,https://www.reddit.com/r/wallstreetbets/comments/iy1bla/tesla_battery_day/,Tesla Battery Day,Tesla Battery Day
TSLA_012,iy46ct,wallstreetbets,2020-09-23 05:21:28,A Tesla / LAC partnership/acquisition could still be plausible.,"I have a strong hunch that Tesla will be working with LAC in some fashion for lithium mining. At today's battery day event Elon did mention they would be sourcing lithium themselves and have secured a 10,000 acre site. Their  new product line and batteries will be available in 2023.

LAC owns 18,000 acres of a lithium site called Thacker Pass. Thacker Pass is the only project that has gone through environmental clearance with an environmental impact statement which clears the application for lithium  mining operations. There are no other or any type of documentation clearing operations for other mining operations. It takes about one year to clear permitting and environmental clearance.

Here's where LAC and Tesla connects. LAC Thacker Pass operations is scheduled to begin operations in 2022, a year before Tesla will be able to produce the new batteries and product lines.

EDIT 1: the EIS for Thacker Pass was circulated for public review (45 day review period) back in August. Presuming the project is approved and they receive their construction permit by the end of this year, then that means it will take LAC one year to develop the site and begin operations.

We can safely assume that Tesla has not even reached completion of an EIS because by Federal law need to go through a 45 day public review and there's nothing available hinting to anything that matches the description of what Elon mentioned at battery day. Assuming a similar timeline for construction and setting up operations that would put Tesla at a facilities completion in 2023, but their product line needs to be available in 2023. The timeline just doesn't work. On the other hand, the timeline can be pulled off with LAC's timeline.",11,15,https://www.reddit.com/r/wallstreetbets/comments/iy46ct/a_tesla_lac_partnershipacquisition_could_still_be/,Tesla Battery Day,"A Tesla / LAC partnership/acquisition could still be plausible. I have a strong hunch that Tesla will be working with LAC in some fashion for lithium mining. At today's battery day event Elon did mention they would be sourcing lithium themselves and have secured a 10,000 acre site. Their  new product line and batteries will be available in 2023.

LAC owns 18,000 acres of a lithium site called Thacker Pass. Thacker Pass is the only project that has gone through environmental clearance with an environmental impact statement which clears the application for lithium  mining operations. There are no other or any type of documentation clearing operations for other mining operations. It takes about one year to clear permitting and environmental clearance.

Here's where LAC and Tesla connects. LAC Thacker Pass operations is scheduled to begin operations in 2022, a year before Tesla will be able to produce the new batteries and product lines.

EDIT 1: the EIS for Thacker Pass was circulated for public review (45 day review period) back in August. Presuming the project is approved and they receive their construction permit by the end of this year, then that means it will take LAC one year to develop the site and begin operations.

We can safely assume that Tesla has not even reached completion of an EIS because by Federal law need to go through a 45 day public review and there's nothing available hinting to anything that matches the description of what Elon mentioned at battery day. Assuming a similar timeline for construction and setting up operations that would put Tesla at a facilities completion in 2023, but their product line needs to be available in 2023. The timeline just doesn't work. On the other hand, the timeline can be pulled off with LAC's timeline."
TSLA_012,iy4zdh,wallstreetbets,2020-09-23 06:30:57,"Hope for LAC, a post Battery Day Review","Given some of the disappointment in TSLA's battery day, and the lack of mentioning the magic letters of VALE or LAC, I thought I'd write up some further due diligence I dug up on LAC. I still think it's got a lot of promise, but I may be biased as I loaded up on it over the past few weeks.

Thacker Pass Project

First production Expectation Q3 – 2022 (LAC Website)

Q1 – 2023 is also a possibility as the a record of decision by the environmental authorities must be issues by February 5th, after which LAC has said they’ll begin a 2 year construction phase ([https://sierranevadaally.org/2020/08/28/thacker-pass-lithium-mine-draft-environmental-impact-statement-reaction/](https://sierranevadaally.org/2020/08/28/thacker-pass-lithium-mine-draft-environmental-impact-statement-reaction/))

Size: “The current exploration plan boundary encompasses approximately 3,550 acres. The project would involve expanding the plan boundary to approximately 18,000 acres, with an ultimate disturbance footprint of approximately 5,700 acres.” – Bureau of Land Management ([https://www.blm.gov/press-release/bureau-land-management-seeks-public-input-proposed-lithium-nevada-corporation-thacker](https://www.blm.gov/press-release/bureau-land-management-seeks-public-input-proposed-lithium-nevada-corporation-thacker))

This meets Elon’s comments about having permits to a mining site that is over 10,000 acres / the expansion may be a part of an agreement that allow the mining rights to his 10,000 acres.

[https://sierranevadaally.org/2020/08/28/thacker-pass-lithium-mine-draft-environmental-impact-statement-reaction/](https://sierranevadaally.org/2020/08/28/thacker-pass-lithium-mine-draft-environmental-impact-statement-reaction/)

This article is the most interesting one that talks bout the Environmental statement reaction (Same article referenced in the first production expectation section). The draft environmental impact statement was published July 29th and the public comment period ended on September 11th, 2020.

Article says they spent the last couple of years creating processing method using sulfuric acid. Sulphuric acid has been used for hard rock extraction for decades, but this is a new way for sedimentary clay. They said the excess acidity is neutralized to produce gypsum and Epsom salt as by products.  *Note, the Tesla battery day made a point of saying that they had a way that was sulphate free in* ***processing*** *lithium, with doesn’t seem to be in line with the above, unless it is to be updated/released later; It’s also possible the I’m misunderstanding this as my mining / chemical knowledge is limited*

The proect is proposed to be a carbon-neutral mine operation; this seems in line with Tesla’s goals. The CEO, Alexi Zawadzki, made appoint of saying “Once the lithium is dissolved, it can be concentrated and purified to produce high-quality lithium compounds for batteries. Any excess acidity is neutralized to produce calcium sulfate (gypsum, also known as the main material in wall-board) and magnesium sulfate (Epsom salt)”

The article also said that an open pit is proposed with the remediation objective of back filling the hole; Elon made a big point his presentation that their mine would be putting the soil back into the land to return it to it’s natural state (aka remediate).

Finally: ““LNC is evaluating financing options to build the Thacker Pass mine including a partner in the Thacker Pass project. Current regulations restrict certain countries, including China, from owning strategic minerals deposits in the USA and the Company will fully abide by these laws.”

After all of the above, given Musk’s comment’s about Tesla itself obtaining Mining Rights and getting into the mining game, there is some speculation that Tesla could consider buying the mine from LAC (before and after the battery day)

[https://cleantechnica.com/2020/06/27/tesla-terafactories-lithium-securing-the-supply-chain/](https://cleantechnica.com/2020/06/27/tesla-terafactories-lithium-securing-the-supply-chain/)

[https://youtu.be/C6cXu1Ln6rk?t=227](https://youtu.be/C6cXu1Ln6rk?t=227)

At this point, it’s a gamble (like everything here), but I’m holding my position. Given the above, and the fact that Ganfeng Lithium (TSLA’s current Lithium provider – see more details and DD @ [https://www.reddit.com/r/wallstreetbets/comments/iss0ez/how\_to\_get\_big\_tendies\_off\_tsla\_battery\_day/](https://www.reddit.com/r/wallstreetbets/comments/iss0ez/how_to_get_big_tendies_off_tsla_battery_day/) ) is the biggest owner at 16.55%, I’m happy to hold.

There’s likely going to be some froth over the next little bit, but I think they’ve get a pretty good shot at being involved in the Tesla Mining project; even if they’re not, the approval of the mine and beginning construction on the project should provide some good PR and keep the stock on a profitable trajectory.

Best of luck you beautiful bastards

Holding shares

Also, 4/16, 2021 15C",11,7,https://www.reddit.com/r/wallstreetbets/comments/iy4zdh/hope_for_lac_a_post_battery_day_review/,Tesla Battery Day,"Hope for LAC, a post Battery Day Review Given some of the disappointment in TSLA's battery day, and the lack of mentioning the magic letters of VALE or LAC, I thought I'd write up some further due diligence I dug up on LAC. I still think it's got a lot of promise, but I may be biased as I loaded up on it over the past few weeks.

Thacker Pass Project

First production Expectation Q3 – 2022 (LAC Website)

Q1 – 2023 is also a possibility as the a record of decision by the environmental authorities must be issues by February 5th, after which LAC has said they’ll begin a 2 year construction phase ([https://sierranevadaally.org/2020/08/28/thacker-pass-lithium-mine-draft-environmental-impact-statement-reaction/](https://sierranevadaally.org/2020/08/28/thacker-pass-lithium-mine-draft-environmental-impact-statement-reaction/))

Size: “The current exploration plan boundary encompasses approximately 3,550 acres. The project would involve expanding the plan boundary to approximately 18,000 acres, with an ultimate disturbance footprint of approximately 5,700 acres.” – Bureau of Land Management ([https://www.blm.gov/press-release/bureau-land-management-seeks-public-input-proposed-lithium-nevada-corporation-thacker](https://www.blm.gov/press-release/bureau-land-management-seeks-public-input-proposed-lithium-nevada-corporation-thacker))

This meets Elon’s comments about having permits to a mining site that is over 10,000 acres / the expansion may be a part of an agreement that allow the mining rights to his 10,000 acres.

[https://sierranevadaally.org/2020/08/28/thacker-pass-lithium-mine-draft-environmental-impact-statement-reaction/](https://sierranevadaally.org/2020/08/28/thacker-pass-lithium-mine-draft-environmental-impact-statement-reaction/)

This article is the most interesting one that talks bout the Environmental statement reaction (Same article referenced in the first production expectation section). The draft environmental impact statement was published July 29th and the public comment period ended on September 11th, 2020.

Article says they spent the last couple of years creating processing method using sulfuric acid. Sulphuric acid has been used for hard rock extraction for decades, but this is a new way for sedimentary clay. They said the excess acidity is neutralized to produce gypsum and Epsom salt as by products.  *Note, the Tesla battery day made a point of saying that they had a way that was sulphate free in* ***processing*** *lithium, with doesn’t seem to be in line with the above, unless it is to be updated/released later; It’s also possible the I’m misunderstanding this as my mining / chemical knowledge is limited*

The proect is proposed to be a carbon-neutral mine operation; this seems in line with Tesla’s goals. The CEO, Alexi Zawadzki, made appoint of saying “Once the lithium is dissolved, it can be concentrated and purified to produce high-quality lithium compounds for batteries. Any excess acidity is neutralized to produce calcium sulfate (gypsum, also known as the main material in wall-board) and magnesium sulfate (Epsom salt)”

The article also said that an open pit is proposed with the remediation objective of back filling the hole; Elon made a big point his presentation that their mine would be putting the soil back into the land to return it to it’s natural state (aka remediate).

Finally: ““LNC is evaluating financing options to build the Thacker Pass mine including a partner in the Thacker Pass project. Current regulations restrict certain countries, including China, from owning strategic minerals deposits in the USA and the Company will fully abide by these laws.”

After all of the above, given Musk’s comment’s about Tesla itself obtaining Mining Rights and getting into the mining game, there is some speculation that Tesla could consider buying the mine from LAC (before and after the battery day)

[https://cleantechnica.com/2020/06/27/tesla-terafactories-lithium-securing-the-supply-chain/](https://cleantechnica.com/2020/06/27/tesla-terafactories-lithium-securing-the-supply-chain/)

[https://youtu.be/C6cXu1Ln6rk?t=227](https://youtu.be/C6cXu1Ln6rk?t=227)

At this point, it’s a gamble (like everything here), but I’m holding my position. Given the above, and the fact that Ganfeng Lithium (TSLA’s current Lithium provider – see more details and DD @ [https://www.reddit.com/r/wallstreetbets/comments/iss0ez/how\_to\_get\_big\_tendies\_off\_tsla\_battery\_day/](https://www.reddit.com/r/wallstreetbets/comments/iss0ez/how_to_get_big_tendies_off_tsla_battery_day/) ) is the biggest owner at 16.55%, I’m happy to hold.

There’s likely going to be some froth over the next little bit, but I think they’ve get a pretty good shot at being involved in the Tesla Mining project; even if they’re not, the approval of the mine and beginning construction on the project should provide some good PR and keep the stock on a profitable trajectory.

Best of luck you beautiful bastards

Holding shares

Also, 4/16, 2021 15C"
TSLA_012,iy5383,wallstreetbets,2020-09-23 06:39:54,IMPORTANT MESSAGE FOR VALE BAG HOLDERS," 

Alright fuck it I’m saying it, everyone knows the stock market is fake and gay and there's still ZERO reason for Vale to not go to mars. Those of you who have been paying attention to EV battery supply and the direction it needs to go understand this. The same people have also most likely been noticing Vale's stock price get held down since 9/17 for no reason. If we don't see a pre market run up then maybe I can accept the fact that I've officially lost it but the good news is I’m not allowed to touch my contracts till I know if I’m fucked or not so you might as well hear me out. 

Here’s my positions off rip to validate the logic.

&#x200B;

https://preview.redd.it/xc2qiwv56uo51.png?width=1080&format=png&auto=webp&s=f74cf6fb5f028afce6f2eb84f9fe59caf599fd34

&#x200B;

https://preview.redd.it/phag9ngf6uo51.png?width=1080&format=png&auto=webp&s=64e6590287c8a958ee2ae820c9d2440039b913c9

Notice I own two random shit stocks, well that’s because I got my boss to sign up with my robinhood link so that he could buy $VALE for some of these sweet tendies. Too bad RH wouldn’t let me sell the stocks or else I could have afforded another $0.05 contract. Anyway..

If you haven’t done any of your own research into Vale and its connections to Tesla as well as Elon's specific remarks about them, I’d recommend actually taking the time to read the original DD linked [here](https://www.reddit.com/r/wallstreetbets/comments/iuk3h0/wanna_play_tsla_but_no_money_vale/) courtesy of the legend u/ExtraEgg blessed us with.

But because I know most of you lazy bears won't read all that I'll just share the most must read article [here](https://www.reuters.com/article/us-tesla-nickel/please-mine-more-nickel-musk-urges-as-tesla-boosts-production-idUSKCN24O0RV). Just read the title of the article and scroll down to wear it says, ""Vale is in the box seat"" for all you need to know I guess.

For some reason nobody cared to do any research on this themselves, so let’s continue as to why I think this stock is still going to moon tomorrow. Like I mentioned earlier, if you’ve been paying attention to Vale for just five whole days, you would notice it getting held down further and further. Take a couple seconds to ask why? If you understand how big the demand is going to be for nickel and manganese then why the fuck would the WORLDS BIGGEST PRODUCER OF NICKEL go down in value? Hmm.. weird right?

(bear with me here Vale bears cause I know your smooth brains might find this shocking)

Guess who has all their fucking money in calls for vale right now? THE FUCKING B/MILLIONAIRES THAT HAVE THE POWER TO HOLD THIS SHIT DOWN. Like hello??? There’s so many reasons for this stock to have AT LEAST had a run up for battery day, yet for some reason it just tanks for days? Not just for days, but still dump after such a highly anticipated event that blatantly showed the importance of producing nickel. So what? I should believe this was a sell the hype sell the news type of stock? Oh and let’s not forget that while this shit is tanking for days, call volume is through the fucking roof for Vale. Not just in the regular markets but also deep pool markets according to a 22 year old kid on adderall in his mother’s basement that’s gone down the same rabbit hole as me. 

There is just simply way too many reasons to not be long on this stock, if you don’t want to do your own research to understand why then you don’t deserve the tendies. 

The next part of this post is going to have to cover why I randomly decided to waste my whole tuesday night writing this shit. So the inspiration for this post has to go out to my dad. I had been sharing my enthusiasm about Vale with him all week, so you can imagine the let down. It was a shame we did not get to see Elon Musk awkwardly run onto the stage wearing chains made out of nickel while “Battery” by Metallica bumps in the background. So you can understand his bearish vibes.

Yet after I was remaining bullish despite vale’s dump after hours that suspiciously recovered quickly my dad messaged me [this link](https://www.proactiveinvestors.com.au/companies/news/929704/which-miners-could-benefit-from-teslas-battery-day-tomorrow-929704.html) to an article saying. “A lot of things mentioned in this. 🙄”

Peep the eye roll emoji, he’s implying that this is bearish for Vale. But why? Well, is it not obvious? At the beginning of the article it clearly states that, “Tesla signed a major deal with Glencore (GLEN) this summer, securing its immediate cobalt needs”. Oh no that’s it boys pack it up Vale is TOAST, Tesla signed a deal with Glencore why invest in another mining company? Well you silly bears, let’s keep in mind that cobalt is known as the blood diamond of EV battery metals. Glencore has its main mines in the Democratic Republic of Congo, which is sketchy as fuck cause they don’t regulate things over there. Remember how the first whole fucking hour of battery day Papa Musk was rambling about how they want to go about production more ethically? 

Side note, even the bears will point this out without realizing why they're playing themselves. This is where people seem to have the most doubt about Vale, because they think Elon would never invest in a mining company that has had previous accidents or scandals. 

Exhibit A:

&#x200B;

https://preview.redd.it/3ydzw6o89uo51.png?width=2048&format=png&auto=webp&s=80cd3bb282e979064d8509990df68260828a9200

Although there is some truth here, it is not nearly that dramatic. Vale's most recent ""disaster"" was in January of 2019, and is only the second to happen to Vale over four years. Vale has since made significant steps into making sure their mining habits are as safe as possible. The fact is almost every mining company, especially ones that mine cobalt, are going to come with risks of accidents happening. Is Vale perfect? Not at all but it's closer than most if not all of its competitors while also producing the largest amounts of what Elon needs.

So, let’s go back to the question of how to make battery production ramp up more ethically. Well, conveniently enough, removing cobalt from EV batteries all together seems like the best solution, which we learned from today's battery day. Therefore we don’t have to risk mining sketchy ass cobalt in the fucking Congo. Elon knows how dangerous it is to mine cobalt and the need to stay away from it, he also knows that moving out of cobalt is going to make the other components that make up EV batteries that much more valuable. What other metals you might ask? Well if you watched battery day you would know that nickel is the most important metal when it comes to scaling the production of EV batteries. Again, the world’s largest producer of nickel is Vale! Where is Vale located? Brazil. Guess who wants to increase trading relations with the United States? President of Brazl Jair Bolsonaro. GUESS WHO MET WITH BOLSONARO IN BRAZIL IN MARCH. Fucking Musk did, am I sounding like a conspiracy theorist yet? Check [this link](https://www.tesmanian.com/blogs/tesmanian-blog/tesla-ceo-elon-musk-will-come-to-brazil-to-talk-about-the-plant-in-the-country) for clarity. It even has great implications for Musk's plans on using solar to help with his goal.

Not QAnon level crazy enough to want to buy in? Look at Elon's recent tweets about battery day. He has used the word ""unveil"" twice. The more recent of the tweets where he stated, ""Important note about Tesla Battery Day **unveil** tomorrow. This affects long-term production, especially Semi, Cybertruck & Roadster, but what we announce will not reach serious high-volume production until 2022."" Elon isn't an idiot, he would not have tweeted this knowing it would crash his own stock without giving his investors an out. That out is right there in the tweet, IN VALE.

Still not convinced? I found a penny face up right outside the door to my car as I was about to go to the bank to deposit some cash for more Vale calls. Then as I was playing Metallica's Battery at a red stop light I SHIT YOU NOT A TESLA ROLLED UP BEHIND ME. There's no such thing as coincidences since we live in a simulation so this is obviously phenomenal news.

But hey I’m just a dude on the internet. If you bears want to keep ignoring the facts surrounding why this company will absolutely sky rocket tomorrow and don’t see that this has clearly been getting held down by the big boys then you don’t deserve the tendies. 

Wish I had more money in my account to blow up for you guys but I'll be posting the gain or loss porn tomorrow with my thoughts. 

God speed Vale Gang.",33,54,https://www.reddit.com/r/wallstreetbets/comments/iy5383/important_message_for_vale_bag_holders/,Tesla Battery Day,"IMPORTANT MESSAGE FOR VALE BAG HOLDERS  

Alright fuck it I’m saying it, everyone knows the stock market is fake and gay and there's still ZERO reason for Vale to not go to mars. Those of you who have been paying attention to EV battery supply and the direction it needs to go understand this. The same people have also most likely been noticing Vale's stock price get held down since 9/17 for no reason. If we don't see a pre market run up then maybe I can accept the fact that I've officially lost it but the good news is I’m not allowed to touch my contracts till I know if I’m fucked or not so you might as well hear me out. 

Here’s my positions off rip to validate the logic.

&#x200B;

https://preview.redd.it/xc2qiwv56uo51.png?width=1080&format=png&auto=webp&s=f74cf6fb5f028afce6f2eb84f9fe59caf599fd34

&#x200B;

https://preview.redd.it/phag9ngf6uo51.png?width=1080&format=png&auto=webp&s=64e6590287c8a958ee2ae820c9d2440039b913c9

Notice I own two random shit stocks, well that’s because I got my boss to sign up with my robinhood link so that he could buy $VALE for some of these sweet tendies. Too bad RH wouldn’t let me sell the stocks or else I could have afforded another $0.05 contract. Anyway..

If you haven’t done any of your own research into Vale and its connections to Tesla as well as Elon's specific remarks about them, I’d recommend actually taking the time to read the original DD linked [here](https://www.reddit.com/r/wallstreetbets/comments/iuk3h0/wanna_play_tsla_but_no_money_vale/) courtesy of the legend u/ExtraEgg blessed us with.

But because I know most of you lazy bears won't read all that I'll just share the most must read article [here](https://www.reuters.com/article/us-tesla-nickel/please-mine-more-nickel-musk-urges-as-tesla-boosts-production-idUSKCN24O0RV). Just read the title of the article and scroll down to wear it says, ""Vale is in the box seat"" for all you need to know I guess.

For some reason nobody cared to do any research on this themselves, so let’s continue as to why I think this stock is still going to moon tomorrow. Like I mentioned earlier, if you’ve been paying attention to Vale for just five whole days, you would notice it getting held down further and further. Take a couple seconds to ask why? If you understand how big the demand is going to be for nickel and manganese then why the fuck would the WORLDS BIGGEST PRODUCER OF NICKEL go down in value? Hmm.. weird right?

(bear with me here Vale bears cause I know your smooth brains might find this shocking)

Guess who has all their fucking money in calls for vale right now? THE FUCKING B/MILLIONAIRES THAT HAVE THE POWER TO HOLD THIS SHIT DOWN. Like hello??? There’s so many reasons for this stock to have AT LEAST had a run up for battery day, yet for some reason it just tanks for days? Not just for days, but still dump after such a highly anticipated event that blatantly showed the importance of producing nickel. So what? I should believe this was a sell the hype sell the news type of stock? Oh and let’s not forget that while this shit is tanking for days, call volume is through the fucking roof for Vale. Not just in the regular markets but also deep pool markets according to a 22 year old kid on adderall in his mother’s basement that’s gone down the same rabbit hole as me. 

There is just simply way too many reasons to not be long on this stock, if you don’t want to do your own research to understand why then you don’t deserve the tendies. 

The next part of this post is going to have to cover why I randomly decided to waste my whole tuesday night writing this shit. So the inspiration for this post has to go out to my dad. I had been sharing my enthusiasm about Vale with him all week, so you can imagine the let down. It was a shame we did not get to see Elon Musk awkwardly run onto the stage wearing chains made out of nickel while “Battery” by Metallica bumps in the background. So you can understand his bearish vibes.

Yet after I was remaining bullish despite vale’s dump after hours that suspiciously recovered quickly my dad messaged me [this link](https://www.proactiveinvestors.com.au/companies/news/929704/which-miners-could-benefit-from-teslas-battery-day-tomorrow-929704.html) to an article saying. “A lot of things mentioned in this. 🙄”

Peep the eye roll emoji, he’s implying that this is bearish for Vale. But why? Well, is it not obvious? At the beginning of the article it clearly states that, “Tesla signed a major deal with Glencore (GLEN) this summer, securing its immediate cobalt needs”. Oh no that’s it boys pack it up Vale is TOAST, Tesla signed a deal with Glencore why invest in another mining company? Well you silly bears, let’s keep in mind that cobalt is known as the blood diamond of EV battery metals. Glencore has its main mines in the Democratic Republic of Congo, which is sketchy as fuck cause they don’t regulate things over there. Remember how the first whole fucking hour of battery day Papa Musk was rambling about how they want to go about production more ethically? 

Side note, even the bears will point this out without realizing why they're playing themselves. This is where people seem to have the most doubt about Vale, because they think Elon would never invest in a mining company that has had previous accidents or scandals. 

Exhibit A:

&#x200B;

https://preview.redd.it/3ydzw6o89uo51.png?width=2048&format=png&auto=webp&s=80cd3bb282e979064d8509990df68260828a9200

Although there is some truth here, it is not nearly that dramatic. Vale's most recent ""disaster"" was in January of 2019, and is only the second to happen to Vale over four years. Vale has since made significant steps into making sure their mining habits are as safe as possible. The fact is almost every mining company, especially ones that mine cobalt, are going to come with risks of accidents happening. Is Vale perfect? Not at all but it's closer than most if not all of its competitors while also producing the largest amounts of what Elon needs.

So, let’s go back to the question of how to make battery production ramp up more ethically. Well, conveniently enough, removing cobalt from EV batteries all together seems like the best solution, which we learned from today's battery day. Therefore we don’t have to risk mining sketchy ass cobalt in the fucking Congo. Elon knows how dangerous it is to mine cobalt and the need to stay away from it, he also knows that moving out of cobalt is going to make the other components that make up EV batteries that much more valuable. What other metals you might ask? Well if you watched battery day you would know that nickel is the most important metal when it comes to scaling the production of EV batteries. Again, the world’s largest producer of nickel is Vale! Where is Vale located? Brazil. Guess who wants to increase trading relations with the United States? President of Brazl Jair Bolsonaro. GUESS WHO MET WITH BOLSONARO IN BRAZIL IN MARCH. Fucking Musk did, am I sounding like a conspiracy theorist yet? Check [this link](https://www.tesmanian.com/blogs/tesmanian-blog/tesla-ceo-elon-musk-will-come-to-brazil-to-talk-about-the-plant-in-the-country) for clarity. It even has great implications for Musk's plans on using solar to help with his goal.

Not QAnon level crazy enough to want to buy in? Look at Elon's recent tweets about battery day. He has used the word ""unveil"" twice. The more recent of the tweets where he stated, ""Important note about Tesla Battery Day **unveil** tomorrow. This affects long-term production, especially Semi, Cybertruck & Roadster, but what we announce will not reach serious high-volume production until 2022."" Elon isn't an idiot, he would not have tweeted this knowing it would crash his own stock without giving his investors an out. That out is right there in the tweet, IN VALE.

Still not convinced? I found a penny face up right outside the door to my car as I was about to go to the bank to deposit some cash for more Vale calls. Then as I was playing Metallica's Battery at a red stop light I SHIT YOU NOT A TESLA ROLLED UP BEHIND ME. There's no such thing as coincidences since we live in a simulation so this is obviously phenomenal news.

But hey I’m just a dude on the internet. If you bears want to keep ignoring the facts surrounding why this company will absolutely sky rocket tomorrow and don’t see that this has clearly been getting held down by the big boys then you don’t deserve the tendies. 

Wish I had more money in my account to blow up for you guys but I'll be posting the gain or loss porn tomorrow with my thoughts. 

God speed Vale Gang."
TSLA_012,iy580n,wallstreetbets,2020-09-23 06:51:50,Tesla just took Uber and Lyft’s valuations,"when papa elon talked about fully autodriving robotaxis for 18 hrs a day he gave the middle finger to uber and lyft. Tesla is going to take over uber and lyfts valuations without the hassle of w2 or w9 employees. As a matter of fact, more people will buy $25k teslas to whore them out as robotaxis when they are not driving them. 

If thats not enough for you fucksticks then on top of that the semi truck industry is a $700 billion industry. Self driving and no gas costs all the while running 24/7?? Holy shit

If you were not sure of teslas valuation before battery day shit just got real. I have 800+ shares and lost over 40k in AH alone. At first i felt like i had an eggplant shoved up my ass but after actually using my head to think instead of my shriveled nuts to react i realized the battery day event was the greatest event to happen for tesla longs yet. 

So for those who lost on the short like I did, wipe off the load of cum that the battery day just shot in your eye and pick yourself back up. We are in the middle of a complete paradigm shift and revolution in “laptop on wheels” as papa elon put it. 

Tesla is now: Cars / tech / renewable energy / 100% recyclable batteries / owning the vertical production line / robo semi-truck / robotaxi / nickel mining / 5-8 yrs ahead of competition",25,26,https://www.reddit.com/r/wallstreetbets/comments/iy580n/tesla_just_took_uber_and_lyfts_valuations/,Tesla Battery Day,"Tesla just took Uber and Lyft’s valuations when papa elon talked about fully autodriving robotaxis for 18 hrs a day he gave the middle finger to uber and lyft. Tesla is going to take over uber and lyfts valuations without the hassle of w2 or w9 employees. As a matter of fact, more people will buy $25k teslas to whore them out as robotaxis when they are not driving them. 

If thats not enough for you fucksticks then on top of that the semi truck industry is a $700 billion industry. Self driving and no gas costs all the while running 24/7?? Holy shit

If you were not sure of teslas valuation before battery day shit just got real. I have 800+ shares and lost over 40k in AH alone. At first i felt like i had an eggplant shoved up my ass but after actually using my head to think instead of my shriveled nuts to react i realized the battery day event was the greatest event to happen for tesla longs yet. 

So for those who lost on the short like I did, wipe off the load of cum that the battery day just shot in your eye and pick yourself back up. We are in the middle of a complete paradigm shift and revolution in “laptop on wheels” as papa elon put it. 

Tesla is now: Cars / tech / renewable energy / 100% recyclable batteries / owning the vertical production line / robo semi-truck / robotaxi / nickel mining / 5-8 yrs ahead of competition"
TSLA_012,iy64p4,wallstreetbets,2020-09-23 08:15:27,Tesla’s battery day takeaway,,0,15,https://www.reddit.com/r/wallstreetbets/comments/iy64p4/teslas_battery_day_takeaway/,Tesla Battery Day,Tesla’s battery day takeaway
TSLA_012,iy66gx,wallstreetbets,2020-09-23 08:19:54,Tesla Battery Day,,1,0,https://i.redd.it/xpfuyj7twuo51.jpg,Tesla Battery Day,Tesla Battery Day
TSLA_012,iy8wku,wallstreetbets,2020-09-23 12:13:39,Everyone sitting in their Tesla at Battery day announcement,,1,0,https://i.redd.it/pq4i9vaf2wo51.jpg,Tesla Battery Day,Everyone sitting in their Tesla at Battery day announcement
TSLA_012,iyawmj,wallstreetbets,2020-09-23 14:13:39,Announcement coming up for NIO,"I came across the interesting article for NIO. They’re about to release a new faster charging system. Here’s the article below. What do you think?



Chinese EV Maker Nio To Announce New Rapid Charging Service Friday
Close on the heels of bigger rival Tesla Inc (NASDAQ: TSLA) announcing breakthrough developments at its Battery Day, Chinese EV maker Nio Inc – ADR (NYSE:
 · 9/23/2020, 8:15:06 AM
Close on the heels of bigger rival Tesla Inc (NASDAQ:TSLA) announcing breakthrough developments at its Battery Day, Chinese EV maker Nio Inc – ADR (NYSE:NIO) is gearing up for unveiling product enhancements this Friday.

Nio's Charging: Nio will announce at the forthcoming Beijing International Automotive Exhibition 2020 an upgrade plan for its destination rapid charge service, a company spokesperson confirmed to Benzinga.

More details will be released during the press conference scheduled between 9:40 a.m. and 10 a.m. Beijing time, Saturday, the spokesperson said.

This service is part of Nio's Battery-as-a-Service offering the company announced in late August, TheTradable.com reported, citing a company statement through its WeChat account.

""The strategy is being built to further enhance the simplicity of the NIO energy system and enable all electricity consumers to enhance their charging experience, Nio said.

Upgrade to OS: Nio is also expected to announce its navigating function Navigate on Pilot, or NOP, the National Business Daily reported. The NOP feature is an aid for drivers to cruise through scheduled routes. Additionally, the company will announce an upgraded operating system – Nio OS 2.7.0.

Nio closed Tuesday's session at $19.23, up 2.23%",28,13,https://www.reddit.com/r/wallstreetbets/comments/iyawmj/announcement_coming_up_for_nio/,Tesla Battery Day,"Announcement coming up for NIO I came across the interesting article for NIO. They’re about to release a new faster charging system. Here’s the article below. What do you think?



Chinese EV Maker Nio To Announce New Rapid Charging Service Friday
Close on the heels of bigger rival Tesla Inc (NASDAQ: TSLA) announcing breakthrough developments at its Battery Day, Chinese EV maker Nio Inc – ADR (NYSE:
 · 9/23/2020, 8:15:06 AM
Close on the heels of bigger rival Tesla Inc (NASDAQ:TSLA) announcing breakthrough developments at its Battery Day, Chinese EV maker Nio Inc – ADR (NYSE:NIO) is gearing up for unveiling product enhancements this Friday.

Nio's Charging: Nio will announce at the forthcoming Beijing International Automotive Exhibition 2020 an upgrade plan for its destination rapid charge service, a company spokesperson confirmed to Benzinga.

More details will be released during the press conference scheduled between 9:40 a.m. and 10 a.m. Beijing time, Saturday, the spokesperson said.

This service is part of Nio's Battery-as-a-Service offering the company announced in late August, TheTradable.com reported, citing a company statement through its WeChat account.

""The strategy is being built to further enhance the simplicity of the NIO energy system and enable all electricity consumers to enhance their charging experience, Nio said.

Upgrade to OS: Nio is also expected to announce its navigating function Navigate on Pilot, or NOP, the National Business Daily reported. The NOP feature is an aid for drivers to cruise through scheduled routes. Additionally, the company will announce an upgraded operating system – Nio OS 2.7.0.

Nio closed Tuesday's session at $19.23, up 2.23%"
TSLA_012,iyd1fw,wallstreetbets,2020-09-23 16:07:43,The day Elon Musk gave a realistic timeline,"It's 4AM, Elon's head pops off the pillow ""I forgot about Battery Day...""

Elon jumps out of bed and quickly checks on X-AEF32, sound asleep in his cryo-mars prep-cocoon. ""Sleep tight my little God-Emperor"" he whispers.

Hurriedly he looks around the room for his Neuralink beta-test rig, and remembers it's embedded deep in his frontal lobe.

""Enter second level of sim""

A man's voice answers sounding just different enough from Paul Bettany to be litigiously meaningful ""Good morning, sir. Passphrase please""

""Order of magnitude""

Elon sinks in. Thousands of bookshelves whiz by. He researches cathode and anode technologies from first principles. He has his daily chat with (ai)James Clerk Maxwell. Identifies the mistakes made in the industrialization processes of batteries to this point in history and pin points the manufacturing synergies that Tesla has in place to solve the problem. Weeks and weeks go by and then all of a sudden he has done it. Elon takes a step back, combs through his wispy beard and whispers ""step change"".

""return to first level sim""

He looks at the clock 4:15AM. Plenty of time to go over his presentation notes. He sees the bullet point marked ""timeline"", and Elon as he has done so many times before begins writing ""beta in months, meaningful production by end of year"". X-B52 coos gently from his cocoon and Elon stays his hand.

He ponders ""What if this time was different? They are not children prepping for Mars colonization. They are fully grown adults who can handle the reality, that difficult engineering of a planet saving technology will take time to build"" He writes ""3 years"".

......

It's 4AM. Jimmy Bets head pops off the pillow ""I forgot about Battery Day...""

Jimmy rolls over to check on his wife's boyfriend, he is sleeping soundly. ""Sleep tight my little God-Emperor"" he whispers.

Jimmy opens his phone and googles Battery Day. He finds just the article he is looking for ""blah blah Battery Day blah Elon"". He begins veraciously skimming ""blah blah Elon blah cathode blah 3 years blah..........3 YEARS, wtf, 3 YEARS, MY CALLS EXPIRE FRIDAY. Elon is a cuck""

The end",1677,67,https://www.reddit.com/r/wallstreetbets/comments/iyd1fw/the_day_elon_musk_gave_a_realistic_timeline/,Tesla Battery Day,"The day Elon Musk gave a realistic timeline It's 4AM, Elon's head pops off the pillow ""I forgot about Battery Day...""

Elon jumps out of bed and quickly checks on X-AEF32, sound asleep in his cryo-mars prep-cocoon. ""Sleep tight my little God-Emperor"" he whispers.

Hurriedly he looks around the room for his Neuralink beta-test rig, and remembers it's embedded deep in his frontal lobe.

""Enter second level of sim""

A man's voice answers sounding just different enough from Paul Bettany to be litigiously meaningful ""Good morning, sir. Passphrase please""

""Order of magnitude""

Elon sinks in. Thousands of bookshelves whiz by. He researches cathode and anode technologies from first principles. He has his daily chat with (ai)James Clerk Maxwell. Identifies the mistakes made in the industrialization processes of batteries to this point in history and pin points the manufacturing synergies that Tesla has in place to solve the problem. Weeks and weeks go by and then all of a sudden he has done it. Elon takes a step back, combs through his wispy beard and whispers ""step change"".

""return to first level sim""

He looks at the clock 4:15AM. Plenty of time to go over his presentation notes. He sees the bullet point marked ""timeline"", and Elon as he has done so many times before begins writing ""beta in months, meaningful production by end of year"". X-B52 coos gently from his cocoon and Elon stays his hand.

He ponders ""What if this time was different? They are not children prepping for Mars colonization. They are fully grown adults who can handle the reality, that difficult engineering of a planet saving technology will take time to build"" He writes ""3 years"".

......

It's 4AM. Jimmy Bets head pops off the pillow ""I forgot about Battery Day...""

Jimmy rolls over to check on his wife's boyfriend, he is sleeping soundly. ""Sleep tight my little God-Emperor"" he whispers.

Jimmy opens his phone and googles Battery Day. He finds just the article he is looking for ""blah blah Battery Day blah Elon"". He begins veraciously skimming ""blah blah Elon blah cathode blah 3 years blah..........3 YEARS, wtf, 3 YEARS, MY CALLS EXPIRE FRIDAY. Elon is a cuck""

The end"
TSLA_012,iyddi3,wallstreetbets,2020-09-23 16:24:38,"How are this TSLA calls today, shitbags?","Did Daddy Elon [JimJones 2.0] promise you a VIP trip to Disney World on a private jet for your battery day? But he end up driving you to Disney Land in his ugly broken down Tesla and sell you to a pimp in the filthy Anaheim motel room to pay for your tickets? You autists understand what “opportunity costs” are? Three years! Ha. Sell, you cultists or choke on the Kool Aid! Muuuuuuuahagaaaajfydhdyfufjydyedy!

400p Jan 2021",28,10,https://www.reddit.com/r/wallstreetbets/comments/iyddi3/how_are_this_tsla_calls_today_shitbags/,Tesla Battery Day,"How are this TSLA calls today, shitbags? Did Daddy Elon [JimJones 2.0] promise you a VIP trip to Disney World on a private jet for your battery day? But he end up driving you to Disney Land in his ugly broken down Tesla and sell you to a pimp in the filthy Anaheim motel room to pay for your tickets? You autists understand what “opportunity costs” are? Three years! Ha. Sell, you cultists or choke on the Kool Aid! Muuuuuuuahagaaaajfydhdyfufjydyedy!

400p Jan 2021"
TSLA_012,iydrbu,wallstreetbets,2020-09-23 16:43:24,Do u think Elon should just STFU and only announce products when ready for deployment?,"When you think about it, why is it so important to announce battery day now? The things discussed are just intangible assets right now.
Deals with miners could have been made in closed doors discussion.


The only worthy news may be the plaid model S.


It's like Steve cook announcing an iphone 10 years earlier before it's ready. Why can't Tesla hunker down and concentrate on getting the battery production ready ? I think the stock wouldn't take as much a beating if they announce right before Semi/Truck launch with the new batts as a 'one more thing'.


Maybe it will affect the stock negatively if there's an extended dry spell of new innovation news, but fuck it. It's gonna go down anyway even with the battery news. So it's gonna go down either way.


I just wish Tesla could keep quiet and only announce for ready products. They just don't learn. The other example is Solar Roof announcement. The stock tanked after that too.",3,28,https://www.reddit.com/r/wallstreetbets/comments/iydrbu/do_u_think_elon_should_just_stfu_and_only/,Tesla Battery Day,"Do u think Elon should just STFU and only announce products when ready for deployment? When you think about it, why is it so important to announce battery day now? The things discussed are just intangible assets right now.
Deals with miners could have been made in closed doors discussion.


The only worthy news may be the plaid model S.


It's like Steve cook announcing an iphone 10 years earlier before it's ready. Why can't Tesla hunker down and concentrate on getting the battery production ready ? I think the stock wouldn't take as much a beating if they announce right before Semi/Truck launch with the new batts as a 'one more thing'.


Maybe it will affect the stock negatively if there's an extended dry spell of new innovation news, but fuck it. It's gonna go down anyway even with the battery news. So it's gonna go down either way.


I just wish Tesla could keep quiet and only announce for ready products. They just don't learn. The other example is Solar Roof announcement. The stock tanked after that too."
TSLA_012,iye53u,wallstreetbets,2020-09-23 17:02:22,Everyone is talking about Tesla Battery day but I’m over here like 💰💰😩,,13,44,https://i.redd.it/nkb3hu29ixo51.jpg,Tesla Battery Day,Everyone is talking about Tesla Battery day but I’m over here like 💰💰😩
TSLA_012,iygd16,wallstreetbets,2020-09-23 18:50:35,twitter is going inverse to tesla,while tesla is goes down twitter goes up by almost the same ratio when elon made the the tweet before battery day tesla went down and twitter went up in the after market hours between 21 and 22 then after battery day telsa went down even more in the after market hours between 22 and 23 and twitter went up even more all this because of elon. twitter market is responding after tesla which means we can see a bit in the future of twitter just by looking at tesla,3,1,https://www.reddit.com/r/wallstreetbets/comments/iygd16/twitter_is_going_inverse_to_tesla/,Tesla Battery Day,twitter is going inverse to tesla while tesla is goes down twitter goes up by almost the same ratio when elon made the the tweet before battery day tesla went down and twitter went up in the after market hours between 21 and 22 then after battery day telsa went down even more in the after market hours between 22 and 23 and twitter went up even more all this because of elon. twitter market is responding after tesla which means we can see a bit in the future of twitter just by looking at tesla
TSLA_012,iyiau7,wallstreetbets,2020-09-23 20:24:25,Tesla stocks after battery day,,1,0,https://v.redd.it/lsjsq7pzhyo51,Tesla Battery Day,Tesla stocks after battery day
TSLA_012,iyizg3,wallstreetbets,2020-09-23 20:58:17,"Market and Options Summary for September 23, 2020 -","## Daily Synopsis

* The S&P 500 declined by -2.32% today while the NASDaq weakened by (-3.1%). The Russell 2000 showing weakness at (-3.35%). The Dow ended in negative territory at (-1.92%)
* All sectors ended in negative territory today. The best performing sector was Health Care(-1.03%) while Energy(-4.52%)was the worst performer.
* An initial weakness in the mega-cap stocks, however, gradually spilled over to the broader market, and the negative price action appeared to reinforce the idea that the market's recent pullback may not yet have run its course. The CBOE Volatility Index increased 6.4% to 28.58, which was a relatively modest gain.
* Losses steepened in the afternoon without much interest to buy the dip. Shares of Apple (AAPL 107.12, -4.69, -4.2%) fell 4% while Tesla (TSLA 380.36, -43.87, -10.3%) fell 10% post-Battery Day. On a related note, UBS resumed coverage on Apple with a Neutral rating, versus a prior Buy rating.
* Separately, the House passed a government funding bill through Dec. 11 that the Senate is expected to pass later this week. Notwithstanding this piece of good news, general uncertainty surrounding the election, the coronavirus, and the economy likely increased the cash appeal.
* U.S. Treasuries, as previously mentioned, finished near their flat lines. The 2-yr yield was unchanged at 0.13%, and the 10-yr yield increased one basis point to 0.68%. WTI crude futures gained 1.0%, or $0.39, to $39.94/bbl but retraced those gains after the settlement time.

## Index Summary

**S&P 500 :** (-2.32%);  **NasDaq :** (-3.1%);**Russell 2000 :**(-3.35%);  **Dow :**(-1.92%);\*\*Vix :\*\*26.86 (+6.4%); \[+9.75%\]; {-3.8%}

## Sectors Summary

*Three highest sectors for today were -***Health Care:** (-1.03%); **Consumer Staples:** (-1.5%); **Utilities:** (-1.53%)*Three lowest sectors for today were -***Energy:** (-4.52%); **Information Technology:** (-3.12%); **Materials:** (-2.94%)

## Commodities/Futures

(1-day %), \[5-day %\], {10-day %}

***Currency -***\*\*USD Index :\*\*94.018 (+0.46%); \[+1.62%\]; {+1.66%}\*\*BC :\*\*10495 (-2.57%); \[-6.02%\]; {-4.48%}

***Precious Metals -***\*\*Gold :\*\*1907.6 (-2.24%); \[-4.47%\]; {-4.52%}\*\*Silver :\*\*24.523 (-6.56%); \[-15.22%\]; {-15.84%}

***Farming -***\*\*Soybeans :\*\*1019.75 (-0.71%); \[-2.97%\]; {-0.66%}\*\*Corn :\*\*369.25 (-0.2%); \[-2.64%\]; {+3.08%}\*\*Coffee :\*\*110.65 (+0.14%); \[-2.46%\]; {-10.32%}

***Industrials -***\*\*Crude :\*\*39.8 (-0.7%); \[-3.87%\]; {+6.07%}\*\*Nat Gas :\*\*1.834 (+19.52%); \[+7.03%\]; {-5.11%}\*\*Copper :\*\*3.061 (-3.4%); \[-5.03%\]; {-3.57%}

## Options Fast Facts

***CBOE Put/Call Ratio - 0.55Highest Multiple Over Daily Average -*** FTAI with 23x the ADV of 1273. There were 15015 calls and 14483 puts.\*\*\*Ticker with Most Contracts -\*\*\*SLV with 1091088 contracts traded today with an AVD of 516665. There were 772007 calls and 319081 puts.***Largest Put / Call Ratio -*** MTDR with a 85 P/C ratio. There were 37183puts and 435 calls.***Largest Call / Put Ratio -*** NAV with a375 C/P ratio. There were 17236 calls and 46 puts.

\*Stocks must be >$6, Highest Multiple must have >1k ADV, Largest ratios must have an option volume >10k",4,5,https://www.reddit.com/r/wallstreetbets/comments/iyizg3/market_and_options_summary_for_september_23_2020/,Tesla Battery Day,"Market and Options Summary for September 23, 2020 - ## Daily Synopsis

* The S&P 500 declined by -2.32% today while the NASDaq weakened by (-3.1%). The Russell 2000 showing weakness at (-3.35%). The Dow ended in negative territory at (-1.92%)
* All sectors ended in negative territory today. The best performing sector was Health Care(-1.03%) while Energy(-4.52%)was the worst performer.
* An initial weakness in the mega-cap stocks, however, gradually spilled over to the broader market, and the negative price action appeared to reinforce the idea that the market's recent pullback may not yet have run its course. The CBOE Volatility Index increased 6.4% to 28.58, which was a relatively modest gain.
* Losses steepened in the afternoon without much interest to buy the dip. Shares of Apple (AAPL 107.12, -4.69, -4.2%) fell 4% while Tesla (TSLA 380.36, -43.87, -10.3%) fell 10% post-Battery Day. On a related note, UBS resumed coverage on Apple with a Neutral rating, versus a prior Buy rating.
* Separately, the House passed a government funding bill through Dec. 11 that the Senate is expected to pass later this week. Notwithstanding this piece of good news, general uncertainty surrounding the election, the coronavirus, and the economy likely increased the cash appeal.
* U.S. Treasuries, as previously mentioned, finished near their flat lines. The 2-yr yield was unchanged at 0.13%, and the 10-yr yield increased one basis point to 0.68%. WTI crude futures gained 1.0%, or $0.39, to $39.94/bbl but retraced those gains after the settlement time.

## Index Summary

**S&P 500 :** (-2.32%);  **NasDaq :** (-3.1%);**Russell 2000 :**(-3.35%);  **Dow :**(-1.92%);\*\*Vix :\*\*26.86 (+6.4%); \[+9.75%\]; {-3.8%}

## Sectors Summary

*Three highest sectors for today were -***Health Care:** (-1.03%); **Consumer Staples:** (-1.5%); **Utilities:** (-1.53%)*Three lowest sectors for today were -***Energy:** (-4.52%); **Information Technology:** (-3.12%); **Materials:** (-2.94%)

## Commodities/Futures

(1-day %), \[5-day %\], {10-day %}

***Currency -***\*\*USD Index :\*\*94.018 (+0.46%); \[+1.62%\]; {+1.66%}\*\*BC :\*\*10495 (-2.57%); \[-6.02%\]; {-4.48%}

***Precious Metals -***\*\*Gold :\*\*1907.6 (-2.24%); \[-4.47%\]; {-4.52%}\*\*Silver :\*\*24.523 (-6.56%); \[-15.22%\]; {-15.84%}

***Farming -***\*\*Soybeans :\*\*1019.75 (-0.71%); \[-2.97%\]; {-0.66%}\*\*Corn :\*\*369.25 (-0.2%); \[-2.64%\]; {+3.08%}\*\*Coffee :\*\*110.65 (+0.14%); \[-2.46%\]; {-10.32%}

***Industrials -***\*\*Crude :\*\*39.8 (-0.7%); \[-3.87%\]; {+6.07%}\*\*Nat Gas :\*\*1.834 (+19.52%); \[+7.03%\]; {-5.11%}\*\*Copper :\*\*3.061 (-3.4%); \[-5.03%\]; {-3.57%}

## Options Fast Facts

***CBOE Put/Call Ratio - 0.55Highest Multiple Over Daily Average -*** FTAI with 23x the ADV of 1273. There were 15015 calls and 14483 puts.\*\*\*Ticker with Most Contracts -\*\*\*SLV with 1091088 contracts traded today with an AVD of 516665. There were 772007 calls and 319081 puts.***Largest Put / Call Ratio -*** MTDR with a 85 P/C ratio. There were 37183puts and 435 calls.***Largest Call / Put Ratio -*** NAV with a375 C/P ratio. There were 17236 calls and 46 puts.

\*Stocks must be >$6, Highest Multiple must have >1k ADV, Largest ratios must have an option volume >10k"
TSLA_012,iykk8q,wallstreetbets,2020-09-23 22:19:28,Any stock related to anything EV is about to get a run up,"California governor Gavin Newsom just signed off on an executive order to ban the sale of new gasoline vehicles by 2035. This comes after Elon’s presentation about Tesla’s groundbreaking battery technology at the most recent battery day event. Coincidence or a 4D chess move? Hmmm.

Regardless load up on anything and everything EV related. These stonks are about to mooooooon.",34,55,https://www.reddit.com/r/wallstreetbets/comments/iykk8q/any_stock_related_to_anything_ev_is_about_to_get/,Tesla Battery Day,"Any stock related to anything EV is about to get a run up California governor Gavin Newsom just signed off on an executive order to ban the sale of new gasoline vehicles by 2035. This comes after Elon’s presentation about Tesla’s groundbreaking battery technology at the most recent battery day event. Coincidence or a 4D chess move? Hmmm.

Regardless load up on anything and everything EV related. These stonks are about to mooooooon."
TSLA_012,ixmweq,teslamotors,2020-09-22 13:00:19,Pre-Event Megathread: 2020 Annual Meeting of Stockholders and 🔋 Battery Day (1:30PM Pacific Time),"Have fun, speculate, and most importantly, be kind.  We will have a primary event megathread (that will replace this post) 30 minutes before the event start time.  Find your local time [here](https://www.timeanddate.com/worldclock/fixedtime.html?msg=Tesla+Battery+Day&iso=20200922T1330&p1=224).

[Shareholder Meeting Link](https://www.tesla.com/2020shareholdermeeting)

Direct Livestream Link [TBD]

[Live Discord Chat](https://discord.gg/tesla)

Twitter: [@elonmusk](https://twitter.com/elonmusk) |  [@Tesla](https://twitter.com/tesla) | [\#BatteryDay](https://twitter.com/hashtag/BatteryDay?src=hashtag_click)",184,248,https://www.reddit.com/r/teslamotors/comments/ixmweq/preevent_megathread_2020_annual_meeting_of/,Tesla Battery Day,"Pre-Event Megathread: 2020 Annual Meeting of Stockholders and 🔋 Battery Day (1:30PM Pacific Time) Have fun, speculate, and most importantly, be kind.  We will have a primary event megathread (that will replace this post) 30 minutes before the event start time.  Find your local time [here](https://www.timeanddate.com/worldclock/fixedtime.html?msg=Tesla+Battery+Day&iso=20200922T1330&p1=224).

[Shareholder Meeting Link](https://www.tesla.com/2020shareholdermeeting)

Direct Livestream Link [TBD]

[Live Discord Chat](https://discord.gg/tesla)

Twitter: [@elonmusk](https://twitter.com/elonmusk) |  [@Tesla](https://twitter.com/tesla) | [\#BatteryDay](https://twitter.com/hashtag/BatteryDay?src=hashtag_click)"
TSLA_012,ixn6y1,teslamotors,2020-09-22 13:17:32,Elon Musk expected to use Tesla 'Battery Day' to argue for the end of combustion engines,,2,8,https://reut.rs/3008I7b,Tesla Battery Day,Elon Musk expected to use Tesla 'Battery Day' to argue for the end of combustion engines
TSLA_012,ixttuo,teslamotors,2020-09-22 18:59:53,Tesla slashes the price of the Powerpack by 27% on Battery Day,,1,0,https://electrek.co/2020/09/22/tesla-slashes-price-powerpack-battery-day/amp/,Tesla Battery Day,Tesla slashes the price of the Powerpack by 27% on Battery Day
TSLA_012,ix2x81,teslamotors,2020-09-22 20:00:07,2020 Annual Meeting of Stockholders and 🔋 Battery Day Megathread,"This has been a long time coming!!  We're super excited with you.  The event starting time is 1:30 PM Pacific.  Find your local time [here](https://www.timeanddate.com/worldclock/fixedtime.html?msg=Tesla+Battery+Day&iso=20200922T1330&p1=224).

During the event and through tomorrow, we will be manually approving posts in order to reduce the overall number of reposted content.  We will do our due dilligence to ensure new content continues to flow.  Please keep in mind that we are strict on toxicity.  Be kind to your fellow human and have fun.  **Comments sorted by New, so refreshing will bring you the latest!**

[Shareholder Meeting Link](https://www.tesla.com/2020shareholdermeeting) | [Schedule](https://preview.redd.it/4d97g6ivbro51.jpg?width=640&crop=smart&auto=webp&s=1c7ad60dd7789144295e438aea839c369e01aa00)

[YouTube Livestream](https://www.youtube.com/watch?v=l6T9xIeZTds) | [Reddit-Stream Live Comments](https://www.reddit-stream.com/r/teslamotors/comments/ix2x81/2020_annual_meeting_of_stockholders_and_battery/) | [Discord Chat](https://discord.gg/tesla)

Twitter: [@elonmusk](https://twitter.com/elonmusk) |  [@Tesla](https://twitter.com/tesla) | [\#BatteryDay](https://twitter.com/hashtag/BatteryDay?src=hashtag_click)

[3... 2... 1... aaand here... we.... go.](https://media.giphy.com/media/hTDQBdMlPDEeewFFhl/giphy.gif).

**r/TeslaMotors hits 800,000 subscribers!!**

**The Battery Presentation has concluded...**

-	Rewatch [here](https://www.youtube.com/watch?v=l6T9xIeZTds)
-	Slides from the event [here](https://imgur.com/a/UyE5A1u)

-	Print your own STL (3D Printer file) of the 3 cells [here](https://www.reddit.com/r/teslamotors/comments/izpy27/4680_vs_2170_vs_18650_3d_comparison/)",469,3448,https://www.reddit.com/r/teslamotors/comments/ix2x81/2020_annual_meeting_of_stockholders_and_battery/,Tesla Battery Day,"2020 Annual Meeting of Stockholders and 🔋 Battery Day Megathread This has been a long time coming!!  We're super excited with you.  The event starting time is 1:30 PM Pacific.  Find your local time [here](https://www.timeanddate.com/worldclock/fixedtime.html?msg=Tesla+Battery+Day&iso=20200922T1330&p1=224).

During the event and through tomorrow, we will be manually approving posts in order to reduce the overall number of reposted content.  We will do our due dilligence to ensure new content continues to flow.  Please keep in mind that we are strict on toxicity.  Be kind to your fellow human and have fun.  **Comments sorted by New, so refreshing will bring you the latest!**

[Shareholder Meeting Link](https://www.tesla.com/2020shareholdermeeting) | [Schedule](https://preview.redd.it/4d97g6ivbro51.jpg?width=640&crop=smart&auto=webp&s=1c7ad60dd7789144295e438aea839c369e01aa00)

[YouTube Livestream](https://www.youtube.com/watch?v=l6T9xIeZTds) | [Reddit-Stream Live Comments](https://www.reddit-stream.com/r/teslamotors/comments/ix2x81/2020_annual_meeting_of_stockholders_and_battery/) | [Discord Chat](https://discord.gg/tesla)

Twitter: [@elonmusk](https://twitter.com/elonmusk) |  [@Tesla](https://twitter.com/tesla) | [\#BatteryDay](https://twitter.com/hashtag/BatteryDay?src=hashtag_click)

[3... 2... 1... aaand here... we.... go.](https://media.giphy.com/media/hTDQBdMlPDEeewFFhl/giphy.gif).

**r/TeslaMotors hits 800,000 subscribers!!**

**The Battery Presentation has concluded...**

-	Rewatch [here](https://www.youtube.com/watch?v=l6T9xIeZTds)
-	Slides from the event [here](https://imgur.com/a/UyE5A1u)

-	Print your own STL (3D Printer file) of the 3 cells [here](https://www.reddit.com/r/teslamotors/comments/izpy27/4680_vs_2170_vs_18650_3d_comparison/)"
TSLA_012,ixvgzh,teslamotors,2020-09-22 20:22:23,What do you think Tesla will reveal during the 2020 Battery Day?,,1,0,https://upvote.life/p/1600804831776,Tesla Battery Day,What do you think Tesla will reveal during the 2020 Battery Day?
TSLA_012,ixw7ne,teslamotors,2020-09-22 21:01:02,The crowd at Battery day are all in Teslas,,1,0,https://i.redd.it/y7i3xg6xjro51.jpg,Tesla Battery Day,The crowd at Battery day are all in Teslas
TSLA_012,ixx0hn,teslamotors,2020-09-22 21:43:14,Tesla Battery Day 2020 | Introduction Video,,1,0,https://www.youtube.com/watch?v=8782xX20oa0&feature=share,Tesla Battery Day,Tesla Battery Day 2020 | Introduction Video
TSLA_012,ixyv9k,teslamotors,2020-09-22 23:30:45,r/teslamotors reaches 800k,"Today with the investors meeting and battery day we have reached 800k, giant growth of the sub over the past years has allowed us to reach this milestone, road to 1 million! And u/rcnfive ‘s free celebration pizza (Only if we hit by the end of the year, context to this is funny and a bet between mods).

We are expecting great things to happen over the next few years and further into the future.
Cementing this sub as the place for Tesla news and discussion.

We hope you all enjoy it here, new and returning viewers, and the mod team hopes that we can continue to keep this sub a friendly place for discussion.
Adding onto this we were debating running new polls to see what users want changed on the sub, we’ve decided against this considering we didn’t run one all too long ago.

I personally would also like to thank the other members of our mod teams across connected subreddits for all they do for the community.",310,32,https://www.reddit.com/r/teslamotors/comments/ixyv9k/rteslamotors_reaches_800k/,Tesla Battery Day,"r/teslamotors reaches 800k Today with the investors meeting and battery day we have reached 800k, giant growth of the sub over the past years has allowed us to reach this milestone, road to 1 million! And u/rcnfive ‘s free celebration pizza (Only if we hit by the end of the year, context to this is funny and a bet between mods).

We are expecting great things to happen over the next few years and further into the future.
Cementing this sub as the place for Tesla news and discussion.

We hope you all enjoy it here, new and returning viewers, and the mod team hopes that we can continue to keep this sub a friendly place for discussion.
Adding onto this we were debating running new polls to see what users want changed on the sub, we’ve decided against this considering we didn’t run one all too long ago.

I personally would also like to thank the other members of our mod teams across connected subreddits for all they do for the community."
TSLA_012,iy0qhk,teslamotors,2020-09-23 01:24:53,Tesla Battery Day in 10 minutes!,,1,0,https://www.youtube.com/watch?v=XHa1FhWgXdE,Tesla Battery Day,Tesla Battery Day in 10 minutes!
TSLA_012,iy24k9,teslamotors,2020-09-23 02:53:39,"Tesla Plans to Offer $25,000 EV Within 3 Years, Says CEO Elon Musk at Battery Day",,1,0,https://www.tesmanian.com/blogs/tesmanian-blog/25-000-model,Tesla Battery Day,"Tesla Plans to Offer $25,000 EV Within 3 Years, Says CEO Elon Musk at Battery Day"
TSLA_012,iy5r4s,teslamotors,2020-09-23 07:39:28,Tesla battery day quick recap,,1,0,https://youtu.be/-SodVntR4oA,Tesla Battery Day,Tesla battery day quick recap
TSLA_012,iy7byv,teslamotors,2020-09-23 10:05:48,What did YOU think of Battery Investors Day?,"Now that Tesla's highly anticipated Battery Investors Day is now over with.

Briefly name just 1 pro & 1 con that you took from the event.

And lastly, what final overall letter grade would you give Tesla/Elon?

*Example Below:*

* **Pro:** 
* **Con:** 
* **Grade:** 

Looking forward to reading all of your responses!",29,56,https://www.reddit.com/r/teslamotors/comments/iy7byv/what_did_you_think_of_battery_investors_day/,Tesla Battery Day,"What did YOU think of Battery Investors Day? Now that Tesla's highly anticipated Battery Investors Day is now over with.

Briefly name just 1 pro & 1 con that you took from the event.

And lastly, what final overall letter grade would you give Tesla/Elon?

*Example Below:*

* **Pro:** 
* **Con:** 
* **Grade:** 

Looking forward to reading all of your responses!"
TSLA_012,iya39r,teslamotors,2020-09-23 13:28:14,Sandy Munro Tesla Battery Day Postmortem at 11am EST,,245,123,https://www.youtube.com/watch?v=jKrFAcNgG40,Tesla Battery Day,Sandy Munro Tesla Battery Day Postmortem at 11am EST
TSLA_012,iya9to,teslamotors,2020-09-23 13:38:46,Next Gen Roadster at Tesla Battery day yesterday,,1,0,https://i.redd.it/1ctavxfxhwo51.jpg,Tesla Battery Day,Next Gen Roadster at Tesla Battery day yesterday
TSLA_012,iyavy9,teslamotors,2020-09-23 14:12:39,In the coming decades what will become of old Tesla's? Will the be able to get software updates and new parts / battery packs? What is the ultimate fate of the ones on the road today?,,1,0,https://www.reddit.com/r/teslamotors/comments/iyavy9/in_the_coming_decades_what_will_become_of_old/,Tesla Battery Day,In the coming decades what will become of old Tesla's? Will the be able to get software updates and new parts / battery packs? What is the ultimate fate of the ones on the road today?
TSLA_012,iybbbt,teslamotors,2020-09-23 14:36:33,Interview with Tasha Keeney analyst at ARK Invest on Tesla and Battery Day battery day,,1,0,https://youtu.be/zwoanP0iH8Y,Tesla Battery Day,Interview with Tasha Keeney analyst at ARK Invest on Tesla and Battery Day battery day
TSLA_012,iye6yc,teslamotors,2020-09-23 17:04:38,Elon Musk's Tesla - 2020 Annual Shareholder Meeting and Battery Day,,1,0,https://www.youtube.com/watch?v=Wh05xukOc5k,Tesla Battery Day,Elon Musk's Tesla - 2020 Annual Shareholder Meeting and Battery Day
