event_id,post_id,subreddit,created_date,title,selftext,score,num_comments,url,search_query,text
TSLA_001,10la433,teslainvestorsclub,2023-01-25 21:22:08,Tesla 2022 Q4 Earnings report,,0,0,,Tesla earnings,Tesla 2022 Q4 Earnings report
TSLA_001,10lo61w,teslainvestorsclub,2023-01-26 09:40:18,[OC] Tesla's income statement for the year 2022 (they just released earnings),,61,5,https://i.redd.it/85ds40e9ycea1.png,Tesla earnings,[OC] Tesla's income statement for the year 2022 (they just released earnings)
TSLA_001,10ltyc0,teslainvestorsclub,2023-01-26 15:09:09,"Tesla Stock Surges On Earnings, Upcoming Vehicles; Analysts Hike Price Targets",,66,41,https://www.investors.com/news/tesla-stock-amid-january-rebound-with-earnings-due/,Tesla earnings,"Tesla Stock Surges On Earnings, Upcoming Vehicles; Analysts Hike Price Targets"
TSLA_001,10m376s,teslainvestorsclub,2023-01-26 21:34:34,"Opinion: Tesla beat earnings thanks to $300 million from ‘full self driving,’ a product that still doesn’t live up to its name",,0,12,https://www.marketwatch.com/story/tesla-beat-earnings-thanks-to-300-million-from-full-self-driving-a-product-that-still-doesnt-live-up-to-its-name-11674767405,Tesla earnings,"Opinion: Tesla beat earnings thanks to $300 million from ‘full self driving,’ a product that still doesn’t live up to its name"
TSLA_001,10kmuai,stocks,2023-01-25 01:49:59,Tesla plans to spend $3.6 billion more on battery and truck manufacturing in Nevada,"https://www.cnbc.com/2023/01/24/tesla-plans-to-spend-3point6-billion-more-on-manufacturing-in-nevada.html

Tesla plans to spend $3.6 billion more on expanded battery and heavy duty truck manufacturing in Nevada, the company said Tuesday on social media.

According to its public statements, Tesla intends to hire 3,000 more people across two new facilities eventually.

It wasn’t immediately clear whether Tesla’s plans expand the company’s manufacturing footprint beyond the property it is already developing outside of Reno in Sparks, Nevada.

Tesla said in a statement that its new facilities will include a 100 GWh battery cell factory, where the company expects to have the capacity to produce battery cells for 2 million light duty vehicles annually, and a high-volume factory where it will eventually manufacture its class 8 heavy-duty, fully electric truck, the Tesla Semi.

Tesla began construction of its first battery factory in Nevada in 2014. It operates this plant today with a key cell supplier, co-tenant and co-investor in the factory, Panasonic.

The sprawling factory is known as GF1, Giga Nevada or the original Tesla Gigafactory. It primarily manufactures and supplies Tesla’s Fremont, California, vehicle assembly plant with high-voltage battery packs.

Republican Nevada Gov. Joe Lombardo revealed details about Tesla’s plans for expansion in the state early on Monday. Tesla confirmed the plans on Tuesday ahead of its fourth-quarter earnings update, which is scheduled for Wednesday after markets close.

Tesla CEO Elon Musk held a ceremony in Nevada in December to kick off deliveries of the company’s Tesla Semi to a key early customer, PepsiCo.

Tesla first announced its plans to produce the Semi in 2017, and had a targeted start of production in 2019 that was delayed until 2022. The company is not yet manufacturing a high volume of Semi trucks, but is making some at the Nevada Gigafactory.

Fans and critics of Tesla have been posting images of Tesla Semi trucks emblazoned with Pepsi Frito Lay branding that they’ve seen on the road since that announcement, including some broken down on the shoulder.

Tesla has yet to reveal publicly how much each truck costs, and did not say how many it has produced or sold in its fourth-quarter deliveries report.

The company is expected to share further details on its Semi program in its Q4 earnings call.",295,171,https://www.reddit.com/r/stocks/comments/10kmuai/tesla_plans_to_spend_36_billion_more_on_battery/,Tesla earnings,"Tesla plans to spend $3.6 billion more on battery and truck manufacturing in Nevada https://www.cnbc.com/2023/01/24/tesla-plans-to-spend-3point6-billion-more-on-manufacturing-in-nevada.html

Tesla plans to spend $3.6 billion more on expanded battery and heavy duty truck manufacturing in Nevada, the company said Tuesday on social media.

According to its public statements, Tesla intends to hire 3,000 more people across two new facilities eventually.

It wasn’t immediately clear whether Tesla’s plans expand the company’s manufacturing footprint beyond the property it is already developing outside of Reno in Sparks, Nevada.

Tesla said in a statement that its new facilities will include a 100 GWh battery cell factory, where the company expects to have the capacity to produce battery cells for 2 million light duty vehicles annually, and a high-volume factory where it will eventually manufacture its class 8 heavy-duty, fully electric truck, the Tesla Semi.

Tesla began construction of its first battery factory in Nevada in 2014. It operates this plant today with a key cell supplier, co-tenant and co-investor in the factory, Panasonic.

The sprawling factory is known as GF1, Giga Nevada or the original Tesla Gigafactory. It primarily manufactures and supplies Tesla’s Fremont, California, vehicle assembly plant with high-voltage battery packs.

Republican Nevada Gov. Joe Lombardo revealed details about Tesla’s plans for expansion in the state early on Monday. Tesla confirmed the plans on Tuesday ahead of its fourth-quarter earnings update, which is scheduled for Wednesday after markets close.

Tesla CEO Elon Musk held a ceremony in Nevada in December to kick off deliveries of the company’s Tesla Semi to a key early customer, PepsiCo.

Tesla first announced its plans to produce the Semi in 2017, and had a targeted start of production in 2019 that was delayed until 2022. The company is not yet manufacturing a high volume of Semi trucks, but is making some at the Nevada Gigafactory.

Fans and critics of Tesla have been posting images of Tesla Semi trucks emblazoned with Pepsi Frito Lay branding that they’ve seen on the road since that announcement, including some broken down on the shoulder.

Tesla has yet to reveal publicly how much each truck costs, and did not say how many it has produced or sold in its fourth-quarter deliveries report.

The company is expected to share further details on its Semi program in its Q4 earnings call."
TSLA_001,10kyduw,stocks,2023-01-25 13:16:11,(1/25) Wednesday's Pre-Market Stock Movers & News,"#Good morning traders and investors of the r/stocks sub! Welcome to Hump Day! Here are your pre-market stock movers & news on this Wednesday, January the 25th, 2023-

*****

# [Dow futures drop 200 points, Microsoft falls after earnings](https://www.cnbc.com/2023/01/24/stock-market-news-live-updates-futures-open-to-close.html)

*****
> Stock futures fell in early trading on Wednesday as traders pored through the latest batch of corporate earnings.
*****
> Futures on the Dow Jones Industrial Average futures declined by 222 points, or 0.66%. Nasdaq-100 futures shed 1.3%, and S&P 500 futures fell 0.8%.
*****
> Shares of Microsoft dropped 2%. Initially shares rose after the tech giant posted fiscal second quarter per-share earnings that exceeded analysts’ estimates. However, shares declined after the company offered lackluster guidance on its earnings call.
*****
> Investors are bracing for more high-profile corporate earnings amid fears of a recession. So far, more than 70 S&P 500 companies have reported fourth-quarter earnings, and 65% of them posted stronger-than-expected results, according to Refinitiv.
*****
> “With the bulk of earnings still in front of the market, the question as to whether the shift towards growth being signaled by recent rallies is warranted could be answered by upside earnings surprises and solid guidance,” said Quincy Krosby, chief global strategist at LPL Financial.
*****
> Tesla, Boeing, IBM and AT&T are among the companies slated to post numbers on Wednesday.
*****
> The moves followed a three-day winning streak for the blue-chip Dow. All three major averages are up at least 1% week to date.

*****

#STOCK FUTURES CURRENTLY:
######(**[CLICK HERE FOR STOCK FUTURES CHARTS!](https://finviz.com/futures.ashx)**)

*****

#YESTERDAY'S MARKET MAP:
######(**[CLICK HERE FOR YESTERDAY'S MARKET MAP!](https://i.imgur.com/BnubG3V.png)**)

*****

#TODAY'S MARKET MAP:
######(**[CLICK HERE FOR TODAY'S MARKET MAP!](https://finviz.com/map.ashx?t=sec_all)**)

*****

#YESTERDAY'S S&P SECTORS:
######(**[CLICK HERE FOR YESTERDAY'S S&P SECTORS CHART!](https://i.imgur.com/omUayky.png)**)

*****

#TODAY'S S&P SECTORS:
######(**[CLICK HERE FOR TODAY'S S&P SECTORS CHART!](https://finviz.com/groups.ashx)**)

*****

#TODAY'S ECONOMIC CALENDAR:
######(**[CLICK HERE FOR TODAY'S ECONOMIC CALENDAR!](https://i.imgur.com/GN3ZRea.png)**)

*****

#THIS WEEK'S ECONOMIC CALENDAR:
######(**[CLICK HERE FOR THIS WEEK'S ECONOMIC CALENDAR!](https://i.imgur.com/dGSy6mC.png)**)

*****

#THIS WEEK'S UPCOMING IPO'S:
######(**[CLICK HERE FOR THIS WEEK'S UPCOMING IPO'S!](https://i.imgur.com/jWCRgmO.png)**)

*****

#THIS MONTH'S EARNINGS CALENDAR:
######(**[CLICK HERE FOR THIS MONTH'S EARNINGS CALENDAR!](https://i.postimg.cc/85VwMxMk/ermonthly2.png)**)

*****

#THIS WEEK'S EARNINGS CALENDAR:
######(**[CLICK HERE FOR THIS WEEK'S EARNINGS CALENDAR!](https://i.imgur.com/GGii17n.png)**)

*****

#THIS MORNING'S PRE-MARKET EARNINGS CALENDAR:
######(**[CLICK HERE FOR THIS MORNING'S EARNINGS CALENDAR!](https://i.imgur.com/UbKlBUj.jpg)**)

*****

#EARNINGS RELEASES BEFORE THE OPEN TODAY:
######(**[CLICK HERE FOR THIS MORNING'S EARNINGS RELEASES!](https://i.imgur.com/Gh4IxTL.png)**)

*****

#EARNINGS RELEASES AFTER THE CLOSE TODAY:
######(**[CLICK HERE FOR THIS AFTERNOON'S EARNINGS RELEASES LINK #1!](https://i.imgur.com/q2egRhg.png)**)
######(**[CLICK HERE FOR THIS AFTERNOON'S EARNINGS RELEASES LINK #2!](https://i.imgur.com/YqLrBzp.png)**)

*****

#YESTERDAY'S ANALYST UPGRADES/DOWNGRADES:
######(**[CLICK HERE FOR YESTERDAY'S ANALYST UPGRADES/DOWNGRADES LINK #1!](https://i.imgur.com/aaDE3y0.png)**)
######(**[CLICK HERE FOR YESTERDAY'S ANALYST UPGRADES/DOWNGRADES LINK #2!](https://i.imgur.com/YlaQzjQ.png)**)
######(**[CLICK HERE FOR YESTERDAY'S ANALYST UPGRADES/DOWNGRADES LINK #3!](https://i.imgur.com/rr9xt9U.png)**)

*****

#YESTERDAY'S INSIDER TRADING FILINGS:
######(**[CLICK HERE FOR YESTERDAY'S INSIDER TRADING FILINGS!](https://i.imgur.com/iiNBjTB.png)**)

*****

#TODAY'S DIVIDEND CALENDAR:
######(**[CLICK HERE FOR TODAY'S DIVIDEND CALENDAR!](https://i.imgur.com/wQIEJlr.png)**)

*****

#THIS MORNING'S STOCK NEWS MOVERS:

######(**source: [cnbc.com](https://www.cnbc.com/2023/01/25/stocks-making-the-biggest-moves-premarket-boeing-att-and-more.html)**)

*****

> **Boeing** – Boeing’s stock dropped about 1.7% premarket after the aircraft maker posted earnings and revenue that missed expectations, despite a demand recovery. The company cited labor and supply shortages for the disappointing numbers.

> #**STOCK SYMBOL:** BA

> * [CLICK HERE FOR CHART!](http://elite.finviz.com/chart.ashx?t=BA&ty=c&ta=st_c,sch_200p,sma_50,sma_200,sma_20,sma_100,bb_20_2,rsi_b_14,macd_b_12_26_9,stofu_b_14_3_3&p=d&s=l)

> ######(**[CLICK HERE FOR LIVE STOCK QUOTE!](http://data.cnbc.com/quotes/BA)**)

*****

> **News Corporation, Fox News** — Shares of News Corp and Fox News were up 4.9% and 1.8%, respectively, after Rupert Murdoch ditched plans to merge the two companies, a proposition that met pushback from shareholders.

> #**STOCK SYMBOL:** NWSA

> * [CLICK HERE FOR CHART!](http://elite.finviz.com/chart.ashx?t=NWSA&ty=c&ta=st_c,sch_200p,sma_50,sma_200,sma_20,sma_100,bb_20_2,rsi_b_14,macd_b_12_26_9,stofu_b_14_3_3&p=d&s=l)

> ######(**[CLICK HERE FOR LIVE STOCK QUOTE!](http://data.cnbc.com/quotes/NWSA)**)

*****

> #**STOCK SYMBOL:** FOXA

> * [CLICK HERE FOR CHART!](http://elite.finviz.com/chart.ashx?t=FOXA&ty=c&ta=st_c,sch_200p,sma_50,sma_200,sma_20,sma_100,bb_20_2,rsi_b_14,macd_b_12_26_9,stofu_b_14_3_3&p=d&s=l)

> ######(**[CLICK HERE FOR LIVE STOCK QUOTE!](http://data.cnbc.com/quotes/FOXA)**)

*****

> **AT&T** — Shares were up 1.8% after the telecommunications giant’s fourth-quarter report came out Wednesday, showing an increase in subscribers but forecasting an annual profit below expectations.

> #**STOCK SYMBOL:** T

> * [CLICK HERE FOR CHART!](http://elite.finviz.com/chart.ashx?t=T&ty=c&ta=st_c,sch_200p,sma_50,sma_200,sma_20,sma_100,bb_20_2,rsi_b_14,macd_b_12_26_9,stofu_b_14_3_3&p=d&s=l)

> ######(**[CLICK HERE FOR LIVE STOCK QUOTE!](http://data.cnbc.com/quotes/T)**)

*****

> **Microsoft** — Microsoft shares declined by nearly 3% after the software giant shared a dismal revenue forecast for the current quarter. The tech bellwether topped earnings expectations but said new business growth slowed in December, including within its Azure segment.

> #**STOCK SYMBOL:** MSFT

> * [CLICK HERE FOR CHART!](http://elite.finviz.com/chart.ashx?t=MSFT&ty=c&ta=st_c,sch_200p,sma_50,sma_200,sma_20,sma_100,bb_20_2,rsi_b_14,macd_b_12_26_9,stofu_b_14_3_3&p=d&s=l)

> ######(**[CLICK HERE FOR LIVE STOCK QUOTE!](http://data.cnbc.com/quotes/MSFT)**)

*****

> **Omnicom** — Shares of the global media firm were down 3% after it was disclosed that BlackRock Inc. added to its stake in the company, now owning 9.4% of shares.

> #**STOCK SYMBOL:** OMC

> * [CLICK HERE FOR CHART!](http://elite.finviz.com/chart.ashx?t=OMC&ty=c&ta=st_c,sch_200p,sma_50,sma_200,sma_20,sma_100,bb_20_2,rsi_b_14,macd_b_12_26_9,stofu_b_14_3_3&p=d&s=l)

> ######(**[CLICK HERE FOR LIVE STOCK QUOTE!](http://data.cnbc.com/quotes/OMC)**)

*****

> **Sunrun, SunPower** — The solar companies both fell more than 3% after being downgraded by Barclays due to a potential slowdown in solar demand. Sunrun was downgraded to equal weight from overweight, while SunPower’s rating was slashed to underweight from equal weight.

> #**STOCK SYMBOL:** RUN

> * [CLICK HERE FOR CHART!](http://elite.finviz.com/chart.ashx?t=RUN&ty=c&ta=st_c,sch_200p,sma_50,sma_200,sma_20,sma_100,bb_20_2,rsi_b_14,macd_b_12_26_9,stofu_b_14_3_3&p=d&s=l)

> ######(**[CLICK HERE FOR LIVE STOCK QUOTE!](http://data.cnbc.com/quotes/RUN)**)

*****

> #**STOCK SYMBOL:** SPWR

> * [CLICK HERE FOR CHART!](http://elite.finviz.com/chart.ashx?t=SPWR&ty=c&ta=st_c,sch_200p,sma_50,sma_200,sma_20,sma_100,bb_20_2,rsi_b_14,macd_b_12_26_9,stofu_b_14_3_3&p=d&s=l)

> ######(**[CLICK HERE FOR LIVE STOCK QUOTE!](http://data.cnbc.com/quotes/SPWR)**)

*****

> **Enphase** — Shares slid 4% following a downgrade from Piper Sandler to neutral from buy. The firm pointed to a potential reset in the U.S. residential solar market coming in 2023, while still acknowledging that the company has a strong product, management and position.

> #**STOCK SYMBOL:** ENPH

> * [CLICK HERE FOR CHART!](http://elite.finviz.com/chart.ashx?t=ENPH&ty=c&ta=st_c,sch_200p,sma_50,sma_200,sma_20,sma_100,bb_20_2,rsi_b_14,macd_b_12_26_9,stofu_b_14_3_3&p=d&s=l)

> ######(**[CLICK HERE FOR LIVE STOCK QUOTE!](http://data.cnbc.com/quotes/ENPH)**)

*****

> **Capital One** — The financial stock dropped 2.3% after Capital One reported disappointing quarterly results. The company earned $3.03 per share on revenue of $9.04 billion. Analysts polled by StreetAccount expected a profit of $3.87 per share on revenue of $9.07 billion. Net interest income also came in below expectations.

> #**STOCK SYMBOL:** COF

> * [CLICK HERE FOR CHART!](http://elite.finviz.com/chart.ashx?t=COF&ty=c&ta=st_c,sch_200p,sma_50,sma_200,sma_20,sma_100,bb_20_2,rsi_b_14,macd_b_12_26_9,stofu_b_14_3_3&p=d&s=l)

> ######(**[CLICK HERE FOR LIVE STOCK QUOTE!](http://data.cnbc.com/quotes/COF)**)

*****

> **Intuitive Surgical** – The maker of robotic surgical systems suffered a 9% drop after the company reported fourth-quarter earning and revenue that fell just short of expectations. The company cited a Covid-19 resurgence in China that negatively impacted procedure volumes in the area.

> #**STOCK SYMBOL:** ISRG

> * [CLICK HERE FOR CHART!](http://elite.finviz.com/chart.ashx?t=ISRG&ty=c&ta=st_c,sch_200p,sma_50,sma_200,sma_20,sma_100,bb_20_2,rsi_b_14,macd_b_12_26_9,stofu_b_14_3_3&p=d&s=l)

> ######(**[CLICK HERE FOR LIVE STOCK QUOTE!](http://data.cnbc.com/quotes/ISRG)**)

*****

> **F5** – Shares of the web application security company slid 3.7% after F5 reported revenue for its mos- recent quarter that missed analyst expectations and issued weaker-than-expected earnings guidance for the second quarter.

> #**STOCK SYMBOL:** FFIV

> * [CLICK HERE FOR CHART!](http://elite.finviz.com/chart.ashx?t=FFIV&ty=c&ta=st_c,sch_200p,sma_50,sma_200,sma_20,sma_100,bb_20_2,rsi_b_14,macd_b_12_26_9,stofu_b_14_3_3&p=d&s=l)

> ######(**[CLICK HERE FOR LIVE STOCK QUOTE!](http://data.cnbc.com/quotes/FFIV)**)

*****

#**FULL DISCLOSURE:**

> /u/bigbear0083 has no positions in any stocks mentioned. Reddit, moderators, and the author do not advise making investment decisions based on discussion in these posts. Analysis is not subject to validation and users take action at their own risk.

*****

#**DISCUSS!**

What's on everyone's radar for today's trading day ahead here at r/stocks?

*****

# **I hope you all have an excellent trading day ahead today on this Wednesday, January 25th, 2023! :)**",14,1,https://www.reddit.com/r/stocks/comments/10kyduw/125_wednesdays_premarket_stock_movers_news/,Tesla earnings,"(1/25) Wednesday's Pre-Market Stock Movers & News #Good morning traders and investors of the r/stocks sub! Welcome to Hump Day! Here are your pre-market stock movers & news on this Wednesday, January the 25th, 2023-

*****

# [Dow futures drop 200 points, Microsoft falls after earnings](https://www.cnbc.com/2023/01/24/stock-market-news-live-updates-futures-open-to-close.html)

*****
> Stock futures fell in early trading on Wednesday as traders pored through the latest batch of corporate earnings.
*****
> Futures on the Dow Jones Industrial Average futures declined by 222 points, or 0.66%. Nasdaq-100 futures shed 1.3%, and S&P 500 futures fell 0.8%.
*****
> Shares of Microsoft dropped 2%. Initially shares rose after the tech giant posted fiscal second quarter per-share earnings that exceeded analysts’ estimates. However, shares declined after the company offered lackluster guidance on its earnings call.
*****
> Investors are bracing for more high-profile corporate earnings amid fears of a recession. So far, more than 70 S&P 500 companies have reported fourth-quarter earnings, and 65% of them posted stronger-than-expected results, according to Refinitiv.
*****
> “With the bulk of earnings still in front of the market, the question as to whether the shift towards growth being signaled by recent rallies is warranted could be answered by upside earnings surprises and solid guidance,” said Quincy Krosby, chief global strategist at LPL Financial.
*****
> Tesla, Boeing, IBM and AT&T are among the companies slated to post numbers on Wednesday.
*****
> The moves followed a three-day winning streak for the blue-chip Dow. All three major averages are up at least 1% week to date.

*****

#STOCK FUTURES CURRENTLY:
######(**[CLICK HERE FOR STOCK FUTURES CHARTS!](https://finviz.com/futures.ashx)**)

*****

#YESTERDAY'S MARKET MAP:
######(**[CLICK HERE FOR YESTERDAY'S MARKET MAP!](https://i.imgur.com/BnubG3V.png)**)

*****

#TODAY'S MARKET MAP:
######(**[CLICK HERE FOR TODAY'S MARKET MAP!](https://finviz.com/map.ashx?t=sec_all)**)

*****

#YESTERDAY'S S&P SECTORS:
######(**[CLICK HERE FOR YESTERDAY'S S&P SECTORS CHART!](https://i.imgur.com/omUayky.png)**)

*****

#TODAY'S S&P SECTORS:
######(**[CLICK HERE FOR TODAY'S S&P SECTORS CHART!](https://finviz.com/groups.ashx)**)

*****

#TODAY'S ECONOMIC CALENDAR:
######(**[CLICK HERE FOR TODAY'S ECONOMIC CALENDAR!](https://i.imgur.com/GN3ZRea.png)**)

*****

#THIS WEEK'S ECONOMIC CALENDAR:
######(**[CLICK HERE FOR THIS WEEK'S ECONOMIC CALENDAR!](https://i.imgur.com/dGSy6mC.png)**)

*****

#THIS WEEK'S UPCOMING IPO'S:
######(**[CLICK HERE FOR THIS WEEK'S UPCOMING IPO'S!](https://i.imgur.com/jWCRgmO.png)**)

*****

#THIS MONTH'S EARNINGS CALENDAR:
######(**[CLICK HERE FOR THIS MONTH'S EARNINGS CALENDAR!](https://i.postimg.cc/85VwMxMk/ermonthly2.png)**)

*****

#THIS WEEK'S EARNINGS CALENDAR:
######(**[CLICK HERE FOR THIS WEEK'S EARNINGS CALENDAR!](https://i.imgur.com/GGii17n.png)**)

*****

#THIS MORNING'S PRE-MARKET EARNINGS CALENDAR:
######(**[CLICK HERE FOR THIS MORNING'S EARNINGS CALENDAR!](https://i.imgur.com/UbKlBUj.jpg)**)

*****

#EARNINGS RELEASES BEFORE THE OPEN TODAY:
######(**[CLICK HERE FOR THIS MORNING'S EARNINGS RELEASES!](https://i.imgur.com/Gh4IxTL.png)**)

*****

#EARNINGS RELEASES AFTER THE CLOSE TODAY:
######(**[CLICK HERE FOR THIS AFTERNOON'S EARNINGS RELEASES LINK #1!](https://i.imgur.com/q2egRhg.png)**)
######(**[CLICK HERE FOR THIS AFTERNOON'S EARNINGS RELEASES LINK #2!](https://i.imgur.com/YqLrBzp.png)**)

*****

#YESTERDAY'S ANALYST UPGRADES/DOWNGRADES:
######(**[CLICK HERE FOR YESTERDAY'S ANALYST UPGRADES/DOWNGRADES LINK #1!](https://i.imgur.com/aaDE3y0.png)**)
######(**[CLICK HERE FOR YESTERDAY'S ANALYST UPGRADES/DOWNGRADES LINK #2!](https://i.imgur.com/YlaQzjQ.png)**)
######(**[CLICK HERE FOR YESTERDAY'S ANALYST UPGRADES/DOWNGRADES LINK #3!](https://i.imgur.com/rr9xt9U.png)**)

*****

#YESTERDAY'S INSIDER TRADING FILINGS:
######(**[CLICK HERE FOR YESTERDAY'S INSIDER TRADING FILINGS!](https://i.imgur.com/iiNBjTB.png)**)

*****

#TODAY'S DIVIDEND CALENDAR:
######(**[CLICK HERE FOR TODAY'S DIVIDEND CALENDAR!](https://i.imgur.com/wQIEJlr.png)**)

*****

#THIS MORNING'S STOCK NEWS MOVERS:

######(**source: [cnbc.com](https://www.cnbc.com/2023/01/25/stocks-making-the-biggest-moves-premarket-boeing-att-and-more.html)**)

*****

> **Boeing** – Boeing’s stock dropped about 1.7% premarket after the aircraft maker posted earnings and revenue that missed expectations, despite a demand recovery. The company cited labor and supply shortages for the disappointing numbers.

> #**STOCK SYMBOL:** BA

> * [CLICK HERE FOR CHART!](http://elite.finviz.com/chart.ashx?t=BA&ty=c&ta=st_c,sch_200p,sma_50,sma_200,sma_20,sma_100,bb_20_2,rsi_b_14,macd_b_12_26_9,stofu_b_14_3_3&p=d&s=l)

> ######(**[CLICK HERE FOR LIVE STOCK QUOTE!](http://data.cnbc.com/quotes/BA)**)

*****

> **News Corporation, Fox News** — Shares of News Corp and Fox News were up 4.9% and 1.8%, respectively, after Rupert Murdoch ditched plans to merge the two companies, a proposition that met pushback from shareholders.

> #**STOCK SYMBOL:** NWSA

> * [CLICK HERE FOR CHART!](http://elite.finviz.com/chart.ashx?t=NWSA&ty=c&ta=st_c,sch_200p,sma_50,sma_200,sma_20,sma_100,bb_20_2,rsi_b_14,macd_b_12_26_9,stofu_b_14_3_3&p=d&s=l)

> ######(**[CLICK HERE FOR LIVE STOCK QUOTE!](http://data.cnbc.com/quotes/NWSA)**)

*****

> #**STOCK SYMBOL:** FOXA

> * [CLICK HERE FOR CHART!](http://elite.finviz.com/chart.ashx?t=FOXA&ty=c&ta=st_c,sch_200p,sma_50,sma_200,sma_20,sma_100,bb_20_2,rsi_b_14,macd_b_12_26_9,stofu_b_14_3_3&p=d&s=l)

> ######(**[CLICK HERE FOR LIVE STOCK QUOTE!](http://data.cnbc.com/quotes/FOXA)**)

*****

> **AT&T** — Shares were up 1.8% after the telecommunications giant’s fourth-quarter report came out Wednesday, showing an increase in subscribers but forecasting an annual profit below expectations.

> #**STOCK SYMBOL:** T

> * [CLICK HERE FOR CHART!](http://elite.finviz.com/chart.ashx?t=T&ty=c&ta=st_c,sch_200p,sma_50,sma_200,sma_20,sma_100,bb_20_2,rsi_b_14,macd_b_12_26_9,stofu_b_14_3_3&p=d&s=l)

> ######(**[CLICK HERE FOR LIVE STOCK QUOTE!](http://data.cnbc.com/quotes/T)**)

*****

> **Microsoft** — Microsoft shares declined by nearly 3% after the software giant shared a dismal revenue forecast for the current quarter. The tech bellwether topped earnings expectations but said new business growth slowed in December, including within its Azure segment.

> #**STOCK SYMBOL:** MSFT

> * [CLICK HERE FOR CHART!](http://elite.finviz.com/chart.ashx?t=MSFT&ty=c&ta=st_c,sch_200p,sma_50,sma_200,sma_20,sma_100,bb_20_2,rsi_b_14,macd_b_12_26_9,stofu_b_14_3_3&p=d&s=l)

> ######(**[CLICK HERE FOR LIVE STOCK QUOTE!](http://data.cnbc.com/quotes/MSFT)**)

*****

> **Omnicom** — Shares of the global media firm were down 3% after it was disclosed that BlackRock Inc. added to its stake in the company, now owning 9.4% of shares.

> #**STOCK SYMBOL:** OMC

> * [CLICK HERE FOR CHART!](http://elite.finviz.com/chart.ashx?t=OMC&ty=c&ta=st_c,sch_200p,sma_50,sma_200,sma_20,sma_100,bb_20_2,rsi_b_14,macd_b_12_26_9,stofu_b_14_3_3&p=d&s=l)

> ######(**[CLICK HERE FOR LIVE STOCK QUOTE!](http://data.cnbc.com/quotes/OMC)**)

*****

> **Sunrun, SunPower** — The solar companies both fell more than 3% after being downgraded by Barclays due to a potential slowdown in solar demand. Sunrun was downgraded to equal weight from overweight, while SunPower’s rating was slashed to underweight from equal weight.

> #**STOCK SYMBOL:** RUN

> * [CLICK HERE FOR CHART!](http://elite.finviz.com/chart.ashx?t=RUN&ty=c&ta=st_c,sch_200p,sma_50,sma_200,sma_20,sma_100,bb_20_2,rsi_b_14,macd_b_12_26_9,stofu_b_14_3_3&p=d&s=l)

> ######(**[CLICK HERE FOR LIVE STOCK QUOTE!](http://data.cnbc.com/quotes/RUN)**)

*****

> #**STOCK SYMBOL:** SPWR

> * [CLICK HERE FOR CHART!](http://elite.finviz.com/chart.ashx?t=SPWR&ty=c&ta=st_c,sch_200p,sma_50,sma_200,sma_20,sma_100,bb_20_2,rsi_b_14,macd_b_12_26_9,stofu_b_14_3_3&p=d&s=l)

> ######(**[CLICK HERE FOR LIVE STOCK QUOTE!](http://data.cnbc.com/quotes/SPWR)**)

*****

> **Enphase** — Shares slid 4% following a downgrade from Piper Sandler to neutral from buy. The firm pointed to a potential reset in the U.S. residential solar market coming in 2023, while still acknowledging that the company has a strong product, management and position.

> #**STOCK SYMBOL:** ENPH

> * [CLICK HERE FOR CHART!](http://elite.finviz.com/chart.ashx?t=ENPH&ty=c&ta=st_c,sch_200p,sma_50,sma_200,sma_20,sma_100,bb_20_2,rsi_b_14,macd_b_12_26_9,stofu_b_14_3_3&p=d&s=l)

> ######(**[CLICK HERE FOR LIVE STOCK QUOTE!](http://data.cnbc.com/quotes/ENPH)**)

*****

> **Capital One** — The financial stock dropped 2.3% after Capital One reported disappointing quarterly results. The company earned $3.03 per share on revenue of $9.04 billion. Analysts polled by StreetAccount expected a profit of $3.87 per share on revenue of $9.07 billion. Net interest income also came in below expectations.

> #**STOCK SYMBOL:** COF

> * [CLICK HERE FOR CHART!](http://elite.finviz.com/chart.ashx?t=COF&ty=c&ta=st_c,sch_200p,sma_50,sma_200,sma_20,sma_100,bb_20_2,rsi_b_14,macd_b_12_26_9,stofu_b_14_3_3&p=d&s=l)

> ######(**[CLICK HERE FOR LIVE STOCK QUOTE!](http://data.cnbc.com/quotes/COF)**)

*****

> **Intuitive Surgical** – The maker of robotic surgical systems suffered a 9% drop after the company reported fourth-quarter earning and revenue that fell just short of expectations. The company cited a Covid-19 resurgence in China that negatively impacted procedure volumes in the area.

> #**STOCK SYMBOL:** ISRG

> * [CLICK HERE FOR CHART!](http://elite.finviz.com/chart.ashx?t=ISRG&ty=c&ta=st_c,sch_200p,sma_50,sma_200,sma_20,sma_100,bb_20_2,rsi_b_14,macd_b_12_26_9,stofu_b_14_3_3&p=d&s=l)

> ######(**[CLICK HERE FOR LIVE STOCK QUOTE!](http://data.cnbc.com/quotes/ISRG)**)

*****

> **F5** – Shares of the web application security company slid 3.7% after F5 reported revenue for its mos- recent quarter that missed analyst expectations and issued weaker-than-expected earnings guidance for the second quarter.

> #**STOCK SYMBOL:** FFIV

> * [CLICK HERE FOR CHART!](http://elite.finviz.com/chart.ashx?t=FFIV&ty=c&ta=st_c,sch_200p,sma_50,sma_200,sma_20,sma_100,bb_20_2,rsi_b_14,macd_b_12_26_9,stofu_b_14_3_3&p=d&s=l)

> ######(**[CLICK HERE FOR LIVE STOCK QUOTE!](http://data.cnbc.com/quotes/FFIV)**)

*****

#**FULL DISCLOSURE:**

> /u/bigbear0083 has no positions in any stocks mentioned. Reddit, moderators, and the author do not advise making investment decisions based on discussion in these posts. Analysis is not subject to validation and users take action at their own risk.

*****

#**DISCUSS!**

What's on everyone's radar for today's trading day ahead here at r/stocks?

*****

# **I hope you all have an excellent trading day ahead today on this Wednesday, January 25th, 2023! :)**"
TSLA_001,10l9spv,stocks,2023-01-25 21:09:32,Tesla earnings are out — here are the numbers,"Electric vehicle maker Tesla reported earnings after the bell. Here are the results.

Earnings (adjusted): $1.19 vs $1.13 per share expected, per Refinitiv

Revenue: $24.32 billion vs $24.16 billion expected, per Refinitiv

In the year-ago quarter, Tesla reported revenue of $17.72 billion and adjusted earnings of $2.52 per share.

Earlier this month, Tesla reported vehicle delivery and production numbers for the fourth quarter of 2022 that set a new record for the company, but fell shy of the company’s goals and analysts’ expectations, despite having cut prices on its cars in December to spur customers to take deliveries before the year’s end.

Tesla reported 405,278 vehicle deliveries and production of 439,701 vehicles in the period ending December 31, 2022. Full year deliveries amounted to around 1.31 million, a record for Tesla, after the company started production at its new factories in Austin, Texas, and Brandenburg, Germany.

Last year, Musk said the factories were akin to “money-burning furnaces” in an interview with an owners’ club posted to YouTube in June.

So far in 2023, Tesla has continued to cut prices on its cars around the world, upsetting customers in the US and China who recently bought new Teslas at higher prices, and triggering an instant decline in used Tesla prices in the US as well.

Tesla solicits questions ahead of their earnings calls via a site called Say.com from both retail and institutional investors.

Among other things, investors on that site say they want to know what the recent price cuts will do to Tesla’s automotive gross margins, how much the company expects to grow sales of its cars in 2023, and when Tesla plans to start mass production and deliveries of its long-delayed, sci-fi inspired, pickup truck the Cybertruck.

Throughout the fourth quarter of 2022, shareholders also sought answers from Tesla and Elon Musk about his intentions at the automaker as the price of Tesla shares declined. Tesla’s share price has dropped more than 40% over the past six months. 

Musk is currently splitting his time, attention and resources between Tesla, SpaceX, the defense contractor where he is CEO, and Twitter, the social media business he recently acquired.

The celebrity CEO sold billions of dollars worth of his Tesla holdings last year, including $3.6 billion in the fourth quarter, in part to finance the Twitter deal, which closed in late October 2022. He immediately appointed himself “Chief Twit,” and CEO there.

Since taking over Twitter, he has made sweeping changes to the business and the service, including allowing people who had been permanently suspended from the platform to come back online.

Musk’s moves at Twitter, and his political statements on the social media platform, have correlated with a sharp decline in Musk’s and Tesla’s reputation, especially among liberal- to very liberal-leaning people in the US, according to research by YouGov shared with CNBC.

Source: https://www.cnbc.com/2023/01/25/tesla-tsla-earnings-q4-2022.html?__source=iosappshare%7Ccom.apple.UIKit.activity.CopyToPasteboard",495,574,https://www.reddit.com/r/stocks/comments/10l9spv/tesla_earnings_are_out_here_are_the_numbers/,Tesla earnings,"Tesla earnings are out — here are the numbers Electric vehicle maker Tesla reported earnings after the bell. Here are the results.

Earnings (adjusted): $1.19 vs $1.13 per share expected, per Refinitiv

Revenue: $24.32 billion vs $24.16 billion expected, per Refinitiv

In the year-ago quarter, Tesla reported revenue of $17.72 billion and adjusted earnings of $2.52 per share.

Earlier this month, Tesla reported vehicle delivery and production numbers for the fourth quarter of 2022 that set a new record for the company, but fell shy of the company’s goals and analysts’ expectations, despite having cut prices on its cars in December to spur customers to take deliveries before the year’s end.

Tesla reported 405,278 vehicle deliveries and production of 439,701 vehicles in the period ending December 31, 2022. Full year deliveries amounted to around 1.31 million, a record for Tesla, after the company started production at its new factories in Austin, Texas, and Brandenburg, Germany.

Last year, Musk said the factories were akin to “money-burning furnaces” in an interview with an owners’ club posted to YouTube in June.

So far in 2023, Tesla has continued to cut prices on its cars around the world, upsetting customers in the US and China who recently bought new Teslas at higher prices, and triggering an instant decline in used Tesla prices in the US as well.

Tesla solicits questions ahead of their earnings calls via a site called Say.com from both retail and institutional investors.

Among other things, investors on that site say they want to know what the recent price cuts will do to Tesla’s automotive gross margins, how much the company expects to grow sales of its cars in 2023, and when Tesla plans to start mass production and deliveries of its long-delayed, sci-fi inspired, pickup truck the Cybertruck.

Throughout the fourth quarter of 2022, shareholders also sought answers from Tesla and Elon Musk about his intentions at the automaker as the price of Tesla shares declined. Tesla’s share price has dropped more than 40% over the past six months. 

Musk is currently splitting his time, attention and resources between Tesla, SpaceX, the defense contractor where he is CEO, and Twitter, the social media business he recently acquired.

The celebrity CEO sold billions of dollars worth of his Tesla holdings last year, including $3.6 billion in the fourth quarter, in part to finance the Twitter deal, which closed in late October 2022. He immediately appointed himself “Chief Twit,” and CEO there.

Since taking over Twitter, he has made sweeping changes to the business and the service, including allowing people who had been permanently suspended from the platform to come back online.

Musk’s moves at Twitter, and his political statements on the social media platform, have correlated with a sharp decline in Musk’s and Tesla’s reputation, especially among liberal- to very liberal-leaning people in the US, according to research by YouGov shared with CNBC.

Source: https://www.cnbc.com/2023/01/25/tesla-tsla-earnings-q4-2022.html?__source=iosappshare%7Ccom.apple.UIKit.activity.CopyToPasteboard"
TSLA_001,10l9stf,stocks,2023-01-25 21:09:38,Tesla earnings,,8,3,,Tesla earnings,Tesla earnings
TSLA_001,10la1qj,stocks,2023-01-25 21:19:34,Tesla Price After Earnings,,1,0,https://www.reddit.com/r/stocks/comments/10la1qj/tesla_price_after_earnings/,Tesla earnings,Tesla Price After Earnings
TSLA_001,10lakui,stocks,2023-01-25 21:41:10,"Stock Market News of the Day: Tesla, Boeing, IBM Earnings, and Much More! (1/25/2023)",,1,0,,Tesla earnings,"Stock Market News of the Day: Tesla, Boeing, IBM Earnings, and Much More! (1/25/2023)"
TSLA_001,10ls34c,stocks,2023-01-26 13:43:02,(1/26) Thursday's Pre-Market Stock Movers & News,"#Good morning traders and investors of the r/stocks sub! Welcome to Thursday! Here are your pre-market stock movers & news on this Thursday, January the 26th, 2023-

*****

# [S&P 500 futures rise slightly as investors weigh latest corporate earnings](https://www.cnbc.com/2023/01/25/stock-futures-are-flat-as-investors-weigh-latest-corporate-earnings.html)

*****
> S&P 500 futures advanced modestly Thursday as investors parsed through the latest batch of corporate earnings.
*****
> Futures tied to the broad index traded up 0.45%, while Nasdaq-100 futures gained 0.95%. Futures tied to the Dow traded 60 points, or 0.18% higher.
*****
> Earnings season trudged on with IBM dipping 2% despite exceeding analyst expectations. The legacy tech company also said it would cut 3,900 jobs. Tesla shares, meanwhile, jumped 7% after posting record revenue and better-than-expected fourth-quarter earnings.
*****
> Airline earnings rolled out with Southwest falling on a larger-than-expected loss fueled by its holiday meltdown. American Airlines rose on a fourth-quarter beat.
*****
> “Clearly, we’re moving through the heart of earnings season at this point,” said Bill Northey, senior investment director at U.S. Bank. “There has been some positive news and some less positive news.”
*****
> Investors are also keeping an eye on jobless claims data Thursday, the gross domestic product, and durable goods and new home sales.
*****
> Wall Street is coming off a mixed session. The Dow ended Wednesday up 0.03% after dropping more than 400 points earlier. The Nasdaq Composite and S&P 500 dipped just 0.18% and 0.02%, respectively.
*****
> Elsewhere, Chevron added almost 3% after announcing a $75 billion share repurchasing program.

*****

#STOCK FUTURES CURRENTLY:
######(**[CLICK HERE FOR STOCK FUTURES CHARTS!](https://finviz.com/futures.ashx)**)

*****

#YESTERDAY'S MARKET MAP:
######(**[CLICK HERE FOR YESTERDAY'S MARKET MAP!](https://i.imgur.com/Jqt3c4A.png)**)

*****

#TODAY'S MARKET MAP:
######(**[CLICK HERE FOR TODAY'S MARKET MAP!](https://finviz.com/map.ashx?t=sec_all)**)

*****

#YESTERDAY'S S&P SECTORS:
######(**[CLICK HERE FOR YESTERDAY'S S&P SECTORS CHART!](https://i.imgur.com/wmCGGRD.png)**)

*****

#TODAY'S S&P SECTORS:
######(**[CLICK HERE FOR TODAY'S S&P SECTORS CHART!](https://finviz.com/groups.ashx)**)

*****

#TODAY'S ECONOMIC CALENDAR:
######(**[CLICK HERE FOR TODAY'S ECONOMIC CALENDAR!](https://i.imgur.com/mGsPDp2.png)**)

*****

#THIS WEEK'S ECONOMIC CALENDAR:
######(**[CLICK HERE FOR THIS WEEK'S ECONOMIC CALENDAR!](https://i.imgur.com/dGSy6mC.png)**)

*****

#THIS WEEK'S UPCOMING IPO'S:
######(**[CLICK HERE FOR THIS WEEK'S UPCOMING IPO'S!](https://i.imgur.com/jWCRgmO.png)**)

*****

#THIS MONTH'S EARNINGS CALENDAR:
######(**[CLICK HERE FOR THIS MONTH'S EARNINGS CALENDAR!](https://i.postimg.cc/85VwMxMk/ermonthly2.png)**)

*****

#THIS WEEK'S EARNINGS CALENDAR:
######(**[CLICK HERE FOR THIS WEEK'S EARNINGS CALENDAR!](https://i.imgur.com/GGii17n.png)**)

*****

#THIS MORNING'S PRE-MARKET EARNINGS CALENDAR:
######(**[CLICK HERE FOR THIS MORNING'S EARNINGS CALENDAR!](https://i.imgur.com/qHdAMuU.jpg)**)

*****

#EARNINGS RELEASES BEFORE THE OPEN TODAY:
######(**[CLICK HERE FOR THIS MORNING'S EARNINGS RELEASES LINK #1!](https://i.imgur.com/0zCBYoh.png)**)
######(**[CLICK HERE FOR THIS MORNING'S EARNINGS RELEASES LINK #2!](https://i.imgur.com/sm7XZE3.png)**)

*****

#EARNINGS RELEASES AFTER THE CLOSE TODAY:
######(**[CLICK HERE FOR THIS AFTERNOON'S EARNINGS RELEASES!](https://i.imgur.com/Uf9wIdn.png)**)

*****

#YESTERDAY'S ANALYST UPGRADES/DOWNGRADES:
######(**[CLICK HERE FOR YESTERDAY'S ANALYST UPGRADES/DOWNGRADES LINK #1!](https://i.imgur.com/rlALVjb.png)**)
######(**[CLICK HERE FOR YESTERDAY'S ANALYST UPGRADES/DOWNGRADES LINK #2!](https://i.imgur.com/7IZ0ojQ.png)**)

*****

#YESTERDAY'S INSIDER TRADING FILINGS:
######(**[CLICK HERE FOR YESTERDAY'S INSIDER TRADING FILINGS!](https://i.imgur.com/AaYph4U.png)**)

*****

#TODAY'S DIVIDEND CALENDAR:
######(**[CLICK HERE FOR TODAY'S DIVIDEND CALENDAR!](https://i.imgur.com/LxnNkEN.png)**)

*****

#THIS MORNING'S STOCK NEWS MOVERS:

######(**source: [cnbc.com](https://www.cnbc.com/2023/01/25/stocks-making-the-biggest-moves-premarket-boeing-att-and-more.html)**)

*****

> **Southwest** — The airline dropped 2.1% after reporting a $220 million loss for the fourth quarter after the holiday meltdown cost the company millions in expenses and drove up expenses.

> #**STOCK SYMBOL:** LUV

> * [CLICK HERE FOR CHART!](http://elite.finviz.com/chart.ashx?t=LUV&ty=c&ta=st_c,sch_200p,sma_50,sma_200,sma_20,sma_100,bb_20_2,rsi_b_14,macd_b_12_26_9,stofu_b_14_3_3&p=d&s=l)

> ######(**[CLICK HERE FOR LIVE STOCK QUOTE!](http://data.cnbc.com/quotes/LUV)**)

*****

> **Comcast** — The media company reported fourth-quarter earnings that beat Wall Street’s expectations, with earnings per share coming in at 82 cents, adjusted, versus the 77 cents expected from analysts surveyed by Refinitiv. Revenue was $30.55 billion compared to the $30.32 expected. Shares, however, were down less than 1% in the premarket.

> #**STOCK SYMBOL:** CMCSA

> * [CLICK HERE FOR CHART!](http://elite.finviz.com/chart.ashx?t=CMCSA&ty=c&ta=st_c,sch_200p,sma_50,sma_200,sma_20,sma_100,bb_20_2,rsi_b_14,macd_b_12_26_9,stofu_b_14_3_3&p=d&s=l)

> ######(**[CLICK HERE FOR LIVE STOCK QUOTE!](http://data.cnbc.com/quotes/CMCSA)**)

*****

> **Tesla** — The electric-vehicle maker soared 7% after reporting record revenue and an earnings beat. CEO Elon Musk said Tesla might be able to produce 2 million cars this year.

> #**STOCK SYMBOL:** TSLA

> * [CLICK HERE FOR CHART!](http://elite.finviz.com/chart.ashx?t=TSLA&ty=c&ta=st_c,sch_200p,sma_50,sma_200,sma_20,sma_100,bb_20_2,rsi_b_14,macd_b_12_26_9,stofu_b_14_3_3&p=d&s=l)

> ######(**[CLICK HERE FOR LIVE STOCK QUOTE!](http://data.cnbc.com/quotes/TSLA)**)

*****

> **Las Vegas Sands** — Shares of the hotel and casino operator rose about 4% despite the company posting weaker-than-expected financial results for the most recent quarter. Wall Street analysts cited upbeat comments about its reopening in Macao on the company earnings call for their positive outlook on the stock.

> #**STOCK SYMBOL:** LVS

> * [CLICK HERE FOR CHART!](http://elite.finviz.com/chart.ashx?t=LVS&ty=c&ta=st_c,sch_200p,sma_50,sma_200,sma_20,sma_100,bb_20_2,rsi_b_14,macd_b_12_26_9,stofu_b_14_3_3&p=d&s=l)

> ######(**[CLICK HERE FOR LIVE STOCK QUOTE!](http://data.cnbc.com/quotes/LVS)**)

*****

> **Levi Strauss** — Shares of the denim maker popped 6% premarket on a better-than-expected quarterly report. Levi Strauss topped analysts’ revenue estimates and beat earnings projections by 5 cents a share.

> #**STOCK SYMBOL:** LEVI

> * [CLICK HERE FOR CHART!](http://elite.finviz.com/chart.ashx?t=LEVI&ty=c&ta=st_c,sch_200p,sma_50,sma_200,sma_20,sma_100,bb_20_2,rsi_b_14,macd_b_12_26_9,stofu_b_14_3_3&p=d&s=l)

> ######(**[CLICK HERE FOR LIVE STOCK QUOTE!](http://data.cnbc.com/quotes/LEVI)**)

*****

> **Blackstone** — Blackstone shares dipped less than 1% after the asset manager reported mixed earnings results. Total segment revenues fell short of expectations, while distributable earnings beat estimates by 12 cents a share.

> #**STOCK SYMBOL:** BX

> * [CLICK HERE FOR CHART!](http://elite.finviz.com/chart.ashx?t=BX&ty=c&ta=st_c,sch_200p,sma_50,sma_200,sma_20,sma_100,bb_20_2,rsi_b_14,macd_b_12_26_9,stofu_b_14_3_3&p=d&s=l)

> ######(**[CLICK HERE FOR LIVE STOCK QUOTE!](http://data.cnbc.com/quotes/BX)**)

*****

> **Chevron** — The energy giant jumped more than 3% in premarket after the company announced a $75 billion stock buyback program and a dividend hike to $1.51 from $1.42 per share. The buyback program will become effective on April 1.

> #**STOCK SYMBOL:** CVX

> * [CLICK HERE FOR CHART!](http://elite.finviz.com/chart.ashx?t=CVX&ty=c&ta=st_c,sch_200p,sma_50,sma_200,sma_20,sma_100,bb_20_2,rsi_b_14,macd_b_12_26_9,stofu_b_14_3_3&p=d&s=l)

> ######(**[CLICK HERE FOR LIVE STOCK QUOTE!](http://data.cnbc.com/quotes/CVX)**)

*****

> **Dow** — The chemicals giant posted fourth-quarter earnings, revenue and adjusted EBITDA that missed analyst expectations before the bell Thursday, sending the stock down more than 3% in premarket trading.

> #**STOCK SYMBOL:** DOW

> * [CLICK HERE FOR CHART!](http://elite.finviz.com/chart.ashx?t=DOW&ty=c&ta=st_c,sch_200p,sma_50,sma_200,sma_20,sma_100,bb_20_2,rsi_b_14,macd_b_12_26_9,stofu_b_14_3_3&p=d&s=l)

> ######(**[CLICK HERE FOR LIVE STOCK QUOTE!](http://data.cnbc.com/quotes/DOW)**)

*****

> **IBM** — Shares of IBM shed 2.7% after the company reported quarterly results Wednesday that generally exceeded Wall Street’s expectations but included an announcement that the firm will cut 3,900 jobs. IBM reported adjusted earnings per share of $3.60 per share on $16.69 billion in revenue where analysts expected $3.60 per share and $16.4 billion in revenue, per Refinitiv.

> #**STOCK SYMBOL:** IBM

> * [CLICK HERE FOR CHART!](http://elite.finviz.com/chart.ashx?t=IBM&ty=c&ta=st_c,sch_200p,sma_50,sma_200,sma_20,sma_100,bb_20_2,rsi_b_14,macd_b_12_26_9,stofu_b_14_3_3&p=d&s=l)

> ######(**[CLICK HERE FOR LIVE STOCK QUOTE!](http://data.cnbc.com/quotes/IBM)**)

*****

> **American Airlines** — The airline gained 1.5% after its fourth-quarter profits beat Wall Street’s expectations, thanks to strong holiday demand and high fares.

> #**STOCK SYMBOL:** AAL

> * [CLICK HERE FOR CHART!](http://elite.finviz.com/chart.ashx?t=AAL&ty=c&ta=st_c,sch_200p,sma_50,sma_200,sma_20,sma_100,bb_20_2,rsi_b_14,macd_b_12_26_9,stofu_b_14_3_3&p=d&s=l)

> ######(**[CLICK HERE FOR LIVE STOCK QUOTE!](http://data.cnbc.com/quotes/AAL)**)

*****

> **Seagate Technology** — The data storage company jumped more than 8% in premarket trading after reporting earnings and revenue for the last quarter that beat expectations.

> #**STOCK SYMBOL:** STX

> * [CLICK HERE FOR CHART!](http://elite.finviz.com/chart.ashx?t=STX&ty=c&ta=st_c,sch_200p,sma_50,sma_200,sma_20,sma_100,bb_20_2,rsi_b_14,macd_b_12_26_9,stofu_b_14_3_3&p=d&s=l)

> ######(**[CLICK HERE FOR LIVE STOCK QUOTE!](http://data.cnbc.com/quotes/STX)**)

*****

> **Pfizer** — The pharma giant was downgraded by UBS on Thursday, which said Pfizer’s Covid franchise estimates need to come down and its pipeline is too premature. Pfizer was up less than 1% in the premarket.

> #**STOCK SYMBOL:** PFE

> * [CLICK HERE FOR CHART!](http://elite.finviz.com/chart.ashx?t=PFE&ty=c&ta=st_c,sch_200p,sma_50,sma_200,sma_20,sma_100,bb_20_2,rsi_b_14,macd_b_12_26_9,stofu_b_14_3_3&p=d&s=l)

> ######(**[CLICK HERE FOR LIVE STOCK QUOTE!](http://data.cnbc.com/quotes/PFE)**)

*****

#**FULL DISCLOSURE:**

> /u/bigbear0083 has no positions in any stocks mentioned. Reddit, moderators, and the author do not advise making investment decisions based on discussion in these posts. Analysis is not subject to validation and users take action at their own risk.

*****

#**DISCUSS!**

What's on everyone's radar for today's trading day ahead here at r/stocks?

*****

# **I hope you all have an excellent trading day ahead today on this Thursday, January 26th, 2023! :)**",15,0,https://www.reddit.com/r/stocks/comments/10ls34c/126_thursdays_premarket_stock_movers_news/,Tesla earnings,"(1/26) Thursday's Pre-Market Stock Movers & News #Good morning traders and investors of the r/stocks sub! Welcome to Thursday! Here are your pre-market stock movers & news on this Thursday, January the 26th, 2023-

*****

# [S&P 500 futures rise slightly as investors weigh latest corporate earnings](https://www.cnbc.com/2023/01/25/stock-futures-are-flat-as-investors-weigh-latest-corporate-earnings.html)

*****
> S&P 500 futures advanced modestly Thursday as investors parsed through the latest batch of corporate earnings.
*****
> Futures tied to the broad index traded up 0.45%, while Nasdaq-100 futures gained 0.95%. Futures tied to the Dow traded 60 points, or 0.18% higher.
*****
> Earnings season trudged on with IBM dipping 2% despite exceeding analyst expectations. The legacy tech company also said it would cut 3,900 jobs. Tesla shares, meanwhile, jumped 7% after posting record revenue and better-than-expected fourth-quarter earnings.
*****
> Airline earnings rolled out with Southwest falling on a larger-than-expected loss fueled by its holiday meltdown. American Airlines rose on a fourth-quarter beat.
*****
> “Clearly, we’re moving through the heart of earnings season at this point,” said Bill Northey, senior investment director at U.S. Bank. “There has been some positive news and some less positive news.”
*****
> Investors are also keeping an eye on jobless claims data Thursday, the gross domestic product, and durable goods and new home sales.
*****
> Wall Street is coming off a mixed session. The Dow ended Wednesday up 0.03% after dropping more than 400 points earlier. The Nasdaq Composite and S&P 500 dipped just 0.18% and 0.02%, respectively.
*****
> Elsewhere, Chevron added almost 3% after announcing a $75 billion share repurchasing program.

*****

#STOCK FUTURES CURRENTLY:
######(**[CLICK HERE FOR STOCK FUTURES CHARTS!](https://finviz.com/futures.ashx)**)

*****

#YESTERDAY'S MARKET MAP:
######(**[CLICK HERE FOR YESTERDAY'S MARKET MAP!](https://i.imgur.com/Jqt3c4A.png)**)

*****

#TODAY'S MARKET MAP:
######(**[CLICK HERE FOR TODAY'S MARKET MAP!](https://finviz.com/map.ashx?t=sec_all)**)

*****

#YESTERDAY'S S&P SECTORS:
######(**[CLICK HERE FOR YESTERDAY'S S&P SECTORS CHART!](https://i.imgur.com/wmCGGRD.png)**)

*****

#TODAY'S S&P SECTORS:
######(**[CLICK HERE FOR TODAY'S S&P SECTORS CHART!](https://finviz.com/groups.ashx)**)

*****

#TODAY'S ECONOMIC CALENDAR:
######(**[CLICK HERE FOR TODAY'S ECONOMIC CALENDAR!](https://i.imgur.com/mGsPDp2.png)**)

*****

#THIS WEEK'S ECONOMIC CALENDAR:
######(**[CLICK HERE FOR THIS WEEK'S ECONOMIC CALENDAR!](https://i.imgur.com/dGSy6mC.png)**)

*****

#THIS WEEK'S UPCOMING IPO'S:
######(**[CLICK HERE FOR THIS WEEK'S UPCOMING IPO'S!](https://i.imgur.com/jWCRgmO.png)**)

*****

#THIS MONTH'S EARNINGS CALENDAR:
######(**[CLICK HERE FOR THIS MONTH'S EARNINGS CALENDAR!](https://i.postimg.cc/85VwMxMk/ermonthly2.png)**)

*****

#THIS WEEK'S EARNINGS CALENDAR:
######(**[CLICK HERE FOR THIS WEEK'S EARNINGS CALENDAR!](https://i.imgur.com/GGii17n.png)**)

*****

#THIS MORNING'S PRE-MARKET EARNINGS CALENDAR:
######(**[CLICK HERE FOR THIS MORNING'S EARNINGS CALENDAR!](https://i.imgur.com/qHdAMuU.jpg)**)

*****

#EARNINGS RELEASES BEFORE THE OPEN TODAY:
######(**[CLICK HERE FOR THIS MORNING'S EARNINGS RELEASES LINK #1!](https://i.imgur.com/0zCBYoh.png)**)
######(**[CLICK HERE FOR THIS MORNING'S EARNINGS RELEASES LINK #2!](https://i.imgur.com/sm7XZE3.png)**)

*****

#EARNINGS RELEASES AFTER THE CLOSE TODAY:
######(**[CLICK HERE FOR THIS AFTERNOON'S EARNINGS RELEASES!](https://i.imgur.com/Uf9wIdn.png)**)

*****

#YESTERDAY'S ANALYST UPGRADES/DOWNGRADES:
######(**[CLICK HERE FOR YESTERDAY'S ANALYST UPGRADES/DOWNGRADES LINK #1!](https://i.imgur.com/rlALVjb.png)**)
######(**[CLICK HERE FOR YESTERDAY'S ANALYST UPGRADES/DOWNGRADES LINK #2!](https://i.imgur.com/7IZ0ojQ.png)**)

*****

#YESTERDAY'S INSIDER TRADING FILINGS:
######(**[CLICK HERE FOR YESTERDAY'S INSIDER TRADING FILINGS!](https://i.imgur.com/AaYph4U.png)**)

*****

#TODAY'S DIVIDEND CALENDAR:
######(**[CLICK HERE FOR TODAY'S DIVIDEND CALENDAR!](https://i.imgur.com/LxnNkEN.png)**)

*****

#THIS MORNING'S STOCK NEWS MOVERS:

######(**source: [cnbc.com](https://www.cnbc.com/2023/01/25/stocks-making-the-biggest-moves-premarket-boeing-att-and-more.html)**)

*****

> **Southwest** — The airline dropped 2.1% after reporting a $220 million loss for the fourth quarter after the holiday meltdown cost the company millions in expenses and drove up expenses.

> #**STOCK SYMBOL:** LUV

> * [CLICK HERE FOR CHART!](http://elite.finviz.com/chart.ashx?t=LUV&ty=c&ta=st_c,sch_200p,sma_50,sma_200,sma_20,sma_100,bb_20_2,rsi_b_14,macd_b_12_26_9,stofu_b_14_3_3&p=d&s=l)

> ######(**[CLICK HERE FOR LIVE STOCK QUOTE!](http://data.cnbc.com/quotes/LUV)**)

*****

> **Comcast** — The media company reported fourth-quarter earnings that beat Wall Street’s expectations, with earnings per share coming in at 82 cents, adjusted, versus the 77 cents expected from analysts surveyed by Refinitiv. Revenue was $30.55 billion compared to the $30.32 expected. Shares, however, were down less than 1% in the premarket.

> #**STOCK SYMBOL:** CMCSA

> * [CLICK HERE FOR CHART!](http://elite.finviz.com/chart.ashx?t=CMCSA&ty=c&ta=st_c,sch_200p,sma_50,sma_200,sma_20,sma_100,bb_20_2,rsi_b_14,macd_b_12_26_9,stofu_b_14_3_3&p=d&s=l)

> ######(**[CLICK HERE FOR LIVE STOCK QUOTE!](http://data.cnbc.com/quotes/CMCSA)**)

*****

> **Tesla** — The electric-vehicle maker soared 7% after reporting record revenue and an earnings beat. CEO Elon Musk said Tesla might be able to produce 2 million cars this year.

> #**STOCK SYMBOL:** TSLA

> * [CLICK HERE FOR CHART!](http://elite.finviz.com/chart.ashx?t=TSLA&ty=c&ta=st_c,sch_200p,sma_50,sma_200,sma_20,sma_100,bb_20_2,rsi_b_14,macd_b_12_26_9,stofu_b_14_3_3&p=d&s=l)

> ######(**[CLICK HERE FOR LIVE STOCK QUOTE!](http://data.cnbc.com/quotes/TSLA)**)

*****

> **Las Vegas Sands** — Shares of the hotel and casino operator rose about 4% despite the company posting weaker-than-expected financial results for the most recent quarter. Wall Street analysts cited upbeat comments about its reopening in Macao on the company earnings call for their positive outlook on the stock.

> #**STOCK SYMBOL:** LVS

> * [CLICK HERE FOR CHART!](http://elite.finviz.com/chart.ashx?t=LVS&ty=c&ta=st_c,sch_200p,sma_50,sma_200,sma_20,sma_100,bb_20_2,rsi_b_14,macd_b_12_26_9,stofu_b_14_3_3&p=d&s=l)

> ######(**[CLICK HERE FOR LIVE STOCK QUOTE!](http://data.cnbc.com/quotes/LVS)**)

*****

> **Levi Strauss** — Shares of the denim maker popped 6% premarket on a better-than-expected quarterly report. Levi Strauss topped analysts’ revenue estimates and beat earnings projections by 5 cents a share.

> #**STOCK SYMBOL:** LEVI

> * [CLICK HERE FOR CHART!](http://elite.finviz.com/chart.ashx?t=LEVI&ty=c&ta=st_c,sch_200p,sma_50,sma_200,sma_20,sma_100,bb_20_2,rsi_b_14,macd_b_12_26_9,stofu_b_14_3_3&p=d&s=l)

> ######(**[CLICK HERE FOR LIVE STOCK QUOTE!](http://data.cnbc.com/quotes/LEVI)**)

*****

> **Blackstone** — Blackstone shares dipped less than 1% after the asset manager reported mixed earnings results. Total segment revenues fell short of expectations, while distributable earnings beat estimates by 12 cents a share.

> #**STOCK SYMBOL:** BX

> * [CLICK HERE FOR CHART!](http://elite.finviz.com/chart.ashx?t=BX&ty=c&ta=st_c,sch_200p,sma_50,sma_200,sma_20,sma_100,bb_20_2,rsi_b_14,macd_b_12_26_9,stofu_b_14_3_3&p=d&s=l)

> ######(**[CLICK HERE FOR LIVE STOCK QUOTE!](http://data.cnbc.com/quotes/BX)**)

*****

> **Chevron** — The energy giant jumped more than 3% in premarket after the company announced a $75 billion stock buyback program and a dividend hike to $1.51 from $1.42 per share. The buyback program will become effective on April 1.

> #**STOCK SYMBOL:** CVX

> * [CLICK HERE FOR CHART!](http://elite.finviz.com/chart.ashx?t=CVX&ty=c&ta=st_c,sch_200p,sma_50,sma_200,sma_20,sma_100,bb_20_2,rsi_b_14,macd_b_12_26_9,stofu_b_14_3_3&p=d&s=l)

> ######(**[CLICK HERE FOR LIVE STOCK QUOTE!](http://data.cnbc.com/quotes/CVX)**)

*****

> **Dow** — The chemicals giant posted fourth-quarter earnings, revenue and adjusted EBITDA that missed analyst expectations before the bell Thursday, sending the stock down more than 3% in premarket trading.

> #**STOCK SYMBOL:** DOW

> * [CLICK HERE FOR CHART!](http://elite.finviz.com/chart.ashx?t=DOW&ty=c&ta=st_c,sch_200p,sma_50,sma_200,sma_20,sma_100,bb_20_2,rsi_b_14,macd_b_12_26_9,stofu_b_14_3_3&p=d&s=l)

> ######(**[CLICK HERE FOR LIVE STOCK QUOTE!](http://data.cnbc.com/quotes/DOW)**)

*****

> **IBM** — Shares of IBM shed 2.7% after the company reported quarterly results Wednesday that generally exceeded Wall Street’s expectations but included an announcement that the firm will cut 3,900 jobs. IBM reported adjusted earnings per share of $3.60 per share on $16.69 billion in revenue where analysts expected $3.60 per share and $16.4 billion in revenue, per Refinitiv.

> #**STOCK SYMBOL:** IBM

> * [CLICK HERE FOR CHART!](http://elite.finviz.com/chart.ashx?t=IBM&ty=c&ta=st_c,sch_200p,sma_50,sma_200,sma_20,sma_100,bb_20_2,rsi_b_14,macd_b_12_26_9,stofu_b_14_3_3&p=d&s=l)

> ######(**[CLICK HERE FOR LIVE STOCK QUOTE!](http://data.cnbc.com/quotes/IBM)**)

*****

> **American Airlines** — The airline gained 1.5% after its fourth-quarter profits beat Wall Street’s expectations, thanks to strong holiday demand and high fares.

> #**STOCK SYMBOL:** AAL

> * [CLICK HERE FOR CHART!](http://elite.finviz.com/chart.ashx?t=AAL&ty=c&ta=st_c,sch_200p,sma_50,sma_200,sma_20,sma_100,bb_20_2,rsi_b_14,macd_b_12_26_9,stofu_b_14_3_3&p=d&s=l)

> ######(**[CLICK HERE FOR LIVE STOCK QUOTE!](http://data.cnbc.com/quotes/AAL)**)

*****

> **Seagate Technology** — The data storage company jumped more than 8% in premarket trading after reporting earnings and revenue for the last quarter that beat expectations.

> #**STOCK SYMBOL:** STX

> * [CLICK HERE FOR CHART!](http://elite.finviz.com/chart.ashx?t=STX&ty=c&ta=st_c,sch_200p,sma_50,sma_200,sma_20,sma_100,bb_20_2,rsi_b_14,macd_b_12_26_9,stofu_b_14_3_3&p=d&s=l)

> ######(**[CLICK HERE FOR LIVE STOCK QUOTE!](http://data.cnbc.com/quotes/STX)**)

*****

> **Pfizer** — The pharma giant was downgraded by UBS on Thursday, which said Pfizer’s Covid franchise estimates need to come down and its pipeline is too premature. Pfizer was up less than 1% in the premarket.

> #**STOCK SYMBOL:** PFE

> * [CLICK HERE FOR CHART!](http://elite.finviz.com/chart.ashx?t=PFE&ty=c&ta=st_c,sch_200p,sma_50,sma_200,sma_20,sma_100,bb_20_2,rsi_b_14,macd_b_12_26_9,stofu_b_14_3_3&p=d&s=l)

> ######(**[CLICK HERE FOR LIVE STOCK QUOTE!](http://data.cnbc.com/quotes/PFE)**)

*****

#**FULL DISCLOSURE:**

> /u/bigbear0083 has no positions in any stocks mentioned. Reddit, moderators, and the author do not advise making investment decisions based on discussion in these posts. Analysis is not subject to validation and users take action at their own risk.

*****

#**DISCUSS!**

What's on everyone's radar for today's trading day ahead here at r/stocks?

*****

# **I hope you all have an excellent trading day ahead today on this Thursday, January 26th, 2023! :)**"
TSLA_001,10m2thf,stocks,2023-01-26 21:18:59,Ideal automotive ratio,"So I was listening to teslas earnings call, and I think this was the first time they put out a number in regards to demand vs production.

Something like 2:1 demand vs production.

So what do you guys think is a healthy or ideal ratio, is 2:1 good? Or should it be higher - like 5:1

Does it also depend on if it's a mature company like toyota, compared to a growth company like tesla?

Elon also kept reiterating about their massive manufacturing prowess, actually he talks about this quite often - do you guys agree about teslas massive manufacturing advantage?",8,7,https://www.reddit.com/r/stocks/comments/10m2thf/ideal_automotive_ratio/,Tesla earnings,"Ideal automotive ratio So I was listening to teslas earnings call, and I think this was the first time they put out a number in regards to demand vs production.

Something like 2:1 demand vs production.

So what do you guys think is a healthy or ideal ratio, is 2:1 good? Or should it be higher - like 5:1

Does it also depend on if it's a mature company like toyota, compared to a growth company like tesla?

Elon also kept reiterating about their massive manufacturing prowess, actually he talks about this quite often - do you guys agree about teslas massive manufacturing advantage?"
TSLA_001,10klvnt,wallstreetbets,2023-01-25 01:04:08,Positive of negative Tesla earnings tomorrow? Media seems negative but retail seems positive…,,1,1,https://www.cnbc.com/video/2023/01/23/why-tesla-investors-may-be-playing-with-fire-ahead-of-wednesdays-earnings.html,Tesla earnings,Positive of negative Tesla earnings tomorrow? Media seems negative but retail seems positive…
TSLA_001,10kxctf,wallstreetbets,2023-01-25 12:19:33,Tesla Earnings Estimate,"Based on the production and deliveries, the estimated revenue for Telsa for the 4th quarter is $25.5B, which is higher than the previous year by 44%, and basic EPS is $1.20

&#x200B;

4th quarter vehicle deliveries were significantly below the company’s most recent forecast to investors. The earnings call today should highlight the margins as we advance, which could determine how the market will react to the news. 

&#x200B;

https://preview.redd.it/vk4jpsg8m6ea1.png?width=975&format=png&auto=webp&v=enabled&s=6bfa2d03330c20bd7d7b5d68377efb38c6e9701f",0,3,https://www.reddit.com/r/wallstreetbets/comments/10kxctf/tesla_earnings_estimate/,Tesla earnings,"Tesla Earnings Estimate Based on the production and deliveries, the estimated revenue for Telsa for the 4th quarter is $25.5B, which is higher than the previous year by 44%, and basic EPS is $1.20

&#x200B;

4th quarter vehicle deliveries were significantly below the company’s most recent forecast to investors. The earnings call today should highlight the margins as we advance, which could determine how the market will react to the news. 

&#x200B;

https://preview.redd.it/vk4jpsg8m6ea1.png?width=975&format=png&auto=webp&v=enabled&s=6bfa2d03330c20bd7d7b5d68377efb38c6e9701f"
TSLA_001,10kxte9,wallstreetbets,2023-01-25 12:46:06,$TSLA Earnings Thread 1/25/2023,"Edit: EPS beat at $1.19 per share versus $1.13 expected. Record profits during a recession.

(original post below)

Post your predictions for everything related to Tesla earnings today after market close.

What plays are you making to back up your predictions?

Expected EPS: $1.13 per share.

I think we can see it go to a low of $135 after earnings but it will be a quick dip. My speculation is earnings miss but raised guidance which will take it back to just slightly up but only enough to still be considered flat.

My positions are all fucked up. Sold strangles, bought OTM calls and puts, and even have some TSLQ shares.

[Just a picture of a cyber whatever concept for no reason](https://i.imgur.com/WnuqEEk.jpg)",19,40,https://www.reddit.com/r/wallstreetbets/comments/10kxte9/tsla_earnings_thread_1252023/,Tesla earnings,"$TSLA Earnings Thread 1/25/2023 Edit: EPS beat at $1.19 per share versus $1.13 expected. Record profits during a recession.

(original post below)

Post your predictions for everything related to Tesla earnings today after market close.

What plays are you making to back up your predictions?

Expected EPS: $1.13 per share.

I think we can see it go to a low of $135 after earnings but it will be a quick dip. My speculation is earnings miss but raised guidance which will take it back to just slightly up but only enough to still be considered flat.

My positions are all fucked up. Sold strangles, bought OTM calls and puts, and even have some TSLQ shares.

[Just a picture of a cyber whatever concept for no reason](https://i.imgur.com/WnuqEEk.jpg)"
TSLA_001,10l1ejw,wallstreetbets,2023-01-25 15:34:38,What are everybody’s thoughts on Tesla earnings today?,I’ve seen some bullish news about them dropping prices and driving up demand but in my opinion that’s not a bullish indicator that’s bearish. Also elon seems to be selling shares so why would anyone be bullish? Serious question I am leaning towards puts but I’m interested to hear your thoughts,2,56,https://www.reddit.com/r/wallstreetbets/comments/10l1ejw/what_are_everybodys_thoughts_on_tesla_earnings/,Tesla earnings,What are everybody’s thoughts on Tesla earnings today? I’ve seen some bullish news about them dropping prices and driving up demand but in my opinion that’s not a bullish indicator that’s bearish. Also elon seems to be selling shares so why would anyone be bullish? Serious question I am leaning towards puts but I’m interested to hear your thoughts
TSLA_001,10l3fhe,wallstreetbets,2023-01-25 16:57:54,Calls or puts for Tesla earnings?,,1,1,,Tesla earnings,Calls or puts for Tesla earnings?
TSLA_001,10l9tf8,wallstreetbets,2023-01-25 21:10:18,Tesla earnings,,9,2,https://twitter.com/investingcom/status/1618355401225023491?s=61&t=IRIuayE536WAzJlrVF2E3g,Tesla earnings,Tesla earnings
TSLA_001,10laicu,wallstreetbets,2023-01-25 21:38:17,"Stock Market News of the Day: Tesla, Boeing, IBM Earnings, and Much More! (1/25/2023)","**Major** **Earnings:**

**- Boeing** reported earnings before the market opened, posting numbers of:

EPS of -$1.75, missing expectations of $0.17 | Revenue of $19.80B, missing expectations of $20.02B

\- **AT&T** reported earnings before the market opened, posting numbers of:

EPS of $0.61, beating expectations of $0.57 | Revenue of $31.34B, missing expectations of $31.39B

AT&T added 656,000 postpaid phone subscribers in the latest quarter, above estimates of 644,800.

\- **Abbott** reported earnings before the market opened, posting numbers of:

EPS of $1.03, beating expectations of $0.92 | Revenue of $10.10B, beating expectations of $9.64B

Sales fell 12% from a year earlier on what the company called an ""expected year-over-year decline in Covid-19 testing-related sales.""

**- Tesla** reported earnings after the market closed, posting numbers of:

EPS of $1.19, beating expectations of $1.12 | Revenue of $24.3B, beating expectations of $24.1B

Automotive gross margins came in at 25.9%, the lowest figure in the last five quarters.

\- **IBM** reported earnings after the market closed, posting numbers of:

EPS of $3.60, in line with expectations | Revenue of $16.7B, beating expectations of $16.4B

The company announced they plan to layoff 4,000 employees

**Other News:**

\- Rupert Murdoch calls off proposed **Fox-NewsCorp** Merger

\- **Levi Strauss** gives upbeat 2023 sales outlook as demand holds up

\- **Volvo Cars** recalls over 106k cars worldwide

\- **Blackrock** hikes dividends, increases stock buybacks

\- U.S DOJ probes **Goodyear's** handling of recalled tire

\- EIA reports a weekly rise of 500,000 barrels in U.S. crude suppliers",9,6,https://www.reddit.com/r/wallstreetbets/comments/10laicu/stock_market_news_of_the_day_tesla_boeing_ibm/,Tesla earnings,"Stock Market News of the Day: Tesla, Boeing, IBM Earnings, and Much More! (1/25/2023) **Major** **Earnings:**

**- Boeing** reported earnings before the market opened, posting numbers of:

EPS of -$1.75, missing expectations of $0.17 | Revenue of $19.80B, missing expectations of $20.02B

\- **AT&T** reported earnings before the market opened, posting numbers of:

EPS of $0.61, beating expectations of $0.57 | Revenue of $31.34B, missing expectations of $31.39B

AT&T added 656,000 postpaid phone subscribers in the latest quarter, above estimates of 644,800.

\- **Abbott** reported earnings before the market opened, posting numbers of:

EPS of $1.03, beating expectations of $0.92 | Revenue of $10.10B, beating expectations of $9.64B

Sales fell 12% from a year earlier on what the company called an ""expected year-over-year decline in Covid-19 testing-related sales.""

**- Tesla** reported earnings after the market closed, posting numbers of:

EPS of $1.19, beating expectations of $1.12 | Revenue of $24.3B, beating expectations of $24.1B

Automotive gross margins came in at 25.9%, the lowest figure in the last five quarters.

\- **IBM** reported earnings after the market closed, posting numbers of:

EPS of $3.60, in line with expectations | Revenue of $16.7B, beating expectations of $16.4B

The company announced they plan to layoff 4,000 employees

**Other News:**

\- Rupert Murdoch calls off proposed **Fox-NewsCorp** Merger

\- **Levi Strauss** gives upbeat 2023 sales outlook as demand holds up

\- **Volvo Cars** recalls over 106k cars worldwide

\- **Blackrock** hikes dividends, increases stock buybacks

\- U.S DOJ probes **Goodyear's** handling of recalled tire

\- EIA reports a weekly rise of 500,000 barrels in U.S. crude suppliers"
TSLA_001,10lcl4j,wallstreetbets,2023-01-25 23:04:06,Bulls remain in control… the road to 410 continues… 1-25-23 SPY/ ES Futures and Tesla Daily Market Analysis,"Now I know I wrote my post yesterday before the MSFT earnings call which sent the markets spiraling… and I know many of you were ready to bash me for being a bull in these times… well today if you aren’t on team bull after seeing a $7.14 v shaped recovery intraday.. well then I don’t know how else to convince you to be a bull. 

&#x200B;

https://preview.redd.it/2sg424p4t9ea1.png?width=975&format=png&auto=webp&v=enabled&s=78263bf8dc72e135203f485eff16babddab8e27d

This morning I highlighted major pivot point that was 395.9 to 396.9. I have talked about these “double levels” before where on the daily chart we find ourselves with a an area of usually about $1 width where we have a new support and resistance area built. These areas usually form as strong pivots. 

This happened back down in the 380s if you look at that pic (or the daily pic below) that we had at 381.8 to 382.6. Once that area was established as a pivot point and bulls were able to close over it we were off to the races. 

Similarly today we broke down, tested daily 20ema support at 393.6 and bounced directly off that support line, recovered over the daily 8ema and closes over key 398.9 resistance. This to me is an extremely clear and obvious breakdown and recovery for a bullish continuation. 

&#x200B;

https://preview.redd.it/92lpd695t9ea1.png?width=975&format=png&auto=webp&v=enabled&s=d7162230856055ed93fa215ba13dfbf93095b310

Now taking a look at the daily here at close the one thing I am seeing is that 400.6 is an extremely strong resistance. Bulls are going to need a hard push through and over that resistance in order to see upside. 

I have said now for the last 3 weeks and many times it seems I am the only bull out here… but I strongly believe that until FOMC next Wednesday that we are going to see markets rally. I believe we are going to break through that red bear market resistance line and we are going to see 405 to 410 before we see 390 again. 

A lot of people have cited earnings as a possible bear catalyst. I actually agreed and I cited the bears best hope for a major dump is bad earnings -> rate hike surprise at FOMC/ future rate hikes still at FOMC -> rebound of CPI. 

However, with the fact that one of the strongest companies right now (we can debate this but MSFT is the GOAT… greater than Apple)… but if one of the strongest companies right now can give terrible recessionary guidance which sends the markets for one of the biggest red openings in a long time… only for the market to recover it all and then some… well I honestly do not know what the bears need to get this market to sell.

Remember guys… In order to see a sell off in this market we have to what? We have to have a reason to not only sell… but we have to a have a reason to CONTINUE to sell… this is the key part… Yes we are probably going to get some bad data over the next two to three months, we could get a CPI rebound and we could see JPOW hint at further rate hikes for the rest of the year…. However, ask yourself this… IF you bought anywhere from 348 to 400 on SPY… are any of those reasons good enough to want to sell and miss out on the next $20-30 move up on SPY (not saying this will happen but think like an investor here for a second). If you bough at 348 and you have rode a massive $50 move up on SPY… are you going to sell here? 

IF you watched SPY bounce off the 370s/ 380s numerous times and didn’t buy until 390… are you really going to sell at 400? Are you going to sell at 390 on a pullback? Probably not honestly. 

With all that being said… it is entirely possible that we will get enough data in a short period of time to cause a major short term sell off. Next week we have companies like Apple, Goog, and Amazon all reporting and we also have FOMC. If all three of those were to miss, and FOMC gets a 25bps and hints at further 25bps hikes (anyone thinking jpow does a 50bps is nuts) we could very well get an aggressive short term sell off back to 380-390. However, if the opposite happens where earnings are good for those companies or JPOW even remotely hints at a pause anytime in the short term (remember pause is no bps hike NOT a decrease in bps)…. Then honestly my upper extreme limit of 428 is very much so in play for February. 

We are closing back in on that red resistance line which is in play at 402.1 tomorrow. The weekly as I have mentioned already broke through which already favors upside. However, we need to see the daily break through to really seal the narrative that we are going to see 405.2. 

Key SPY support- 398.9 -> 396.6 -> 395.9 -> 393.6

Key SPY Resistance- 400.6 -> 402.7 -> 405.3

&#x200B;

https://preview.redd.it/xed0quv5t9ea1.png?width=975&format=png&auto=webp&v=enabled&s=56ab56527f08615747121634dd275e9ca9366113

I thought the December 13th CPI candle was gnarly on Futures but today I think takes the cake. This is probably the biggest and longest wick I have seen yet on futures. 

Not only did futes come down and smack 3965 support (also the daily 20ema) and bounce… we are also seeing the daily 8ema cross back over the 200ema for the first time since beginning of December. 

We do see that this candle with its odd structure did break through 4038… but we have yet to close back over that. WE do need to see bulls take out 4038 and look to reclaim key 4055 resistance from December CPI. 

Key Futures Support- 4032 -> 4020 -> 4008 -> 3985

Key Futures Resistance- 4038 -> 4055 -> 4080 -> 4095

&#x200B;

https://preview.redd.it/nyml9xf6t9ea1.png?width=975&format=png&auto=webp&v=enabled&s=5308550ae62fd3f9cadff534e3d508eea16006cd

Taking a look here at Tesla right now I am listening to Elon on the earnings call as I write this. He so far has not said anything too negative. He mostly so far has spoke on record breaking numbers and also that the price cuts on Tesla recently is a good thing as it brings Tesla to be more affordable for everyone else. 

We have a pretty underwhelming move right now at 1.5% which I believe IV had a priced in move of about 8%. 

Taking a look strictly at the technical here… 144 was a very key resistance for Tesla and we have officially broken through that resistance and closed over it. The next key level which the last 3 trading days have either rejected or fell just short of is 146.1. From there the next step is a run at the daily 50ema up in the low 150s. 

&#x200B;

https://preview.redd.it/l0qbb9y6t9ea1.png?width=975&format=png&auto=webp&v=enabled&s=62a6d0d5456bfdfa69e3a30785f34d423aeff038

I do not enjoy showing the weekly chart intraweek as I have mentioned but this one is worth showing as we need to watch this weekly candle close. If bulls can close back over the weekly 8ema for the first time since beginning of September and maintain this bullish v bottom I will be looking for Tesla to have a nice push to 176. However, if market overnight and tomorrow digest things negatively we will see a gravestone doji/ rejection of the weekly 8ema which will most likely result in a sell off and retest of the 110s-120s. 

This weekly candle will determine where we head for the next 3-4 weeks in my opinion. It is slightly early but honestly… I don’t hate 30dte calls on Tesla tomorrow. 

Key Tesla Support- 143.9 -> 139.4 -> 136 -> 133.3

Key Tesla Resistance- 146.1 -> 150 -> 154.1

&#x200B;

https://preview.redd.it/2eu0ekg7t9ea1.png?width=861&format=png&auto=webp&v=enabled&s=aa84b70863dd44fd91ea6f60ed3c96d1a930b02c

While many of you know the VIX has and remains at times completely detached from reality and the markets… there are many times where it is extremely helpful. One thing that I called out was that 20.9 was a key resistance to watch on the VIX for today.  That level is the blue resistance line for this falling wedge that we have been trading in since October. 

When we hard rejected off that level early this morning I knew it was time to get back into calls and that what we had seen over night was merely an over-reaction. I was able to dump into some 7 and 14dte Calls that ended up netting me a nice profit. Of course I ended up selling extremely early as I did not quite expect us to see 400 again today… but despite how detached the VIX is at times it still gives us slivers of information we can use to our advantage. 

Until we see that blue resistance broke and we close back over the daily 20ema… 

Overall despite the bears giving me a little sliver of nervousness and slight doubt when we opened -1% today… I remain bullish. I still remain under the assumption that we will touch 405.2 if not 410 before FOMC next week. With presumably so far nothing too negative on Tesla call that I have heard while writing this… I suspect markets to continue this bullishness tomorrow and possible through EOW. 

I would not go short until bulls officially lose the daily 20ema and we see a true change in momentum. Currently looking at the daily volatility gauge below (thanks again uncle to turning me onto this) until we get a greenback like back in mid December (this was CPI) we really should continue to see a push up. The daily price action also remains bullish also. 

&#x200B;

https://preview.redd.it/1k9olh58t9ea1.png?width=886&format=png&auto=webp&v=enabled&s=2bc59c8b0d56611afc58b54def9cf1206becbccd

I have said it and I will say it again… outside of a black swan event I do not think we make a new 52week low in 2023… 

**Daily log-**

Overall a pretty solid day. I tapped myself out of a call early this morning when I was looking at a high probability 396 support bounce and reversal. Other than that today was an excellent day of trading. 

&#x200B;

https://preview.redd.it/tzexhuk8t9ea1.png?width=794&format=png&auto=webp&v=enabled&s=655b21dd177e03076c5fdd0103d4aada1a87bc5a

I am still carrying my now 13dte 402c I opened yesterday EOD (had closed some other 14dte for profits on the msft spike and re-opened new before EOD). I still remain with high conviction that these will be profitable. I would not be surprised if I can close them tomorrow with a nice profit.",70,57,https://www.reddit.com/r/wallstreetbets/comments/10lcl4j/bulls_remain_in_control_the_road_to_410_continues/,Tesla earnings,"Bulls remain in control… the road to 410 continues… 1-25-23 SPY/ ES Futures and Tesla Daily Market Analysis Now I know I wrote my post yesterday before the MSFT earnings call which sent the markets spiraling… and I know many of you were ready to bash me for being a bull in these times… well today if you aren’t on team bull after seeing a $7.14 v shaped recovery intraday.. well then I don’t know how else to convince you to be a bull. 

&#x200B;

https://preview.redd.it/2sg424p4t9ea1.png?width=975&format=png&auto=webp&v=enabled&s=78263bf8dc72e135203f485eff16babddab8e27d

This morning I highlighted major pivot point that was 395.9 to 396.9. I have talked about these “double levels” before where on the daily chart we find ourselves with a an area of usually about $1 width where we have a new support and resistance area built. These areas usually form as strong pivots. 

This happened back down in the 380s if you look at that pic (or the daily pic below) that we had at 381.8 to 382.6. Once that area was established as a pivot point and bulls were able to close over it we were off to the races. 

Similarly today we broke down, tested daily 20ema support at 393.6 and bounced directly off that support line, recovered over the daily 8ema and closes over key 398.9 resistance. This to me is an extremely clear and obvious breakdown and recovery for a bullish continuation. 

&#x200B;

https://preview.redd.it/92lpd695t9ea1.png?width=975&format=png&auto=webp&v=enabled&s=d7162230856055ed93fa215ba13dfbf93095b310

Now taking a look at the daily here at close the one thing I am seeing is that 400.6 is an extremely strong resistance. Bulls are going to need a hard push through and over that resistance in order to see upside. 

I have said now for the last 3 weeks and many times it seems I am the only bull out here… but I strongly believe that until FOMC next Wednesday that we are going to see markets rally. I believe we are going to break through that red bear market resistance line and we are going to see 405 to 410 before we see 390 again. 

A lot of people have cited earnings as a possible bear catalyst. I actually agreed and I cited the bears best hope for a major dump is bad earnings -> rate hike surprise at FOMC/ future rate hikes still at FOMC -> rebound of CPI. 

However, with the fact that one of the strongest companies right now (we can debate this but MSFT is the GOAT… greater than Apple)… but if one of the strongest companies right now can give terrible recessionary guidance which sends the markets for one of the biggest red openings in a long time… only for the market to recover it all and then some… well I honestly do not know what the bears need to get this market to sell.

Remember guys… In order to see a sell off in this market we have to what? We have to have a reason to not only sell… but we have to a have a reason to CONTINUE to sell… this is the key part… Yes we are probably going to get some bad data over the next two to three months, we could get a CPI rebound and we could see JPOW hint at further rate hikes for the rest of the year…. However, ask yourself this… IF you bought anywhere from 348 to 400 on SPY… are any of those reasons good enough to want to sell and miss out on the next $20-30 move up on SPY (not saying this will happen but think like an investor here for a second). If you bough at 348 and you have rode a massive $50 move up on SPY… are you going to sell here? 

IF you watched SPY bounce off the 370s/ 380s numerous times and didn’t buy until 390… are you really going to sell at 400? Are you going to sell at 390 on a pullback? Probably not honestly. 

With all that being said… it is entirely possible that we will get enough data in a short period of time to cause a major short term sell off. Next week we have companies like Apple, Goog, and Amazon all reporting and we also have FOMC. If all three of those were to miss, and FOMC gets a 25bps and hints at further 25bps hikes (anyone thinking jpow does a 50bps is nuts) we could very well get an aggressive short term sell off back to 380-390. However, if the opposite happens where earnings are good for those companies or JPOW even remotely hints at a pause anytime in the short term (remember pause is no bps hike NOT a decrease in bps)…. Then honestly my upper extreme limit of 428 is very much so in play for February. 

We are closing back in on that red resistance line which is in play at 402.1 tomorrow. The weekly as I have mentioned already broke through which already favors upside. However, we need to see the daily break through to really seal the narrative that we are going to see 405.2. 

Key SPY support- 398.9 -> 396.6 -> 395.9 -> 393.6

Key SPY Resistance- 400.6 -> 402.7 -> 405.3

&#x200B;

https://preview.redd.it/xed0quv5t9ea1.png?width=975&format=png&auto=webp&v=enabled&s=56ab56527f08615747121634dd275e9ca9366113

I thought the December 13th CPI candle was gnarly on Futures but today I think takes the cake. This is probably the biggest and longest wick I have seen yet on futures. 

Not only did futes come down and smack 3965 support (also the daily 20ema) and bounce… we are also seeing the daily 8ema cross back over the 200ema for the first time since beginning of December. 

We do see that this candle with its odd structure did break through 4038… but we have yet to close back over that. WE do need to see bulls take out 4038 and look to reclaim key 4055 resistance from December CPI. 

Key Futures Support- 4032 -> 4020 -> 4008 -> 3985

Key Futures Resistance- 4038 -> 4055 -> 4080 -> 4095

&#x200B;

https://preview.redd.it/nyml9xf6t9ea1.png?width=975&format=png&auto=webp&v=enabled&s=5308550ae62fd3f9cadff534e3d508eea16006cd

Taking a look here at Tesla right now I am listening to Elon on the earnings call as I write this. He so far has not said anything too negative. He mostly so far has spoke on record breaking numbers and also that the price cuts on Tesla recently is a good thing as it brings Tesla to be more affordable for everyone else. 

We have a pretty underwhelming move right now at 1.5% which I believe IV had a priced in move of about 8%. 

Taking a look strictly at the technical here… 144 was a very key resistance for Tesla and we have officially broken through that resistance and closed over it. The next key level which the last 3 trading days have either rejected or fell just short of is 146.1. From there the next step is a run at the daily 50ema up in the low 150s. 

&#x200B;

https://preview.redd.it/l0qbb9y6t9ea1.png?width=975&format=png&auto=webp&v=enabled&s=62a6d0d5456bfdfa69e3a30785f34d423aeff038

I do not enjoy showing the weekly chart intraweek as I have mentioned but this one is worth showing as we need to watch this weekly candle close. If bulls can close back over the weekly 8ema for the first time since beginning of September and maintain this bullish v bottom I will be looking for Tesla to have a nice push to 176. However, if market overnight and tomorrow digest things negatively we will see a gravestone doji/ rejection of the weekly 8ema which will most likely result in a sell off and retest of the 110s-120s. 

This weekly candle will determine where we head for the next 3-4 weeks in my opinion. It is slightly early but honestly… I don’t hate 30dte calls on Tesla tomorrow. 

Key Tesla Support- 143.9 -> 139.4 -> 136 -> 133.3

Key Tesla Resistance- 146.1 -> 150 -> 154.1

&#x200B;

https://preview.redd.it/2eu0ekg7t9ea1.png?width=861&format=png&auto=webp&v=enabled&s=aa84b70863dd44fd91ea6f60ed3c96d1a930b02c

While many of you know the VIX has and remains at times completely detached from reality and the markets… there are many times where it is extremely helpful. One thing that I called out was that 20.9 was a key resistance to watch on the VIX for today.  That level is the blue resistance line for this falling wedge that we have been trading in since October. 

When we hard rejected off that level early this morning I knew it was time to get back into calls and that what we had seen over night was merely an over-reaction. I was able to dump into some 7 and 14dte Calls that ended up netting me a nice profit. Of course I ended up selling extremely early as I did not quite expect us to see 400 again today… but despite how detached the VIX is at times it still gives us slivers of information we can use to our advantage. 

Until we see that blue resistance broke and we close back over the daily 20ema… 

Overall despite the bears giving me a little sliver of nervousness and slight doubt when we opened -1% today… I remain bullish. I still remain under the assumption that we will touch 405.2 if not 410 before FOMC next week. With presumably so far nothing too negative on Tesla call that I have heard while writing this… I suspect markets to continue this bullishness tomorrow and possible through EOW. 

I would not go short until bulls officially lose the daily 20ema and we see a true change in momentum. Currently looking at the daily volatility gauge below (thanks again uncle to turning me onto this) until we get a greenback like back in mid December (this was CPI) we really should continue to see a push up. The daily price action also remains bullish also. 

&#x200B;

https://preview.redd.it/1k9olh58t9ea1.png?width=886&format=png&auto=webp&v=enabled&s=2bc59c8b0d56611afc58b54def9cf1206becbccd

I have said it and I will say it again… outside of a black swan event I do not think we make a new 52week low in 2023… 

**Daily log-**

Overall a pretty solid day. I tapped myself out of a call early this morning when I was looking at a high probability 396 support bounce and reversal. Other than that today was an excellent day of trading. 

&#x200B;

https://preview.redd.it/tzexhuk8t9ea1.png?width=794&format=png&auto=webp&v=enabled&s=655b21dd177e03076c5fdd0103d4aada1a87bc5a

I am still carrying my now 13dte 402c I opened yesterday EOD (had closed some other 14dte for profits on the msft spike and re-opened new before EOD). I still remain with high conviction that these will be profitable. I would not be surprised if I can close them tomorrow with a nice profit."
TSLA_001,10lddyo,wallstreetbets,2023-01-25 23:37:38,Tesla Earnings Call Notes," earnings call key notes   
\----------------------------------------------------------------   
Automotive operating margins above 20% after price cuts above 47k average product price 

2x demand vs production 

Question: are you concerned about brand damage from your political stances? elon: i still have plenty of twitter followers and growing. I'm quite popular  

Cyber truck production Mid Summer Volume production 2024

 2 million cars is potential if no supply chain restraints 

new exciting products in line won't announce yet 

FSD Take rate trend very strong 

Question: who do you see as your main competitor in the next 5 years? Elon musk: I can't see one with a telescope",18,19,https://www.reddit.com/r/wallstreetbets/comments/10lddyo/tesla_earnings_call_notes/,Tesla earnings,"Tesla Earnings Call Notes  earnings call key notes   
\----------------------------------------------------------------   
Automotive operating margins above 20% after price cuts above 47k average product price 

2x demand vs production 

Question: are you concerned about brand damage from your political stances? elon: i still have plenty of twitter followers and growing. I'm quite popular  

Cyber truck production Mid Summer Volume production 2024

 2 million cars is potential if no supply chain restraints 

new exciting products in line won't announce yet 

FSD Take rate trend very strong 

Question: who do you see as your main competitor in the next 5 years? Elon musk: I can't see one with a telescope"
TSLA_001,10ldjx7,wallstreetbets,2023-01-25 23:44:58,"$TSLA is not a buy, it's a HOLD at best and a SELL imo. Here is why.","We got the Tesla earnings and Papa Elon cult is back at it with their ""bers r fuk"" posts. 


I know we're all regarded here but just try looking into TSLA's actual Q4 earnings package. 


Firstly it tells you everything you need to know about Tesla the company. It's all about marketing. That's the only thing Elon is good at... well mostly. 


Numbers that matter are at the very end of the report after 8 pages of photos for you crayon eating monkeys. 


TESLA IS AN AUTO MANUFACTURER! Even in their comparison charts that's what they compare themselves to. But what they don't compare is apples to apples. Automotive gross margin of Tesla is on a decline after a year where they had the highest prices before they had to cut prices at the end of 22 and beginning of this year. 


With lower prices, their margin is going to drop even more. Now add a slowdown in economy to the mix where they will have lower demand, Tesla has probably just posted their best earnings for the next 4-6 quarters. 


This is probably peak Tesla in this cycle. Now let's look at their cashflows. Tesla claims to have enough cash to get through the hard times. This quarter alone, they have used up 15% of their cash from end of Q3. 


Tesla also has an increase in inventory which is not huge but not a great sign. If everything is going so great, we need to see the opposite. 


TL:DR This is a warning post for those of you who think Tesla has dropped ""enough."" When you compare it with other auto manufacturers you see the disconnect. Sooner or later TSLA will be valued just like other auto manufacturers. With limited growth while burning through cash, TSLA is a hold at best and a sell IMO.",0,273,https://www.reddit.com/r/wallstreetbets/comments/10ldjx7/tsla_is_not_a_buy_its_a_hold_at_best_and_a_sell/,Tesla earnings,"$TSLA is not a buy, it's a HOLD at best and a SELL imo. Here is why. We got the Tesla earnings and Papa Elon cult is back at it with their ""bers r fuk"" posts. 


I know we're all regarded here but just try looking into TSLA's actual Q4 earnings package. 


Firstly it tells you everything you need to know about Tesla the company. It's all about marketing. That's the only thing Elon is good at... well mostly. 


Numbers that matter are at the very end of the report after 8 pages of photos for you crayon eating monkeys. 


TESLA IS AN AUTO MANUFACTURER! Even in their comparison charts that's what they compare themselves to. But what they don't compare is apples to apples. Automotive gross margin of Tesla is on a decline after a year where they had the highest prices before they had to cut prices at the end of 22 and beginning of this year. 


With lower prices, their margin is going to drop even more. Now add a slowdown in economy to the mix where they will have lower demand, Tesla has probably just posted their best earnings for the next 4-6 quarters. 


This is probably peak Tesla in this cycle. Now let's look at their cashflows. Tesla claims to have enough cash to get through the hard times. This quarter alone, they have used up 15% of their cash from end of Q3. 


Tesla also has an increase in inventory which is not huge but not a great sign. If everything is going so great, we need to see the opposite. 


TL:DR This is a warning post for those of you who think Tesla has dropped ""enough."" When you compare it with other auto manufacturers you see the disconnect. Sooner or later TSLA will be valued just like other auto manufacturers. With limited growth while burning through cash, TSLA is a hold at best and a sell IMO."
TSLA_001,10lfzjd,wallstreetbets,2023-01-26 01:36:31,Called tesla x2 earlier before earnings. Wish me luck guys. Crossing fingers here.,,3,15,https://www.reddit.com/r/wallstreetbets/comments/10lfzjd/called_tesla_x2_earlier_before_earnings_wish_me/,Tesla earnings,Called tesla x2 earlier before earnings. Wish me luck guys. Crossing fingers here.
TSLA_001,10lhixz,wallstreetbets,2023-01-26 02:51:25,Tesla Squeeze COMING UP??,"Tesla up 5.5% post market sitting around 152.3.  This is an attractive valuation especially after fairly bullish earnings.  I think there is a good chance the following play will make a bag.  

Here it is, good GDP tomorrow, load up on 1/27 EXP calls around market close and we'll F\*\*\*\*\*\*\* RIP Friday.  TSLA has a good chance in my opinion of getting up to the mid 160's and IV should be low tomorrow.  Loading up at close will give you a decent value on the options but also good exposure for Friday.  Sell options around 10:45 Friday before Wall Street sells off in anticipation of Powell.  Should make a couple hundred percent at least if it hits.  This is where I'm at.",2,26,https://www.reddit.com/r/wallstreetbets/comments/10lhixz/tesla_squeeze_coming_up/,Tesla earnings,"Tesla Squeeze COMING UP?? Tesla up 5.5% post market sitting around 152.3.  This is an attractive valuation especially after fairly bullish earnings.  I think there is a good chance the following play will make a bag.  

Here it is, good GDP tomorrow, load up on 1/27 EXP calls around market close and we'll F\*\*\*\*\*\*\* RIP Friday.  TSLA has a good chance in my opinion of getting up to the mid 160's and IV should be low tomorrow.  Loading up at close will give you a decent value on the options but also good exposure for Friday.  Sell options around 10:45 Friday before Wall Street sells off in anticipation of Powell.  Should make a couple hundred percent at least if it hits.  This is where I'm at."
TSLA_001,10lrbqm,wallstreetbets,2023-01-26 13:04:05,Tesla earnings call highlights!,,15,15,https://www.reddit.com/gallery/10lrbqm,Tesla earnings,Tesla earnings call highlights!
TSLA_001,10lvek8,wallstreetbets,2023-01-26 16:10:23,"I’m All-In on NIO ($70,000 Margin)","POSITION UNDER MOD’S PINNED COMMENT (HIGHLY SPECULATIVE INVESTMENT)

NIO is among the strongest EV players in China as they rub shoulders with Tesla. 
Their NIO House concept attempts to not only create an unparalleled sales experience, but also a community which can gather at the spaces to work, relax, or do anything in between. 
Something which has never been seen in a dealership strategy. 

NIO is also involved in consumer product collaborations, power systems, and food quality management systems. This is simply a good, diversified company.

Now this is all great and cheery, but why did I put $70,000 of margin in it?

5 Quick Points: 

1. Revenue has been steadily increasing, closing the gap between earnings 

2. Year-over-year Quarterly revenue growth is up nearly 33% while XPeng is up 19%.

3. A healthy current ratio of 1.59, robust cash flow

4. Low (future adjusted) Market Cap of $20B

5. Down 45% on the year, oversold 

6. Chinese economic strength as the rest of the world contracts 

7. Much softer than expected global recession 


The bottom line is, the future is uncertain yet bright for NIO as financials heal. No matter how things unfold, they will remain a major competitor to Tesla and eventually expand well into Europe. 

I’m sure many of you have done DD on NIO which is far more in-depth than mine, discuss it here! 

Happy trading, profitable investing 🥂",24,56,https://www.reddit.com/r/wallstreetbets/comments/10lvek8/im_allin_on_nio_70000_margin/,Tesla earnings,"I’m All-In on NIO ($70,000 Margin) POSITION UNDER MOD’S PINNED COMMENT (HIGHLY SPECULATIVE INVESTMENT)

NIO is among the strongest EV players in China as they rub shoulders with Tesla. 
Their NIO House concept attempts to not only create an unparalleled sales experience, but also a community which can gather at the spaces to work, relax, or do anything in between. 
Something which has never been seen in a dealership strategy. 

NIO is also involved in consumer product collaborations, power systems, and food quality management systems. This is simply a good, diversified company.

Now this is all great and cheery, but why did I put $70,000 of margin in it?

5 Quick Points: 

1. Revenue has been steadily increasing, closing the gap between earnings 

2. Year-over-year Quarterly revenue growth is up nearly 33% while XPeng is up 19%.

3. A healthy current ratio of 1.59, robust cash flow

4. Low (future adjusted) Market Cap of $20B

5. Down 45% on the year, oversold 

6. Chinese economic strength as the rest of the world contracts 

7. Much softer than expected global recession 


The bottom line is, the future is uncertain yet bright for NIO as financials heal. No matter how things unfold, they will remain a major competitor to Tesla and eventually expand well into Europe. 

I’m sure many of you have done DD on NIO which is far more in-depth than mine, discuss it here! 

Happy trading, profitable investing 🥂"
TSLA_001,10lyh18,wallstreetbets,2023-01-26 18:17:24,$TSLA play with 45% downside protection,"Tesla had a positive fourth-quarter report of $3.7 billion in profits, up 59% from the previous year.Elon Musk: ""We currently are seeing orders at almost twice the rate of production.""$TSLA shares jumped nearly 10% this morning. But with higher interest rates coming this year and some customers unhappy with the luxury brand's slashed prices, the company may face challenges to maintain the same level of profitability.

Fellow wsb-ers may have gone [full bear](https://www.reddit.com/r/wallstreetbets/comments/10l8243/tsla_puts_locked_and_loaded_for_fireworks_tonight/) or [full bull](https://www.reddit.com/r/wallstreetbets/comments/10l7r5l/669k_on_tsla_calls_into_earnings/) into earnings, but here's another option for you smooth brains out there.

**Defined Risk Investing**

Get downside protection when the stock price drops, while also maintaining your growth potential. The power of ""AND."" You can modify this strategy to fit your risk tolerance and outlook -- the smaller the cushion, the higher the potential profit.

For example, this $TSLA credit spread makes a fixed 12% annualized in premium collected, as long as the price doesn't drop by more than 45% at maturity.

[P&L at maturity if TSLA drops to $84.65](https://preview.redd.it/oud7l5nqifea1.png?width=1532&format=png&auto=webp&v=enabled&s=6f526c22a67c6c4a79c49620d7bbb0295cb1592b)

Buy 3 $70 p, sell 1 $75 p, sell 3 $80 p, all expiring 7/21/23",1,11,https://www.reddit.com/r/wallstreetbets/comments/10lyh18/tsla_play_with_45_downside_protection/,Tesla earnings,"$TSLA play with 45% downside protection Tesla had a positive fourth-quarter report of $3.7 billion in profits, up 59% from the previous year.Elon Musk: ""We currently are seeing orders at almost twice the rate of production.""$TSLA shares jumped nearly 10% this morning. But with higher interest rates coming this year and some customers unhappy with the luxury brand's slashed prices, the company may face challenges to maintain the same level of profitability.

Fellow wsb-ers may have gone [full bear](https://www.reddit.com/r/wallstreetbets/comments/10l8243/tsla_puts_locked_and_loaded_for_fireworks_tonight/) or [full bull](https://www.reddit.com/r/wallstreetbets/comments/10l7r5l/669k_on_tsla_calls_into_earnings/) into earnings, but here's another option for you smooth brains out there.

**Defined Risk Investing**

Get downside protection when the stock price drops, while also maintaining your growth potential. The power of ""AND."" You can modify this strategy to fit your risk tolerance and outlook -- the smaller the cushion, the higher the potential profit.

For example, this $TSLA credit spread makes a fixed 12% annualized in premium collected, as long as the price doesn't drop by more than 45% at maturity.

[P&L at maturity if TSLA drops to $84.65](https://preview.redd.it/oud7l5nqifea1.png?width=1532&format=png&auto=webp&v=enabled&s=6f526c22a67c6c4a79c49620d7bbb0295cb1592b)

Buy 3 $70 p, sell 1 $75 p, sell 3 $80 p, all expiring 7/21/23"
TSLA_001,10lepaf,teslamotors,2023-01-26 00:35:42,Tesla Q4 Earnings Results,,1,0,https://i.redd.it/1pvltgz2rbea1.jpg,Tesla earnings,Tesla Q4 Earnings Results
