event_id,post_id,subreddit,created_date,title,selftext,score,num_comments,url,search_query,text
TSLA_009,10ajpyk,teslainvestorsclub,2023-01-13 03:21:15,Tesla drops prices across the board for all vehicles,,212,264,/r/TeslaLounge/comments/10ajidp/tesla_drops_prices_across_the_board_for_all/,Tesla price,Tesla drops prices across the board for all vehicles
TSLA_009,10an8t8,teslainvestorsclub,2023-01-13 06:19:57,Tesla cuts prices in Europe,,1,1,https://www.reddit.com/r/teslainvestorsclub/comments/10an8t8/tesla_cuts_prices_in_europe/,Tesla price,Tesla cuts prices in Europe
TSLA_009,10aov9q,teslainvestorsclub,2023-01-13 07:56:57,Tesla Daily does a good job of putting Tesla price drops in context.,,6,2,https://www.youtube.com/watch?v=OVVIIITbdbs,Tesla price,Tesla Daily does a good job of putting Tesla price drops in context.
TSLA_009,10atl62,teslainvestorsclub,2023-01-13 12:40:40,Why People Are Calculating Tesla's Margins Incorrectly After Price Drop,,1,0,https://www.reddit.com/r/teslainvestorsclub/comments/10atl62/why_people_are_calculating_teslas_margins/,Tesla price,Why People Are Calculating Tesla's Margins Incorrectly After Price Drop
TSLA_009,10av10r,teslainvestorsclub,2023-01-13 13:51:05,"Tesla ramps up pressure on rivals with U.S., Europe price cuts",,150,44,https://www.reuters.com/business/autos-transportation/tesla-cuts-prices-electric-vehicles-us-market-2023-01-13/,Tesla price,"Tesla ramps up pressure on rivals with U.S., Europe price cuts"
TSLA_009,10aykj3,teslainvestorsclub,2023-01-13 16:22:42,Tesla cuts prices on all models worldwide,,2,1,https://www.quicktechnics.com/en/post/tesla-cuts-prices-on-all-models-worldwide,Tesla price,Tesla cuts prices on all models worldwide
TSLA_009,10aykwj,teslainvestorsclub,2023-01-13 16:23:07,"Tesla Price Cuts - China, Gross Margins, 2023 and Beyond",,1,0,,Tesla price,"Tesla Price Cuts - China, Gross Margins, 2023 and Beyond"
TSLA_009,10aylsq,teslainvestorsclub,2023-01-13 16:24:11,"Tesla Price Cuts - China, Margins, 2023 and Beyond",,31,25,https://pdfhost.io/v/YezIIQZFj_Tesla_Price_Cuts1,Tesla price,"Tesla Price Cuts - China, Margins, 2023 and Beyond"
TSLA_009,10bjdam,teslainvestorsclub,2023-01-14 08:20:00,Tesla Massively Reduces Prices. Here Are the New Prices and Why They Did It,,54,72,https://www.notateslaapp.com/news/1147/tesla-massively-reduces-prices-here-are-the-new-prices-and-why-they-did-it,Tesla price,Tesla Massively Reduces Prices. Here Are the New Prices and Why They Did It
TSLA_009,10c9bin,teslainvestorsclub,2023-01-15 03:28:38,Tesla Average Sales Price and Automotive Gross Margin won't go down as much as some might think after price cuts,"Tesla recently cut prices significantly around the world, causing some concern that the average selling price will decline significantly and automotive gross margin with it as well. This is true to some extent, but it will not be as bad as some might predict - you shouldn't simply take the price cut percentage and subtract from the latest quarter's gross profit margin to get the new gross margin. Also, it is not accurate to simply assume a fixed percentage cut and apply it to last quarter's average selling price.

&#x200B;

Instead, it is better to take a bottoms-up approach - recording the prices in the 9 countries (US, China, Germany, UK, Canada, France, Korea, Australia, Japan) with the most Tesla sales, make some informed conservative assumptions around take rates for options on the cars, and multiply by the shares of each market. Here's a sample of the ASP for US, China, Germany, and Korea (please note the prices listed here may be lower than on the website because I exclude VAT taxes, EV credits, and destination fees):

&#x200B;

https://preview.redd.it/h3rlqvoae4ca1.png?width=1802&format=png&auto=webp&v=enabled&s=9b1f509b2c6d75e787b04d8893c6114dc9b0f3a1

The result for the average selling price on the Model 3/Y is as follows:

https://preview.redd.it/w4vb0m0bf4ca1.png?width=963&format=png&auto=webp&v=enabled&s=fc9e2b62854fee09049ba12e8fc889f7200fbc75

So how does this ASP for the S3XY lineup compare historically? It would be the lowest ASP in 7 quarters, but not that much lower. See below graph. How come it's not totally cratering? Mostly because Tesla was \[running down a significant backlog in Q3 and Q4\]([https://twitter.com/TroyTeslike/status/1609346097733828609](https://twitter.com/TroyTeslike/status/1609346097733828609)), and those cars were ordered months before at much lower prices. Hence Q3 and Q4 ASP is not as high as the prices on the website during Q3/Q4 would imply, and therefore Q1 is not as much of a drop off as one might think.

&#x200B;

https://preview.redd.it/jhlrmyiag4ca1.png?width=935&format=png&auto=webp&v=enabled&s=69b090578ba8e2acfb816fc5ce2f63a398de0389

So what about the impact to gross profit margins? To figure that out, we need to look at average cost of goods sold, which is simple to calculate historically based on previous quarters (consider automotive revenue excluding leases and regulatory credits, and divide by the number of cars excluding leases).  I estimated Q4 and Q1 and they will show reductions due to Berlin/Austin ramp efficiencies, cost reductions from commodity spot prices, changing model mix, and foreign exchange rates. The largest driver of declines from Q2 is better fixed cost absorption after the ramp up of the Berlin and Austin factories. Here is the resulting cost of goods sold:

&#x200B;

https://preview.redd.it/0xab39pni4ca1.png?width=932&format=png&auto=webp&v=enabled&s=43fb0493b22f64a92ffcf7c061c7d3540f3d50a6

Now that we have automotive average selling price and average cost of goods sold computed, we can see that gross margin will not be much lower than prior quarters:

&#x200B;

https://preview.redd.it/rfllp5g9j4ca1.png?width=928&format=png&auto=webp&v=enabled&s=7baaf6d9671d7c4a20682f04e40e5f0dd3033cc4

The likelihood that the large price cuts can spur demand and potentially get Tesla up to 475k units in Q1 without cratering ASPs and gross margins is a great sign for Tesla's profitability going forward, and likely means that analysts will significantly underestimate Tesla's profits in the year ahead.

Please share any thoughts or critiques.",146,63,https://www.reddit.com/r/teslainvestorsclub/comments/10c9bin/tesla_average_sales_price_and_automotive_gross/,Tesla price,"Tesla Average Sales Price and Automotive Gross Margin won't go down as much as some might think after price cuts Tesla recently cut prices significantly around the world, causing some concern that the average selling price will decline significantly and automotive gross margin with it as well. This is true to some extent, but it will not be as bad as some might predict - you shouldn't simply take the price cut percentage and subtract from the latest quarter's gross profit margin to get the new gross margin. Also, it is not accurate to simply assume a fixed percentage cut and apply it to last quarter's average selling price.

&#x200B;

Instead, it is better to take a bottoms-up approach - recording the prices in the 9 countries (US, China, Germany, UK, Canada, France, Korea, Australia, Japan) with the most Tesla sales, make some informed conservative assumptions around take rates for options on the cars, and multiply by the shares of each market. Here's a sample of the ASP for US, China, Germany, and Korea (please note the prices listed here may be lower than on the website because I exclude VAT taxes, EV credits, and destination fees):

&#x200B;

https://preview.redd.it/h3rlqvoae4ca1.png?width=1802&format=png&auto=webp&v=enabled&s=9b1f509b2c6d75e787b04d8893c6114dc9b0f3a1

The result for the average selling price on the Model 3/Y is as follows:

https://preview.redd.it/w4vb0m0bf4ca1.png?width=963&format=png&auto=webp&v=enabled&s=fc9e2b62854fee09049ba12e8fc889f7200fbc75

So how does this ASP for the S3XY lineup compare historically? It would be the lowest ASP in 7 quarters, but not that much lower. See below graph. How come it's not totally cratering? Mostly because Tesla was \[running down a significant backlog in Q3 and Q4\]([https://twitter.com/TroyTeslike/status/1609346097733828609](https://twitter.com/TroyTeslike/status/1609346097733828609)), and those cars were ordered months before at much lower prices. Hence Q3 and Q4 ASP is not as high as the prices on the website during Q3/Q4 would imply, and therefore Q1 is not as much of a drop off as one might think.

&#x200B;

https://preview.redd.it/jhlrmyiag4ca1.png?width=935&format=png&auto=webp&v=enabled&s=69b090578ba8e2acfb816fc5ce2f63a398de0389

So what about the impact to gross profit margins? To figure that out, we need to look at average cost of goods sold, which is simple to calculate historically based on previous quarters (consider automotive revenue excluding leases and regulatory credits, and divide by the number of cars excluding leases).  I estimated Q4 and Q1 and they will show reductions due to Berlin/Austin ramp efficiencies, cost reductions from commodity spot prices, changing model mix, and foreign exchange rates. The largest driver of declines from Q2 is better fixed cost absorption after the ramp up of the Berlin and Austin factories. Here is the resulting cost of goods sold:

&#x200B;

https://preview.redd.it/0xab39pni4ca1.png?width=932&format=png&auto=webp&v=enabled&s=43fb0493b22f64a92ffcf7c061c7d3540f3d50a6

Now that we have automotive average selling price and average cost of goods sold computed, we can see that gross margin will not be much lower than prior quarters:

&#x200B;

https://preview.redd.it/rfllp5g9j4ca1.png?width=928&format=png&auto=webp&v=enabled&s=7baaf6d9671d7c4a20682f04e40e5f0dd3033cc4

The likelihood that the large price cuts can spur demand and potentially get Tesla up to 475k units in Q1 without cratering ASPs and gross margins is a great sign for Tesla's profitability going forward, and likely means that analysts will significantly underestimate Tesla's profits in the year ahead.

Please share any thoughts or critiques."
TSLA_009,10cq66c,teslainvestorsclub,2023-01-15 17:58:24,Megapack - Margin Clues in Q3!,"Hey again everyone.

For this post i want to discuss the Q3 Energy segment results. I believe there may be some clues in the results that may have likely been missed by many.

Here are the results for Q3 and the previous four quarters:

[Tesla Q3 2022 Energy Segment](https://preview.redd.it/rur63wvlb8ca1.png?width=1349&format=png&auto=webp&v=enabled&s=dd2a0b60df9d7492e8be084e596e1d16a8fe5d40)

So, as you can see Tesla deployed 94MW of Solar and 2,100MWh of storage earning $1,117m in revenues costing $1,013m, leaving them with gross margins of 9.3%.

I was looking for clues regarding Megapack so what i wanted to do is try to isolate revenues and costs for each product.

First i started with Solar. My assumptions on Solar are the majority of deployments are Solar Panels and not Solar Roof. So, this analysis should be taken with a grain of salt because i will consider all the 94MW deployed as Solar Panels. To calculate the revenues for Solar Panel i visited the Tesla website here:

[Tesla Solar + Powerwall](https://preview.redd.it/f4w0vex3d8ca1.png?width=1037&format=png&auto=webp&v=enabled&s=211c7b62c1164621d6649fa409699d1881e7a472)

You can play with the configurator yourself, but what you will find is Tesla doesn't offer much of a discount for Solar Panels based on system size. Price scales roughly linear with size. That means that 4.8kW of Solar Panels costs $9.6k, a 9.6kW system will cost double, or $19.2k, so and and so forth.

So, to figure the Revenues contribution from Tesla Solar Panels in Q3 the math looks like this: 94,000/4.8 x $9,647 =  $188,920,416.

Now, you can see above 1 Powerwall costs $12,850. Powerwalls have 13.5KWh of storage. To figure the Revenue contribution from Powerwall i had to assume how much of the 2,100MWh of Storage delivered was Powerwall. I assume 500MWh. The reason i chose 500MWh is twofold. First, is an image from the Q3 2021 Earnings slide deck:

[Q3 2021 Slide-deck - Tesla Energy](https://preview.redd.it/stapcj7ef8ca1.png?width=1386&format=png&auto=webp&v=enabled&s=396e203973152edadabc24a82a64ca32c3097d80)

In this slide, Tesla says they deployed 3GWh of Megapack in the TTM. During the TTM they delivered 4,598 MWh of Storage. That means over the TTM ending in Q3 2021, Tesla deployed approximately 1.6GWh of Powerwall.

But Q3, 2021 was one year before Q3 2022 and surely Powerwall deployments would have ramped since then. That is the second reason for my choice. I am accounting for a small increase in deployments which would equal 2GWh on a TTM basis. But that increase must be tempered by the change Tesla made to only sell Powerwall with Solar.

Based on these assumptions we can figure how many Powerwalls Tesla sold in the quarter: 500,000KWh/13.5KWh = 37,037 Powerwalls.

Further supporting this figure is that [according to this site the typical Solar PV System in the US averages 6KW](https://www.solarreviews.com/blog/how-much-electricity-does-a-solar-panel-produce). If we assume the average size of Tesla's Solar installations is also 6KW we can figure how many systems they deployed in Q3 by dividing 94,000KW (the amount of solar deployed in Q3) by 6KW, and we get 15,666.

This would also mean Tesla sold an average of 2.36 Powerwalls per Solar PV system (37,037 Powerwalls divided by 15,666 Solar systems). This appears reasonable considering [comments made by southern-energy on their website](https://southern-energy.com/guide-to-tesla-powerwall/) claiming: ""***70% of our customers buy more than one Powerwall.*** *For most systems, we install 2 or 3 Powerwalls.""*

So 37,037 Powerwalls at a price of $12,800 a piece would be $475,925,450.

To recap, we now have $188,920,416 from 94MW of Solar deployed and $475,925,450 from 500MWh of Powerwalls deployed, for a combined total of $664,845,866 in Revenue.

However you'll notice Tesla provides a $1,350 Powerwall discount which scales for every Powerwall added. Meaning, if you buy two Powerwalls you get $2,700 in discounts and $3,050 in discounts for 3 Powerwalls. See here:

[Powerwall Discount](https://preview.redd.it/so0z352ul8ca1.png?width=442&format=png&auto=webp&v=enabled&s=88e154624e558b43ce202bd218fcee43b12355d9)

That means we need to adjust our revenues by $-1,350 x 37,037 Powerwalls = -$49,999,950.

Thus leaving us with $614,845,916 in Revenues from Solar + Powerwall.

Total Revenues for Q3 was $1,117,000,000 and total storage was 2,100MWh.

This leaves us with $502,154,084 in Revenues and 1,600MWh of Storage, all of which are assumed to be from Megapack deployments.

Now, the only way we can get remotely close to $502m in revenue from 1,600MWh is if all the Megapacks delivered were the oldest version which had a 3MWh capacity and sold for approx. $1.2m for a single unit, $1m/unit for orders of \~10+, and as low as $850k/unit for orders of 100+. [You can read more about the old pricing here](https://electrek.co/2021/07/26/tesla-reveals-megapack-prices/).

So based on the above this is what the math looks like:

1,600MWh / 3MWh = 533 Megapacks.

~~533 MPs x $1.2m = $639,600,000~~

533 MPs x $1m    = $533,000,000

533 MPs x $850k = $453,050,000

It's safe to say most customers were probably not ordering Megapack in singles. So we can rule that one out.

But if we look at the Revenue generate between orders of 10 and 100 Megapack, we are very close to the remaining $502m in left-over Revenue after subtracting Powerwall and Solar! If we average the two, we get $493m - a $9m difference!

So this seems like pretty solid evidence to me that nearly all the Megapacks delivered in Q3 were the oldest V1 Megapack, which are manugactured at Giga Nevada, have 3MWh of capacity, and sold for between $850k-$1m/unit.

Further supporting this is the anecdotal evidence from a drone video recording on July 8 2022 showing Tesla had over 500 Megapacks (1,500+MWh) completed and waiting delivery in Nevada. [You can read about that here.](https://electrek.co/2022/07/08/tesla-spotted-massive-number-megapacks-outside-gigafactory-nevada/)

You cannot order this version anymore, so it looks like Tesla is/has been selling through its older order book of lower priced MPs. I wouldn't be surprised to see Tesla eventually decomission the Navada Megapack production lines as Lathrop ramps up - which could perhaps allow for Panasonic to increase Battery Production?

Anyway, what can we do with this information and how can we use it to predict future Megapack margins.

Well, according to the Q3 results we know Tesla Energy had 9.3% profit margins. In the past Tesla's Energy division has always been nearly breakeven, sometimes slightly negative, or barely positive. [That is despite comments made my Elon about Powerwall having good margins](https://www.energy-storage.news/tesla-aiming-for-comparable-margins-in-energy-storage-as-in-vehicles/). We also know that Solar Roof is currently not profitable either. All of which suggests that Tesla's Powerwall has been doing some heavy lifting for a while. If we run the numbers on 37k powerwalls, at $11.5k ASP, and 20% gross margins, that would only be about $85m in profit, most or all of which is probably offsetting from Solar.

However there is good news in all of this. The good news is that Tesla's oldest version of Megapack is/was at very close to break-even if not barely profitable. It has to be, because if it wasn't Tesla's margins on Energy would be severely negative. But the reason this is good news is because it supports the idea that Tesla should have very good Gross Margins on the new Megapack XL.

The reason for this is because the Megapack XL is only slightly larger than the older Megapack, and has just 30% more batteries. Also, the batteries in Megapack XL will be LFP instead of nickel-based. LFP cells are about 20% cheaper than nickel based cells on average. And the average price of LFP cells is currently around $132/KWh (Tesla is probably getting a betetr deal).

To show what i mean, let's look at how much the price of the battery portion of the Megapack changes if both were made from LFP.

The old Megapack had 3MWh of batteries x $132/KWh = a pack cost of $396,000.

The new Megapack has 3.9MWh x $132/KWh = $514,000.

So the difference is just $118,000 for the battery packs. Of course, the new Megapacks are slightly larger so there will be additional costs. But the price of the new Megapack is more than double the old Megapack.

So if the old Megapack was breakeven and sold for $1m, that means the COGS were about $1m.

If the new Megapack has $200k more in COGS due to larger battery pack and increased size. That would be $1.2m vs an ASP of $2.1m. This is a gross margin of 42%.

But remember this isn't a fair comparison because i used LFP prices for the old megapack. If the old Megapacks still use nickel-based cells the price of a 3MWh pack should be about $151/KWh or $453,000. This reduces the increase in COGS from the battery pack to just $60K.

We should also keep in mind that Tesla will benefit from economies of scale, increased manufacturing efficiencies, and increased productivity from the dedicated Lathrop factory which will further reduce COGS compared to the old Megapack from the Nevada factory.Commodities prices are also falling and semi chip shortages easing, lower shipping costs, and the lithium price pass-through in the new Megapack contracts will also help.

So, i think all of this further supports the idea that gross margins on Tesla's newest generation Megapack from Lathrop could easily be around 50% or more.

Of course, there's alot more to this story, and if you haven't already - i recommend having a look at my other post on this topic here: [https://www.reddit.com/r/teslainvestorsclub/comments/10a4s28/my\_megapack\_deepish\_dive\_history\_margins\_2023\_and/](https://www.reddit.com/r/teslainvestorsclub/comments/10a4s28/my_megapack_deepish_dive_history_margins_2023_and/)",49,13,https://www.reddit.com/r/teslainvestorsclub/comments/10cq66c/megapack_margin_clues_in_q3/,Tesla price,"Megapack - Margin Clues in Q3! Hey again everyone.

For this post i want to discuss the Q3 Energy segment results. I believe there may be some clues in the results that may have likely been missed by many.

Here are the results for Q3 and the previous four quarters:

[Tesla Q3 2022 Energy Segment](https://preview.redd.it/rur63wvlb8ca1.png?width=1349&format=png&auto=webp&v=enabled&s=dd2a0b60df9d7492e8be084e596e1d16a8fe5d40)

So, as you can see Tesla deployed 94MW of Solar and 2,100MWh of storage earning $1,117m in revenues costing $1,013m, leaving them with gross margins of 9.3%.

I was looking for clues regarding Megapack so what i wanted to do is try to isolate revenues and costs for each product.

First i started with Solar. My assumptions on Solar are the majority of deployments are Solar Panels and not Solar Roof. So, this analysis should be taken with a grain of salt because i will consider all the 94MW deployed as Solar Panels. To calculate the revenues for Solar Panel i visited the Tesla website here:

[Tesla Solar + Powerwall](https://preview.redd.it/f4w0vex3d8ca1.png?width=1037&format=png&auto=webp&v=enabled&s=211c7b62c1164621d6649fa409699d1881e7a472)

You can play with the configurator yourself, but what you will find is Tesla doesn't offer much of a discount for Solar Panels based on system size. Price scales roughly linear with size. That means that 4.8kW of Solar Panels costs $9.6k, a 9.6kW system will cost double, or $19.2k, so and and so forth.

So, to figure the Revenues contribution from Tesla Solar Panels in Q3 the math looks like this: 94,000/4.8 x $9,647 =  $188,920,416.

Now, you can see above 1 Powerwall costs $12,850. Powerwalls have 13.5KWh of storage. To figure the Revenue contribution from Powerwall i had to assume how much of the 2,100MWh of Storage delivered was Powerwall. I assume 500MWh. The reason i chose 500MWh is twofold. First, is an image from the Q3 2021 Earnings slide deck:

[Q3 2021 Slide-deck - Tesla Energy](https://preview.redd.it/stapcj7ef8ca1.png?width=1386&format=png&auto=webp&v=enabled&s=396e203973152edadabc24a82a64ca32c3097d80)

In this slide, Tesla says they deployed 3GWh of Megapack in the TTM. During the TTM they delivered 4,598 MWh of Storage. That means over the TTM ending in Q3 2021, Tesla deployed approximately 1.6GWh of Powerwall.

But Q3, 2021 was one year before Q3 2022 and surely Powerwall deployments would have ramped since then. That is the second reason for my choice. I am accounting for a small increase in deployments which would equal 2GWh on a TTM basis. But that increase must be tempered by the change Tesla made to only sell Powerwall with Solar.

Based on these assumptions we can figure how many Powerwalls Tesla sold in the quarter: 500,000KWh/13.5KWh = 37,037 Powerwalls.

Further supporting this figure is that [according to this site the typical Solar PV System in the US averages 6KW](https://www.solarreviews.com/blog/how-much-electricity-does-a-solar-panel-produce). If we assume the average size of Tesla's Solar installations is also 6KW we can figure how many systems they deployed in Q3 by dividing 94,000KW (the amount of solar deployed in Q3) by 6KW, and we get 15,666.

This would also mean Tesla sold an average of 2.36 Powerwalls per Solar PV system (37,037 Powerwalls divided by 15,666 Solar systems). This appears reasonable considering [comments made by southern-energy on their website](https://southern-energy.com/guide-to-tesla-powerwall/) claiming: ""***70% of our customers buy more than one Powerwall.*** *For most systems, we install 2 or 3 Powerwalls.""*

So 37,037 Powerwalls at a price of $12,800 a piece would be $475,925,450.

To recap, we now have $188,920,416 from 94MW of Solar deployed and $475,925,450 from 500MWh of Powerwalls deployed, for a combined total of $664,845,866 in Revenue.

However you'll notice Tesla provides a $1,350 Powerwall discount which scales for every Powerwall added. Meaning, if you buy two Powerwalls you get $2,700 in discounts and $3,050 in discounts for 3 Powerwalls. See here:

[Powerwall Discount](https://preview.redd.it/so0z352ul8ca1.png?width=442&format=png&auto=webp&v=enabled&s=88e154624e558b43ce202bd218fcee43b12355d9)

That means we need to adjust our revenues by $-1,350 x 37,037 Powerwalls = -$49,999,950.

Thus leaving us with $614,845,916 in Revenues from Solar + Powerwall.

Total Revenues for Q3 was $1,117,000,000 and total storage was 2,100MWh.

This leaves us with $502,154,084 in Revenues and 1,600MWh of Storage, all of which are assumed to be from Megapack deployments.

Now, the only way we can get remotely close to $502m in revenue from 1,600MWh is if all the Megapacks delivered were the oldest version which had a 3MWh capacity and sold for approx. $1.2m for a single unit, $1m/unit for orders of \~10+, and as low as $850k/unit for orders of 100+. [You can read more about the old pricing here](https://electrek.co/2021/07/26/tesla-reveals-megapack-prices/).

So based on the above this is what the math looks like:

1,600MWh / 3MWh = 533 Megapacks.

~~533 MPs x $1.2m = $639,600,000~~

533 MPs x $1m    = $533,000,000

533 MPs x $850k = $453,050,000

It's safe to say most customers were probably not ordering Megapack in singles. So we can rule that one out.

But if we look at the Revenue generate between orders of 10 and 100 Megapack, we are very close to the remaining $502m in left-over Revenue after subtracting Powerwall and Solar! If we average the two, we get $493m - a $9m difference!

So this seems like pretty solid evidence to me that nearly all the Megapacks delivered in Q3 were the oldest V1 Megapack, which are manugactured at Giga Nevada, have 3MWh of capacity, and sold for between $850k-$1m/unit.

Further supporting this is the anecdotal evidence from a drone video recording on July 8 2022 showing Tesla had over 500 Megapacks (1,500+MWh) completed and waiting delivery in Nevada. [You can read about that here.](https://electrek.co/2022/07/08/tesla-spotted-massive-number-megapacks-outside-gigafactory-nevada/)

You cannot order this version anymore, so it looks like Tesla is/has been selling through its older order book of lower priced MPs. I wouldn't be surprised to see Tesla eventually decomission the Navada Megapack production lines as Lathrop ramps up - which could perhaps allow for Panasonic to increase Battery Production?

Anyway, what can we do with this information and how can we use it to predict future Megapack margins.

Well, according to the Q3 results we know Tesla Energy had 9.3% profit margins. In the past Tesla's Energy division has always been nearly breakeven, sometimes slightly negative, or barely positive. [That is despite comments made my Elon about Powerwall having good margins](https://www.energy-storage.news/tesla-aiming-for-comparable-margins-in-energy-storage-as-in-vehicles/). We also know that Solar Roof is currently not profitable either. All of which suggests that Tesla's Powerwall has been doing some heavy lifting for a while. If we run the numbers on 37k powerwalls, at $11.5k ASP, and 20% gross margins, that would only be about $85m in profit, most or all of which is probably offsetting from Solar.

However there is good news in all of this. The good news is that Tesla's oldest version of Megapack is/was at very close to break-even if not barely profitable. It has to be, because if it wasn't Tesla's margins on Energy would be severely negative. But the reason this is good news is because it supports the idea that Tesla should have very good Gross Margins on the new Megapack XL.

The reason for this is because the Megapack XL is only slightly larger than the older Megapack, and has just 30% more batteries. Also, the batteries in Megapack XL will be LFP instead of nickel-based. LFP cells are about 20% cheaper than nickel based cells on average. And the average price of LFP cells is currently around $132/KWh (Tesla is probably getting a betetr deal).

To show what i mean, let's look at how much the price of the battery portion of the Megapack changes if both were made from LFP.

The old Megapack had 3MWh of batteries x $132/KWh = a pack cost of $396,000.

The new Megapack has 3.9MWh x $132/KWh = $514,000.

So the difference is just $118,000 for the battery packs. Of course, the new Megapacks are slightly larger so there will be additional costs. But the price of the new Megapack is more than double the old Megapack.

So if the old Megapack was breakeven and sold for $1m, that means the COGS were about $1m.

If the new Megapack has $200k more in COGS due to larger battery pack and increased size. That would be $1.2m vs an ASP of $2.1m. This is a gross margin of 42%.

But remember this isn't a fair comparison because i used LFP prices for the old megapack. If the old Megapacks still use nickel-based cells the price of a 3MWh pack should be about $151/KWh or $453,000. This reduces the increase in COGS from the battery pack to just $60K.

We should also keep in mind that Tesla will benefit from economies of scale, increased manufacturing efficiencies, and increased productivity from the dedicated Lathrop factory which will further reduce COGS compared to the old Megapack from the Nevada factory.Commodities prices are also falling and semi chip shortages easing, lower shipping costs, and the lithium price pass-through in the new Megapack contracts will also help.

So, i think all of this further supports the idea that gross margins on Tesla's newest generation Megapack from Lathrop could easily be around 50% or more.

Of course, there's alot more to this story, and if you haven't already - i recommend having a look at my other post on this topic here: [https://www.reddit.com/r/teslainvestorsclub/comments/10a4s28/my\_megapack\_deepish\_dive\_history\_margins\_2023\_and/](https://www.reddit.com/r/teslainvestorsclub/comments/10a4s28/my_megapack_deepish_dive_history_margins_2023_and/)"
TSLA_009,10eav40,teslainvestorsclub,2023-01-17 12:17:02,"Analysts slash estimates, stock targets on Tesla stock after price cuts By Investing.com",,0,11,https://www.investing.com/news/stock-market-news/analysts-slash-estimates-stock-targets-on-tesla-stock-after-price-cuts-432SI-2981569,Tesla price,"Analysts slash estimates, stock targets on Tesla stock after price cuts By Investing.com"
TSLA_009,10ebkzl,teslainvestorsclub,2023-01-17 12:54:42,Chinese EV maker Xpeng cuts prices after Tesla move,,23,8,https://www.marketwatch.com/story/chinese-ev-maker-xpeng-cuts-prices-by-around-10-271673948499,Tesla price,Chinese EV maker Xpeng cuts prices after Tesla move
TSLA_009,10ehvtu,teslainvestorsclub,2023-01-17 17:26:37,Tesla orders spiked 500% in some cities in China after the price cut,,272,59,https://carnewschina.com/2023/01/17/tesla-orders-spiked-500-in-some-cities-in-china-after-the-price-cut/,Tesla price,Tesla orders spiked 500% in some cities in China after the price cut
TSLA_009,10amo8n,stocks,2023-01-13 05:49:30,"Tesla cuts prices in U.S., Germany in pivot to drive sales","https://www.reuters.com/business/autos-transportation/tesla-cuts-prices-electric-vehicles-us-market-2023-01-13/

Tesla has cut prices on its top-selling electric vehicles in the United States and Germany, the automaker's website showed, extending a new strategy of aggressive discounting after missing Wall Street estimates for fourth quarter deliveries.

The U.S. price cuts, announced late Thursday in U.S. time on the Model 3 and Model Y, ranged between 6% and 20% compared with the prices that held before the discount, according to a Reuters calculation.

That is before accounting for a $7,500 federal tax credit that took effect for many electric vehicle models at the start of January.

In Germany, Tesla cut prices on the Model 3 sedan and the Model Y crossover - its global top-seller - by between about 1% and amost 17% depending on the configuration.

For a U.S. buyer of the long-range Model Y, the new Tesla price combined with the U.S. subsidy that took effect this month amounts to a discount of 31%.

Taken together with price cuts announced last week in China and other Asian markets, the move marked a reversal in Tesla's largest markets from the strategy it had pursued through much of 2022 when demand was strong and average sale prices for its electric vehicles had been trending higher.

The shift is the first major move by Tesla since appointing its lead executive for China and Asia, Tom Zhu, to oversee global output and sales after falling short of its 2022 delivery target.

Tesla cut prices in China and other Asian markets last week. Along with a previous price cuts announced in October and recent incentives, the China price for a Model 3 or Model Y was down 13% to 24% from September after the recent move, Reuters calculations showed.

Tesla has also cut prices in South Korea, Japan, Australia and Singapore.

Analysts had said the China price cuts would boost demand and deepen the pressure for its rivals there, including BYD to follow suit in what could become a price war in the largest single market for electric vehicles.

Tesla's main market is the United States, and its second largest market is China.

Tesla missed Wall Street estimates for fourth quarter deliveries.

Last month, Tesla CEO Elon Musk said ""radical interest rate changes"" had changed the industry-wide outlook and that Tesla could lower pricing to sustain volume growth, which would result in lower profit.",365,338,https://www.reddit.com/r/stocks/comments/10amo8n/tesla_cuts_prices_in_us_germany_in_pivot_to_drive/,Tesla price,"Tesla cuts prices in U.S., Germany in pivot to drive sales https://www.reuters.com/business/autos-transportation/tesla-cuts-prices-electric-vehicles-us-market-2023-01-13/

Tesla has cut prices on its top-selling electric vehicles in the United States and Germany, the automaker's website showed, extending a new strategy of aggressive discounting after missing Wall Street estimates for fourth quarter deliveries.

The U.S. price cuts, announced late Thursday in U.S. time on the Model 3 and Model Y, ranged between 6% and 20% compared with the prices that held before the discount, according to a Reuters calculation.

That is before accounting for a $7,500 federal tax credit that took effect for many electric vehicle models at the start of January.

In Germany, Tesla cut prices on the Model 3 sedan and the Model Y crossover - its global top-seller - by between about 1% and amost 17% depending on the configuration.

For a U.S. buyer of the long-range Model Y, the new Tesla price combined with the U.S. subsidy that took effect this month amounts to a discount of 31%.

Taken together with price cuts announced last week in China and other Asian markets, the move marked a reversal in Tesla's largest markets from the strategy it had pursued through much of 2022 when demand was strong and average sale prices for its electric vehicles had been trending higher.

The shift is the first major move by Tesla since appointing its lead executive for China and Asia, Tom Zhu, to oversee global output and sales after falling short of its 2022 delivery target.

Tesla cut prices in China and other Asian markets last week. Along with a previous price cuts announced in October and recent incentives, the China price for a Model 3 or Model Y was down 13% to 24% from September after the recent move, Reuters calculations showed.

Tesla has also cut prices in South Korea, Japan, Australia and Singapore.

Analysts had said the China price cuts would boost demand and deepen the pressure for its rivals there, including BYD to follow suit in what could become a price war in the largest single market for electric vehicles.

Tesla's main market is the United States, and its second largest market is China.

Tesla missed Wall Street estimates for fourth quarter deliveries.

Last month, Tesla CEO Elon Musk said ""radical interest rate changes"" had changed the industry-wide outlook and that Tesla could lower pricing to sustain volume growth, which would result in lower profit."
TSLA_009,10au860,stocks,2023-01-13 13:12:49,(1/13) Friday's Pre-Market Stock Movers & News,"#Good Friday morning traders and investors of the r/stocks sub! Welcome to the final trading day of this week. Here are your pre-market movers & news this AM-

*****

#[Dow futures fall more than 200 points as bank shares decline on recession fears](https://www.cnbc.com/2023/01/12/stock-market-futures-open-to-close-news.html)

*****
> The stock market was set to end a winning week on a sour note as JPMorgan Chase led a decline in bank shares after it warned a recession was its base case for the year.
*****
> Futures tied to the Dow Jones Industrial Average fell 200 points, or 0.6%, while S&P 500 futures slid 0.7%. Nasdaq 100 futures dipped 0.8%.
*****
> JPMorgan Chase posted revenue that beat expectations, but the bank warned it was setting aside more money to cover credit losses because a “mild recession” is its “central case.” The bank posted a $2.3 billion provision for credit losses in the quarter, a 49% increase from the third quarter. The stock fell more than 2%.
*****
> Wells Fargo shares fell 2% after the bank reported its quarterly figures. Bank of America also fell 2% premarket despite reporting better-than-expected earnings for the fourth quarter.
*****
> Delta Air Lines also reported earnings and revenue that beat estimates for the final quarter of 2022. However, the stock slid more than 5% in the premarket.
*****
> Investors have been awaiting these results to gain more insight into the health of the economy.
*****
> “As the tug-of-war among analysts intensifies around the prospects for a recession — and the depth of a recession — the earnings reports from the banks, coupled with their guidance, should help clarify how businesses and consumers are managing,” said Quincy Krosby, LPL Financial’s chief global strategist.
*****
> The moves followed a positive day for the three major indexes. The Nasdaq Composite snatched its fifth day of gains — a first since July. Stocks rose broadly as December’s CPI report showed prices declined 0.1% over November. While prices rose at a 6.5% pace compared to the previous year, the results heightened hopes that the Federal Reserve may soon slow its hiking.
*****
> The Dow Jones Industrial Average added 216.96 points, or 0.64%. The S&P 500 and Nasdaq Composite gained 0.34% and 0.64%, respectively.
*****
> Stocks are headed for a winning week, with the Nasdaq and S&P on pace for their best weekly performance since November. The Nasdaq is up 4.09% through Thursday’s close. The S&P has advanced 2.26%, while the Dow has added 1.66%.

*****

#STOCK FUTURES CURRENTLY:
######(**[CLICK HERE FOR STOCK FUTURES CHARTS!](https://finviz.com/futures.ashx)**)

*****

# YESTERDAY'S MARKET MAP:
######(**[CLICK HERE FOR YESTERDAY'S MARKET MAP!](https://i.imgur.com/O8wNMoq.png)**)

*****

# TODAY'S MARKET MAP:
######(**[CLICK HERE FOR TODAY'S MARKET MAP!](https://finviz.com/map.ashx)**)

*****

#YESTERDAY'S S&P SECTORS:
######(**[CLICK HERE FOR YESTERDAY'S S&P SECTORS CHART!](https://i.imgur.com/GuEi0CF.png)**)

*****

#TODAY'S S&P SECTORS:
######(**[CLICK HERE FOR TODAY'S S&P SECTORS CHART!](https://finviz.com/groups.ashx)**)

*****

#TODAY'S ECONOMIC CALENDAR:
######(**[CLICK HERE FOR TODAY'S ECONOMIC CALENDAR!](https://i.imgur.com/KryUXt8.png)**)

*****

#NEXT WEEK'S ECONOMIC CALENDAR:
######(**[CLICK HERE FOR NEXT WEEK'S ECONOMIC CALENDAR!](https://i.imgur.com/Llv7vrv.png)**)

*****

#NEXT WEEK'S UPCOMING IPO'S:
######(**[CLICK HERE FOR NEXT WEEK'S UPCOMING IPO'S!](https://i.imgur.com/0qWWttA.png)**)

*****

#NEXT WEEK'S EARNINGS CALENDAR:
######(**[CLICK HERE FOR NEXT WEEK'S EARNINGS CALENDAR!]()**)
(T.B.A. THIS WEEKEND.)

*****

#THIS MORNING'S PRE-MARKET EARNINGS CALENDAR:
######(**[CLICK HERE FOR THIS MORNING'S EARNINGS CALENDAR!](https://i.imgur.com/B7o2iN8.png)**)

*****

#EARNINGS RELEASES BEFORE THE OPEN TODAY:
######(**[CLICK HERE FOR THIS MORNING'S EARNINGS RELEASES!](https://i.imgur.com/RkxtK4n.png)**)

*****

#EARNINGS RELEASES AFTER THE CLOSE TODAY:
######(**[CLICK HERE FOR THIS AFTERNOON'S EARNINGS RELEASES!]()**)
(NONE.)

*****

#YESTERDAY'S ANALYST UPGRADES/DOWNGRADES:
######(**[CLICK HERE FOR YESTERDAY'S ANALYST UPGRADES/DOWNGRADES LINK #1!](https://i.imgur.com/zRaENCT.png)**)
######(**[CLICK HERE FOR YESTERDAY'S ANALYST UPGRADES/DOWNGRADES LINK #2!](https://i.imgur.com/9HabuJD.png)**
######(**[CLICK HERE FOR YESTERDAY'S ANALYST UPGRADES/DOWNGRADES LINK #3!](https://i.imgur.com/FLeghRm.png)**)

*****

#YESTERDAY'S INSIDER TRADING FILINGS:
######(**[CLICK HERE FOR YESTERDAY'S INSIDER TRADING FILINGS!](https://i.imgur.com/sKLjwXG.png)**)

*****

#TODAY'S DIVIDEND CALENDAR:
######(**[CLICK HERE FOR TODAY'S DIVIDEND CALENDAR LINK #1!](https://i.imgur.com/TmyuIuu.png)**)
######(**[CLICK HERE FOR TODAY'S DIVIDEND CALENDAR LINK #2!](https://i.imgur.com/EL4oP5M.png)**)
######(**[CLICK HERE FOR TODAY'S DIVIDEND CALENDAR LINK #3!](https://i.imgur.com/J6yCz5d.png)**)

*****

#THIS MORNING'S STOCK NEWS MOVERS:

######(**source: [cnbc.com](https://www.cnbc.com/2023/01/13/stocks-making-the-biggest-moves-in-the-premarket-jpmorgan-virgin-galactic-tesla-and-more.html)**)

*****

> **JPMorgan** — The bank reported fourth-quarter earnings and revenue before the bell that topped Wall Street expectations. However, it said a mild recession is now the “central case.” JPMorgan slid nearly 3% in permarket trading.

> #**STOCK SYMBOL:** JPM

> * [CLICK HERE FOR CHART!](http://elite.finviz.com/chart.ashx?t=JPM&ty=c&ta=st_c,sch_200p,sma_50,sma_200,sma_20,sma_100,bb_20_2,rsi_b_14,macd_b_12_26_9,stofu_b_14_3_3&p=d&s=l)

> ######(**[CLICK HERE FOR LIVE STOCK QUOTE!](http://data.cnbc.com/quotes/JPM)**)

*****

> **Lockheed Martin** — Goldman Sachs downgraded the defense contractor to sell from neutral and cut its price target by $56 to $332. The Wall Street firm noted that the company is vulnerable to any changes in government budgets. Lockheed Martin tumbled more than 3% in the premarket.

> #**STOCK SYMBOL:** LMT

> * [CLICK HERE FOR CHART!](http://elite.finviz.com/chart.ashx?t=LMT&ty=c&ta=st_c,sch_200p,sma_50,sma_200,sma_20,sma_100,bb_20_2,rsi_b_14,macd_b_12_26_9,stofu_b_14_3_3&p=d&s=l)

> ######(**[CLICK HERE FOR LIVE STOCK QUOTE!](http://data.cnbc.com/quotes/LMT)**)

*****

> **Virgin Galactic Holdings** — The space tourism company surged nearly 16% after it said it was on track for a commercial launch in the second quarter of 2023.

> #**STOCK SYMBOL:** SPCE

> * [CLICK HERE FOR CHART!](http://elite.finviz.com/chart.ashx?t=SPCE&ty=c&ta=st_c,sch_200p,sma_50,sma_200,sma_20,sma_100,bb_20_2,rsi_b_14,macd_b_12_26_9,stofu_b_14_3_3&p=d&s=l)

> ######(**[CLICK HERE FOR LIVE STOCK QUOTE!](http://data.cnbc.com/quotes/SPCE)**)

*****

> **Wells Fargo** — The bank slid nearly 4% after reporting shrinking profits, weighted down by a recent settlement and the need to build-up reserves.

> #**STOCK SYMBOL:** WFC

> * [CLICK HERE FOR CHART!](http://elite.finviz.com/chart.ashx?t=WFC&ty=c&ta=st_c,sch_200p,sma_50,sma_200,sma_20,sma_100,bb_20_2,rsi_b_14,macd_b_12_26_9,stofu_b_14_3_3&p=d&s=l)

> ######(**[CLICK HERE FOR LIVE STOCK QUOTE!](http://data.cnbc.com/quotes/WFC)**)

*****

> **Delta Air Lines** — The airline reported fourth quarter profit and revenue before the bell that beat expectations. Its adjusted earnings per share came in at $1.48 versus a Refinitiv estimate of $1.33. Delta was down 4.5% in premarket trading.

> #**STOCK SYMBOL:** DAL

> * [CLICK HERE FOR CHART!](http://elite.finviz.com/chart.ashx?t=DAL&ty=c&ta=st_c,sch_200p,sma_50,sma_200,sma_20,sma_100,bb_20_2,rsi_b_14,macd_b_12_26_9,stofu_b_14_3_3&p=d&s=l)

> ######(**[CLICK HERE FOR LIVE STOCK QUOTE!](http://data.cnbc.com/quotes/DAL)**)

*****

> **American Airlines** — A day after gaining nearly 10% on an earnings beat, the airline was down about 2% in the premarket.

> #**STOCK SYMBOL:** AAL

> * [CLICK HERE FOR CHART!](http://elite.finviz.com/chart.ashx?t=AAL&ty=c&ta=st_c,sch_200p,sma_50,sma_200,sma_20,sma_100,bb_20_2,rsi_b_14,macd_b_12_26_9,stofu_b_14_3_3&p=d&s=l)

> ######(**[CLICK HERE FOR LIVE STOCK QUOTE!](http://data.cnbc.com/quotes/AAL)**)

*****

> **Tesla** — The electric-vehicle maker slid nearly 6% in the premarket after it was downgraded by Guggenheim to sell from neutral over concerns with Tesla’s fourth-quarter estimates. Tesla also cut prices in the U.S. and Europe again, according to listings on the company’s website Thursday night. The stock lost 65% in 2022.

> #**STOCK SYMBOL:** TSLA

> * [CLICK HERE FOR CHART!](http://elite.finviz.com/chart.ashx?t=TSLA&ty=c&ta=st_c,sch_200p,sma_50,sma_200,sma_20,sma_100,bb_20_2,rsi_b_14,macd_b_12_26_9,stofu_b_14_3_3&p=d&s=l)

> ######(**[CLICK HERE FOR LIVE STOCK QUOTE!](http://data.cnbc.com/quotes/TSLA)**)

*****

> **Bank of America** - The bank reported earnings per share of 85 cents last quarter, above the 77 cents a share expected by analysts, per Refinitiv. Revenue also beat expectations. However the bank’s net interest income fell slightly below expectations despite jumping interest rates. Bank of America was down 2.8% early trading.

> #**STOCK SYMBOL:** BAC

> * [CLICK HERE FOR CHART!](http://elite.finviz.com/chart.ashx?t=BAC&ty=c&ta=st_c,sch_200p,sma_50,sma_200,sma_20,sma_100,bb_20_2,rsi_b_14,macd_b_12_26_9,stofu_b_14_3_3&p=d&s=l)

> ######(**[CLICK HERE FOR LIVE STOCK QUOTE!](http://data.cnbc.com/quotes/BAC)**)

*****

> **Salesforce** — The software company slid 1.4% in the premarket after being downgraded by Atlantic Equities to neutral from overweight. The Wall Street firm cited execution concerns, management exodus and slower-than-expected revenue growth.

> #**STOCK SYMBOL:** CRM

> * [CLICK HERE FOR CHART!](http://elite.finviz.com/chart.ashx?t=CRM&ty=c&ta=st_c,sch_200p,sma_50,sma_200,sma_20,sma_100,bb_20_2,rsi_b_14,macd_b_12_26_9,stofu_b_14_3_3&p=d&s=l)

> ######(**[CLICK HERE FOR LIVE STOCK QUOTE!](http://data.cnbc.com/quotes/CRM)**)

*****

> **Caterpillar** — Bank of America upgraded Caterpillar to buy from neutral, saying the company has an underappreciated roadmap that can drive outperformance. Caterpillar was relatively flat in the premarket.

> #**STOCK SYMBOL:** CAT

> * [CLICK HERE FOR CHART!](http://elite.finviz.com/chart.ashx?t=CAT&ty=c&ta=st_c,sch_200p,sma_50,sma_200,sma_20,sma_100,bb_20_2,rsi_b_14,macd_b_12_26_9,stofu_b_14_3_3&p=d&s=l)

> ######(**[CLICK HERE FOR LIVE STOCK QUOTE!](http://data.cnbc.com/quotes/CAT)**)

*****

> **Logitech International** -- The keyboard and mouse maker continued to slide in the premarket, down nearly 5%. The move comes a day after Logitech lost 16% on the announcement that preliminary results showed declining sales and earnings. Deutsche Bank downgraded the shares Friday.

> #**STOCK SYMBOL:** LOGI

> * [CLICK HERE FOR CHART!](http://elite.finviz.com/chart.ashx?t=LOGI&ty=c&ta=st_c,sch_200p,sma_50,sma_200,sma_20,sma_100,bb_20_2,rsi_b_14,macd_b_12_26_9,stofu_b_14_3_3&p=d&s=l)

> ######(**[CLICK HERE FOR LIVE STOCK QUOTE!](http://data.cnbc.com/quotes/LOGI)**)

*****

#**FULL DISCLOSURE:**

> /u/bigbear0083 has no positions in any stocks mentioned. Reddit, moderators, and the author do not advise making investment decisions based on discussion in these posts. Analysis is not subject to validation and users take action at their own risk.

*****

#**DISCUSS!**

What's on everyone's radar for today's trading day ahead here at r/stocks?

*****

# **I hope you all have an excellent final trading day of this week ahead on this Friday, January 13th, 2023! :)**",7,1,https://www.reddit.com/r/stocks/comments/10au860/113_fridays_premarket_stock_movers_news/,Tesla price,"(1/13) Friday's Pre-Market Stock Movers & News #Good Friday morning traders and investors of the r/stocks sub! Welcome to the final trading day of this week. Here are your pre-market movers & news this AM-

*****

#[Dow futures fall more than 200 points as bank shares decline on recession fears](https://www.cnbc.com/2023/01/12/stock-market-futures-open-to-close-news.html)

*****
> The stock market was set to end a winning week on a sour note as JPMorgan Chase led a decline in bank shares after it warned a recession was its base case for the year.
*****
> Futures tied to the Dow Jones Industrial Average fell 200 points, or 0.6%, while S&P 500 futures slid 0.7%. Nasdaq 100 futures dipped 0.8%.
*****
> JPMorgan Chase posted revenue that beat expectations, but the bank warned it was setting aside more money to cover credit losses because a “mild recession” is its “central case.” The bank posted a $2.3 billion provision for credit losses in the quarter, a 49% increase from the third quarter. The stock fell more than 2%.
*****
> Wells Fargo shares fell 2% after the bank reported its quarterly figures. Bank of America also fell 2% premarket despite reporting better-than-expected earnings for the fourth quarter.
*****
> Delta Air Lines also reported earnings and revenue that beat estimates for the final quarter of 2022. However, the stock slid more than 5% in the premarket.
*****
> Investors have been awaiting these results to gain more insight into the health of the economy.
*****
> “As the tug-of-war among analysts intensifies around the prospects for a recession — and the depth of a recession — the earnings reports from the banks, coupled with their guidance, should help clarify how businesses and consumers are managing,” said Quincy Krosby, LPL Financial’s chief global strategist.
*****
> The moves followed a positive day for the three major indexes. The Nasdaq Composite snatched its fifth day of gains — a first since July. Stocks rose broadly as December’s CPI report showed prices declined 0.1% over November. While prices rose at a 6.5% pace compared to the previous year, the results heightened hopes that the Federal Reserve may soon slow its hiking.
*****
> The Dow Jones Industrial Average added 216.96 points, or 0.64%. The S&P 500 and Nasdaq Composite gained 0.34% and 0.64%, respectively.
*****
> Stocks are headed for a winning week, with the Nasdaq and S&P on pace for their best weekly performance since November. The Nasdaq is up 4.09% through Thursday’s close. The S&P has advanced 2.26%, while the Dow has added 1.66%.

*****

#STOCK FUTURES CURRENTLY:
######(**[CLICK HERE FOR STOCK FUTURES CHARTS!](https://finviz.com/futures.ashx)**)

*****

# YESTERDAY'S MARKET MAP:
######(**[CLICK HERE FOR YESTERDAY'S MARKET MAP!](https://i.imgur.com/O8wNMoq.png)**)

*****

# TODAY'S MARKET MAP:
######(**[CLICK HERE FOR TODAY'S MARKET MAP!](https://finviz.com/map.ashx)**)

*****

#YESTERDAY'S S&P SECTORS:
######(**[CLICK HERE FOR YESTERDAY'S S&P SECTORS CHART!](https://i.imgur.com/GuEi0CF.png)**)

*****

#TODAY'S S&P SECTORS:
######(**[CLICK HERE FOR TODAY'S S&P SECTORS CHART!](https://finviz.com/groups.ashx)**)

*****

#TODAY'S ECONOMIC CALENDAR:
######(**[CLICK HERE FOR TODAY'S ECONOMIC CALENDAR!](https://i.imgur.com/KryUXt8.png)**)

*****

#NEXT WEEK'S ECONOMIC CALENDAR:
######(**[CLICK HERE FOR NEXT WEEK'S ECONOMIC CALENDAR!](https://i.imgur.com/Llv7vrv.png)**)

*****

#NEXT WEEK'S UPCOMING IPO'S:
######(**[CLICK HERE FOR NEXT WEEK'S UPCOMING IPO'S!](https://i.imgur.com/0qWWttA.png)**)

*****

#NEXT WEEK'S EARNINGS CALENDAR:
######(**[CLICK HERE FOR NEXT WEEK'S EARNINGS CALENDAR!]()**)
(T.B.A. THIS WEEKEND.)

*****

#THIS MORNING'S PRE-MARKET EARNINGS CALENDAR:
######(**[CLICK HERE FOR THIS MORNING'S EARNINGS CALENDAR!](https://i.imgur.com/B7o2iN8.png)**)

*****

#EARNINGS RELEASES BEFORE THE OPEN TODAY:
######(**[CLICK HERE FOR THIS MORNING'S EARNINGS RELEASES!](https://i.imgur.com/RkxtK4n.png)**)

*****

#EARNINGS RELEASES AFTER THE CLOSE TODAY:
######(**[CLICK HERE FOR THIS AFTERNOON'S EARNINGS RELEASES!]()**)
(NONE.)

*****

#YESTERDAY'S ANALYST UPGRADES/DOWNGRADES:
######(**[CLICK HERE FOR YESTERDAY'S ANALYST UPGRADES/DOWNGRADES LINK #1!](https://i.imgur.com/zRaENCT.png)**)
######(**[CLICK HERE FOR YESTERDAY'S ANALYST UPGRADES/DOWNGRADES LINK #2!](https://i.imgur.com/9HabuJD.png)**
######(**[CLICK HERE FOR YESTERDAY'S ANALYST UPGRADES/DOWNGRADES LINK #3!](https://i.imgur.com/FLeghRm.png)**)

*****

#YESTERDAY'S INSIDER TRADING FILINGS:
######(**[CLICK HERE FOR YESTERDAY'S INSIDER TRADING FILINGS!](https://i.imgur.com/sKLjwXG.png)**)

*****

#TODAY'S DIVIDEND CALENDAR:
######(**[CLICK HERE FOR TODAY'S DIVIDEND CALENDAR LINK #1!](https://i.imgur.com/TmyuIuu.png)**)
######(**[CLICK HERE FOR TODAY'S DIVIDEND CALENDAR LINK #2!](https://i.imgur.com/EL4oP5M.png)**)
######(**[CLICK HERE FOR TODAY'S DIVIDEND CALENDAR LINK #3!](https://i.imgur.com/J6yCz5d.png)**)

*****

#THIS MORNING'S STOCK NEWS MOVERS:

######(**source: [cnbc.com](https://www.cnbc.com/2023/01/13/stocks-making-the-biggest-moves-in-the-premarket-jpmorgan-virgin-galactic-tesla-and-more.html)**)

*****

> **JPMorgan** — The bank reported fourth-quarter earnings and revenue before the bell that topped Wall Street expectations. However, it said a mild recession is now the “central case.” JPMorgan slid nearly 3% in permarket trading.

> #**STOCK SYMBOL:** JPM

> * [CLICK HERE FOR CHART!](http://elite.finviz.com/chart.ashx?t=JPM&ty=c&ta=st_c,sch_200p,sma_50,sma_200,sma_20,sma_100,bb_20_2,rsi_b_14,macd_b_12_26_9,stofu_b_14_3_3&p=d&s=l)

> ######(**[CLICK HERE FOR LIVE STOCK QUOTE!](http://data.cnbc.com/quotes/JPM)**)

*****

> **Lockheed Martin** — Goldman Sachs downgraded the defense contractor to sell from neutral and cut its price target by $56 to $332. The Wall Street firm noted that the company is vulnerable to any changes in government budgets. Lockheed Martin tumbled more than 3% in the premarket.

> #**STOCK SYMBOL:** LMT

> * [CLICK HERE FOR CHART!](http://elite.finviz.com/chart.ashx?t=LMT&ty=c&ta=st_c,sch_200p,sma_50,sma_200,sma_20,sma_100,bb_20_2,rsi_b_14,macd_b_12_26_9,stofu_b_14_3_3&p=d&s=l)

> ######(**[CLICK HERE FOR LIVE STOCK QUOTE!](http://data.cnbc.com/quotes/LMT)**)

*****

> **Virgin Galactic Holdings** — The space tourism company surged nearly 16% after it said it was on track for a commercial launch in the second quarter of 2023.

> #**STOCK SYMBOL:** SPCE

> * [CLICK HERE FOR CHART!](http://elite.finviz.com/chart.ashx?t=SPCE&ty=c&ta=st_c,sch_200p,sma_50,sma_200,sma_20,sma_100,bb_20_2,rsi_b_14,macd_b_12_26_9,stofu_b_14_3_3&p=d&s=l)

> ######(**[CLICK HERE FOR LIVE STOCK QUOTE!](http://data.cnbc.com/quotes/SPCE)**)

*****

> **Wells Fargo** — The bank slid nearly 4% after reporting shrinking profits, weighted down by a recent settlement and the need to build-up reserves.

> #**STOCK SYMBOL:** WFC

> * [CLICK HERE FOR CHART!](http://elite.finviz.com/chart.ashx?t=WFC&ty=c&ta=st_c,sch_200p,sma_50,sma_200,sma_20,sma_100,bb_20_2,rsi_b_14,macd_b_12_26_9,stofu_b_14_3_3&p=d&s=l)

> ######(**[CLICK HERE FOR LIVE STOCK QUOTE!](http://data.cnbc.com/quotes/WFC)**)

*****

> **Delta Air Lines** — The airline reported fourth quarter profit and revenue before the bell that beat expectations. Its adjusted earnings per share came in at $1.48 versus a Refinitiv estimate of $1.33. Delta was down 4.5% in premarket trading.

> #**STOCK SYMBOL:** DAL

> * [CLICK HERE FOR CHART!](http://elite.finviz.com/chart.ashx?t=DAL&ty=c&ta=st_c,sch_200p,sma_50,sma_200,sma_20,sma_100,bb_20_2,rsi_b_14,macd_b_12_26_9,stofu_b_14_3_3&p=d&s=l)

> ######(**[CLICK HERE FOR LIVE STOCK QUOTE!](http://data.cnbc.com/quotes/DAL)**)

*****

> **American Airlines** — A day after gaining nearly 10% on an earnings beat, the airline was down about 2% in the premarket.

> #**STOCK SYMBOL:** AAL

> * [CLICK HERE FOR CHART!](http://elite.finviz.com/chart.ashx?t=AAL&ty=c&ta=st_c,sch_200p,sma_50,sma_200,sma_20,sma_100,bb_20_2,rsi_b_14,macd_b_12_26_9,stofu_b_14_3_3&p=d&s=l)

> ######(**[CLICK HERE FOR LIVE STOCK QUOTE!](http://data.cnbc.com/quotes/AAL)**)

*****

> **Tesla** — The electric-vehicle maker slid nearly 6% in the premarket after it was downgraded by Guggenheim to sell from neutral over concerns with Tesla’s fourth-quarter estimates. Tesla also cut prices in the U.S. and Europe again, according to listings on the company’s website Thursday night. The stock lost 65% in 2022.

> #**STOCK SYMBOL:** TSLA

> * [CLICK HERE FOR CHART!](http://elite.finviz.com/chart.ashx?t=TSLA&ty=c&ta=st_c,sch_200p,sma_50,sma_200,sma_20,sma_100,bb_20_2,rsi_b_14,macd_b_12_26_9,stofu_b_14_3_3&p=d&s=l)

> ######(**[CLICK HERE FOR LIVE STOCK QUOTE!](http://data.cnbc.com/quotes/TSLA)**)

*****

> **Bank of America** - The bank reported earnings per share of 85 cents last quarter, above the 77 cents a share expected by analysts, per Refinitiv. Revenue also beat expectations. However the bank’s net interest income fell slightly below expectations despite jumping interest rates. Bank of America was down 2.8% early trading.

> #**STOCK SYMBOL:** BAC

> * [CLICK HERE FOR CHART!](http://elite.finviz.com/chart.ashx?t=BAC&ty=c&ta=st_c,sch_200p,sma_50,sma_200,sma_20,sma_100,bb_20_2,rsi_b_14,macd_b_12_26_9,stofu_b_14_3_3&p=d&s=l)

> ######(**[CLICK HERE FOR LIVE STOCK QUOTE!](http://data.cnbc.com/quotes/BAC)**)

*****

> **Salesforce** — The software company slid 1.4% in the premarket after being downgraded by Atlantic Equities to neutral from overweight. The Wall Street firm cited execution concerns, management exodus and slower-than-expected revenue growth.

> #**STOCK SYMBOL:** CRM

> * [CLICK HERE FOR CHART!](http://elite.finviz.com/chart.ashx?t=CRM&ty=c&ta=st_c,sch_200p,sma_50,sma_200,sma_20,sma_100,bb_20_2,rsi_b_14,macd_b_12_26_9,stofu_b_14_3_3&p=d&s=l)

> ######(**[CLICK HERE FOR LIVE STOCK QUOTE!](http://data.cnbc.com/quotes/CRM)**)

*****

> **Caterpillar** — Bank of America upgraded Caterpillar to buy from neutral, saying the company has an underappreciated roadmap that can drive outperformance. Caterpillar was relatively flat in the premarket.

> #**STOCK SYMBOL:** CAT

> * [CLICK HERE FOR CHART!](http://elite.finviz.com/chart.ashx?t=CAT&ty=c&ta=st_c,sch_200p,sma_50,sma_200,sma_20,sma_100,bb_20_2,rsi_b_14,macd_b_12_26_9,stofu_b_14_3_3&p=d&s=l)

> ######(**[CLICK HERE FOR LIVE STOCK QUOTE!](http://data.cnbc.com/quotes/CAT)**)

*****

> **Logitech International** -- The keyboard and mouse maker continued to slide in the premarket, down nearly 5%. The move comes a day after Logitech lost 16% on the announcement that preliminary results showed declining sales and earnings. Deutsche Bank downgraded the shares Friday.

> #**STOCK SYMBOL:** LOGI

> * [CLICK HERE FOR CHART!](http://elite.finviz.com/chart.ashx?t=LOGI&ty=c&ta=st_c,sch_200p,sma_50,sma_200,sma_20,sma_100,bb_20_2,rsi_b_14,macd_b_12_26_9,stofu_b_14_3_3&p=d&s=l)

> ######(**[CLICK HERE FOR LIVE STOCK QUOTE!](http://data.cnbc.com/quotes/LOGI)**)

*****

#**FULL DISCLOSURE:**

> /u/bigbear0083 has no positions in any stocks mentioned. Reddit, moderators, and the author do not advise making investment decisions based on discussion in these posts. Analysis is not subject to validation and users take action at their own risk.

*****

#**DISCUSS!**

What's on everyone's radar for today's trading day ahead here at r/stocks?

*****

# **I hope you all have an excellent final trading day of this week ahead on this Friday, January 13th, 2023! :)**"
TSLA_009,10b64rp,stocks,2023-01-13 21:29:38,TSLA Tesla Evaluation - Fundamental Analysis,"Hello Investors and Gamblers! We all know what Tesla is, but do we really know what it is worth? Are you bagholding and want to know if you shall cut losses or hold it to the core of the Earth? Or are you looking for a good entry price for a heavy Call or Put slapping?

Well you came to the righ post! Here i am evaluating TSLA Fair Value for you! Hope you enjoy the reading! And don't forget to share with the community your thought and prayers! Cheers!

\_\_\_\_\_\_\_\_\_\_\_\_\_\_\_\_\_\_\_\_\_\_\_\_\_\_\_\_\_\_\_\_\_\_\_\_\_\_\_

**Purpose**

The purpose of this thesis is to analyse the development of Tesla during the past three years, from 2019 to 2022. Not only are the financial statements taken into consideration. In addition, a comparison to its main competitors and the market situation is also made. All is made to determine the fair value of the stock price and determine the investment strategy. All is made to answer the following questions:

* What is its position compared to competitors?
* Is the company fairly valued by the market by its fundamentals?
* Is the company a Buy or a Sell?

**Delimitations and Assumptions**

This thesis is delimited to an analysis of TSLA between the years 2019 and 2022. The thesis is based on the assumption that TSLA is the one of the most trending automotive company in the world, and that the prestige it has will support its price action in the next months.

**Methodology**

In this thesis, data from its financial statements are taken from SEC filings, Yahoo Finance and other publicly available information on the company on-line. The Company valuation is made based on:

* Adjusted Graham Fair Value Formula
* Free Cash Flow Evaluation Model
* Discounted Cash Flow Model

**Hypothesis**

* US next interest rates hike of 25-50bps
* Inflation of 6.5% and cooling down to 6% for January 2023
* TSLA is high volume stock
* TSLA is overvalued
* There are many TSLA bagholders
* TSLA can’t outproduce its competitors in the near nor mid term

\_\_\_\_\_\_\_\_\_\_\_\_\_\_\_\_\_\_\_\_\_\_\_\_\_\_

# Methodology

The thesis used macroeconomics data from the 13th of January 2023 for its valuations, Income Statements, Balance Sheets and Cash Flow are considered and projected to the next three years. The final price tag is obtained by the average of three valuation methodology: Graham Formula, Discounted Cash Flow and Cash Flow Evaluation. It is then given a 20% margin of error in both direction.

&#x200B;

|Data|Value|Source|
|:-|:-|:-|
|**Levered Beta**|2.03|[Yahoo Finance, 5y monthly](https://finance.yahoo.com/quote/TSLA?p=TSLA&.tsrc=fin-srch)|
|**Unlevered Beta**|**1.99**|Calculation|
|**CAPM**|**15.25%**|Calculation|
|**WACC**|**12.84%**|Calculation|
|**ROE**|**24.40%**|[Next Year’s Analyst Growth Estimate](https://finance.yahoo.com/quote/TSLA/analysis?p=TSLA)|
|**EPS**|**3.24**|[Yahoo Finance](https://finance.yahoo.com/quote/TSLA?p=TSLA)|
|**P/E**|**37.18**|[Yahoo Finance](https://finance.yahoo.com/quote/TSLA?p=TSLA)|
|**PEG ratio**|**2,13**|Calculation|
|**Growth Rate Estimate**|**24.40%**|[Analysts](https://finance.yahoo.com/quote/TSLA/analysis?p=TSLA)|
|Outstanding Shares|3,157,752,000|Excel Data Type|

# Macro Economic Data

|Data|Value|Source|
|:-|:-|:-|
|Market Expected Return|9.40%|[Motley Fools, 50y average market return (1972-2021)](https://www.fool.com/investing/how-to-invest/stocks/average-stock-market-return/)|
|Risk Free Rate|3.48%|[Yahoo Finance, 10y US Treasury Bonds](https://finance.yahoo.com/bonds)|
|Risk Premium|5.29%|calculation|
|AAA Bond Yield|4.40%|[Moody's Seasoned AAA Corporate Bond Yield](https://ycharts.com/indicators/moodys_seasoned_aaa_corporate_bond_yield)|
|Average US GDP Growth|3.18%|[Tradingeconomics - Average US GDP growth rate (1947-2022)](https://tradingeconomics.com/united-states/gdp-growth)|
|Current Market P/E|20.72|[Multpl.com ](https://www.multpl.com/s-p-500-pe-ratio)|
|US interest Rate|4.40%|[Trading Economics](https://tradingeconomics.com/united-states/interest-rate)|

\_\_\_\_\_\_\_\_\_\_\_\_\_\_\_\_\_\_\_\_\_\_\_\_\_\_

# Evaluation Methods

In this paper, three methods are used to evaluate the company's final fair value. Each method gives us different current fair values for a single share of the company. The final price tag is determined by the average price between all the methods used.

# Growth Rate

**The Growth Rate of 24.40%** is determined by the average analysts consensus for the company’s next year growth rate.

# Free Cash Flow Evaluation Model

This simple model takes in mind the company last year’s available cash flow data, its WACC based discount rate of 12,84% and its Growth Rate of 24,40% to determine a fair value of **$78.88** per share.

# Adjusted Graham Fair Value Formula

This model is used in the Value Investing communities to price tag a company based on its intrinsic value. This formula is created by Benjamin Graham, a value investor and professor at Columbia University who is considered the father of Value Investing. This thesis uses the adjusted formula to better adjust it to the current market environment.

Data used for the calculation:

|Data|Value|
|:-|:-|
|EPS|3.24|
|Growth Rate|24.40|
|AAA Bond Yield|4.40|

The Adjusted Graham Intrinsic Value Formula gives us a price tag of **$101.74**

# Discounted Cash Flow Model

This thesis uses Free Cash Flow, gained by subtraction Capex from Cash floe From Operations. Free cash flow (FCF) is the money a company has left over after paying its operating expenses and capital expenditures. It is used to remove the impact of capital structure on a firm's value and to make companies more comparable

In simple words. It is the cash flow of a company based on the belief that the company owes no debt, therefore has no interest payments to make.

In this model, it is taken in mind the following data:

|Data|Value|
|:-|:-|
|WACC based discount rate|12.84%|
|Growth rate|24.40%|
|Average US GDP growth rate|3.18%|
|Average Shares outstanding|3,157,752,000|

Which projected a FCF for the next five years as per follow:

Note: the projection is based on the assumption the company will keep growing by a perpetual rate of 24.40%, which is highly improbable due to unknown future events and variations in the market. This shall be taken only as an indicative forecast.

The calculation gives us a Fair Value of **$70.99** per share

&#x200B;

## Final Fair Value

The Final price tag is determined as per following:

|Data|Value|
|:-|:-|
|Free Cash Flow Evaluation Model|$78,88|
|Adjusted Graham Fair Value Formula|$101.74|
|Discounted Free Cash Flow Model|$70.99|
|**Final Price + 20% error margin**|**$104.83**|
|**Final Fair Price (Average)**|**$83.87**|
|**Final Price - 20% error margin**|**$62.90**|

\_\_\_\_\_\_\_\_\_\_\_\_\_\_\_\_\_\_\_\_\_\_\_\_\_\_

# Products

Tesla recently lowered their products price tag amid demand fall. Here are listed the current price tag as of 13th January 2023:

* **Tesla Model X** $109,990
* **Tesla Model 3** $43,990
* **Tesla Model Y** $52,990
* **Tesla Model S** $94,990

Total worldwide unit sold in thousands:

* 2022: 1,313
* 2021: 935
* 2020: 367
* 2018: 244

We can observe a 40% increase of Unit sold in 2022.

\_\_\_\_\_\_\_\_\_\_\_\_\_\_\_\_\_\_\_\_\_\_\_\_\_\_

# SWOT ANALYSIS

Strengths

* **Most Valuable Automotive Company**: It is currently the the automotive company with the highest market capitalisation.
* **Tesla Increased its Electric Vehicle Delivery**: In 2022 it increased its deliveries of 40% from 935 thousands  to 1.3 million units.
* **Cross-sell and Diversification**: Tesla has comprehensive insurance program for its vehicles in association with Liberty Mutual insurance company.
* **Innovative Company**: Tesla has a very high rate of innovation, the market expects the company to develop competitive and profitable products.

## Weaknesses

* **Manufacturing Complications**: Tesla faces continuous launch, manufacturing and production ramp delays while launching their new vehicles and other products. For example, Tesla faced endless manufacturing challenges when they were about to launch Model X, which lead to constant delays for distribution. Similarly, the company went through extreme troubles while manufacturing Model X’s battery module assembly line at Gigafactory 1.
* **Unable to meet demand might affect brand value**: Due to highly experimenting and complicated procedures, Tesla’ might face an unbalanced supply and demand, unable to meet the production ramp.
* **Lack of High Volume Productio**n: It has failed to produce high volumes of automobiles for any of its models. Even now, as the company plans to manufacture Model 3 vehicles at high volume, it faces issues in terms of production cost and management resources.
* **Shortage of Batterie**s: The shortage directly affectes the sales of electric vehicles and energy storage systems.
* **Elon Musk as Tesla’s Sole Representative**: Musk is deeply involved in other projects and side quests.
* **Financial Uncertainty**: Tesla has outstanding debt of $5.38 Billion. If the company is unable to generate enough cash flow to repay its debt, then there is a risk of delaying expansion, reducing investments, selling assets, etc.
* **Employee Safety Concerns**: Tesla was recently fined in 2019 for creating a tent production line without a permit or safety inspection. Also, the company did not train workers about the risks of working in the tent for long periods under the scorching California’s heat.
* **Leadership Wrangles**: Friction and conflict between management and the board of directors can undermine productivity and long-term success. Tesla’s management and board have been engaged in several power struggles.
* **Tesla Faces Lawsuit over Sexual Misconduct**: Many Tesla workers filed a lawsuit alleging sexual misconduct and harassment at the workplace. The women have complained that the company fosters a dark culture of sexual misconduct. They also alleged that they were cat-called and were frequently subjected to shameful remarks, groping, and misogynistic behaviour.

## Opportunities

* **Sales expansion in untapped Market**: The most significant opportunity for the company right now is the Asian market, even tho there are increased risks.
* **Less Expensive Car**: Tesla’s Model 3 is a more affordable version of Model S with less range, power, and fewer features.
* **Bringing battery production technology in-house**: Tesla intends to make its own battery cells.
* **Market Confidence in Tesla**: The stock market has shown confidence in Tesla after beating the projected car deliveries.

## Threats

* **Product Liability Claims**: The company has faced lawsuits and claims related to the failure of technology in their products. If these liability claims continued, then Tesla may be subjected to greater financial setbacks.
* **Extensive Competition**: Tesla, Inc. faces aggressive competition from both alternative fuel vehicles (Hybrid, Plug-in hybrid, fully electric car) and self-driving technology. Many automotive brands in the luxury segment like Mercedes, BMW, Audi, Lexus and in the economy segment like Toyota, Ford, General Motors , Volvo are getting ready for a fierce competition. Many brands are not only launching or planning to launch their environment-friendly-Self-driving technology but also, they are offering them at a comparably lower price.
* **Product Defects**: Tesla’s cars and other energy products have exhibited major flaws in many cases. The defective products often have weaknesses in design, manufacturing, and other features which harm the company’s image permanently.
* **Long term confidence**: Tesla, due to its unstable manufacturing conditions, suffers from disbelief among the public about its long-term existence, which can result in a deficiency in further business development.
* **Customer Adaptation**: The company highly depends upon customers willingness to adopt electric vehicles.
* **Disruption of Supply Due to Shortage of Materials**: Tesla can face major suspensions in the supply of manufacturing materials due to the increased prices. The company uses aluminum, steel, lithium, nickel, copper, and cobalt, as well as lithium-ion cells from suppliers. All these materials have volatile prices, which can affect the company’s production line severely in the future.
* **High-Risk Factor Due to Usage of Lithium-ion**: Tesla uses lithium-ion cells in their battery packs. Lithium is a highly reactive and explosive element, which increases the risk factor of our products. Tesla has faced a a few cases where their cars have caught fire and vented smoke, which has defamed the company on a major level.
* **Elon Musk’s Behavior Affecting Tesla’s Reputation**: Tesla’s entire reputation is built upon the cult of Elon Musk. But recently, his waky behavior and impulsive reactions are affecting Tesla.
* **Competitors increasing productions of EV Vehicles**: Competitors are jumping in the EV segment eating huge portions of the market share.

\_\_\_\_\_\_\_\_\_\_\_\_\_\_\_\_\_\_\_\_\_\_\_\_\_\_

# Analysts Price Target

**$436 High**

**$250 Average**

**$85 Low**

**$83 OP’s**",4,46,https://www.reddit.com/r/stocks/comments/10b64rp/tsla_tesla_evaluation_fundamental_analysis/,Tesla price,"TSLA Tesla Evaluation - Fundamental Analysis Hello Investors and Gamblers! We all know what Tesla is, but do we really know what it is worth? Are you bagholding and want to know if you shall cut losses or hold it to the core of the Earth? Or are you looking for a good entry price for a heavy Call or Put slapping?

Well you came to the righ post! Here i am evaluating TSLA Fair Value for you! Hope you enjoy the reading! And don't forget to share with the community your thought and prayers! Cheers!

\_\_\_\_\_\_\_\_\_\_\_\_\_\_\_\_\_\_\_\_\_\_\_\_\_\_\_\_\_\_\_\_\_\_\_\_\_\_\_

**Purpose**

The purpose of this thesis is to analyse the development of Tesla during the past three years, from 2019 to 2022. Not only are the financial statements taken into consideration. In addition, a comparison to its main competitors and the market situation is also made. All is made to determine the fair value of the stock price and determine the investment strategy. All is made to answer the following questions:

* What is its position compared to competitors?
* Is the company fairly valued by the market by its fundamentals?
* Is the company a Buy or a Sell?

**Delimitations and Assumptions**

This thesis is delimited to an analysis of TSLA between the years 2019 and 2022. The thesis is based on the assumption that TSLA is the one of the most trending automotive company in the world, and that the prestige it has will support its price action in the next months.

**Methodology**

In this thesis, data from its financial statements are taken from SEC filings, Yahoo Finance and other publicly available information on the company on-line. The Company valuation is made based on:

* Adjusted Graham Fair Value Formula
* Free Cash Flow Evaluation Model
* Discounted Cash Flow Model

**Hypothesis**

* US next interest rates hike of 25-50bps
* Inflation of 6.5% and cooling down to 6% for January 2023
* TSLA is high volume stock
* TSLA is overvalued
* There are many TSLA bagholders
* TSLA can’t outproduce its competitors in the near nor mid term

\_\_\_\_\_\_\_\_\_\_\_\_\_\_\_\_\_\_\_\_\_\_\_\_\_\_

# Methodology

The thesis used macroeconomics data from the 13th of January 2023 for its valuations, Income Statements, Balance Sheets and Cash Flow are considered and projected to the next three years. The final price tag is obtained by the average of three valuation methodology: Graham Formula, Discounted Cash Flow and Cash Flow Evaluation. It is then given a 20% margin of error in both direction.

&#x200B;

|Data|Value|Source|
|:-|:-|:-|
|**Levered Beta**|2.03|[Yahoo Finance, 5y monthly](https://finance.yahoo.com/quote/TSLA?p=TSLA&.tsrc=fin-srch)|
|**Unlevered Beta**|**1.99**|Calculation|
|**CAPM**|**15.25%**|Calculation|
|**WACC**|**12.84%**|Calculation|
|**ROE**|**24.40%**|[Next Year’s Analyst Growth Estimate](https://finance.yahoo.com/quote/TSLA/analysis?p=TSLA)|
|**EPS**|**3.24**|[Yahoo Finance](https://finance.yahoo.com/quote/TSLA?p=TSLA)|
|**P/E**|**37.18**|[Yahoo Finance](https://finance.yahoo.com/quote/TSLA?p=TSLA)|
|**PEG ratio**|**2,13**|Calculation|
|**Growth Rate Estimate**|**24.40%**|[Analysts](https://finance.yahoo.com/quote/TSLA/analysis?p=TSLA)|
|Outstanding Shares|3,157,752,000|Excel Data Type|

# Macro Economic Data

|Data|Value|Source|
|:-|:-|:-|
|Market Expected Return|9.40%|[Motley Fools, 50y average market return (1972-2021)](https://www.fool.com/investing/how-to-invest/stocks/average-stock-market-return/)|
|Risk Free Rate|3.48%|[Yahoo Finance, 10y US Treasury Bonds](https://finance.yahoo.com/bonds)|
|Risk Premium|5.29%|calculation|
|AAA Bond Yield|4.40%|[Moody's Seasoned AAA Corporate Bond Yield](https://ycharts.com/indicators/moodys_seasoned_aaa_corporate_bond_yield)|
|Average US GDP Growth|3.18%|[Tradingeconomics - Average US GDP growth rate (1947-2022)](https://tradingeconomics.com/united-states/gdp-growth)|
|Current Market P/E|20.72|[Multpl.com ](https://www.multpl.com/s-p-500-pe-ratio)|
|US interest Rate|4.40%|[Trading Economics](https://tradingeconomics.com/united-states/interest-rate)|

\_\_\_\_\_\_\_\_\_\_\_\_\_\_\_\_\_\_\_\_\_\_\_\_\_\_

# Evaluation Methods

In this paper, three methods are used to evaluate the company's final fair value. Each method gives us different current fair values for a single share of the company. The final price tag is determined by the average price between all the methods used.

# Growth Rate

**The Growth Rate of 24.40%** is determined by the average analysts consensus for the company’s next year growth rate.

# Free Cash Flow Evaluation Model

This simple model takes in mind the company last year’s available cash flow data, its WACC based discount rate of 12,84% and its Growth Rate of 24,40% to determine a fair value of **$78.88** per share.

# Adjusted Graham Fair Value Formula

This model is used in the Value Investing communities to price tag a company based on its intrinsic value. This formula is created by Benjamin Graham, a value investor and professor at Columbia University who is considered the father of Value Investing. This thesis uses the adjusted formula to better adjust it to the current market environment.

Data used for the calculation:

|Data|Value|
|:-|:-|
|EPS|3.24|
|Growth Rate|24.40|
|AAA Bond Yield|4.40|

The Adjusted Graham Intrinsic Value Formula gives us a price tag of **$101.74**

# Discounted Cash Flow Model

This thesis uses Free Cash Flow, gained by subtraction Capex from Cash floe From Operations. Free cash flow (FCF) is the money a company has left over after paying its operating expenses and capital expenditures. It is used to remove the impact of capital structure on a firm's value and to make companies more comparable

In simple words. It is the cash flow of a company based on the belief that the company owes no debt, therefore has no interest payments to make.

In this model, it is taken in mind the following data:

|Data|Value|
|:-|:-|
|WACC based discount rate|12.84%|
|Growth rate|24.40%|
|Average US GDP growth rate|3.18%|
|Average Shares outstanding|3,157,752,000|

Which projected a FCF for the next five years as per follow:

Note: the projection is based on the assumption the company will keep growing by a perpetual rate of 24.40%, which is highly improbable due to unknown future events and variations in the market. This shall be taken only as an indicative forecast.

The calculation gives us a Fair Value of **$70.99** per share

&#x200B;

## Final Fair Value

The Final price tag is determined as per following:

|Data|Value|
|:-|:-|
|Free Cash Flow Evaluation Model|$78,88|
|Adjusted Graham Fair Value Formula|$101.74|
|Discounted Free Cash Flow Model|$70.99|
|**Final Price + 20% error margin**|**$104.83**|
|**Final Fair Price (Average)**|**$83.87**|
|**Final Price - 20% error margin**|**$62.90**|

\_\_\_\_\_\_\_\_\_\_\_\_\_\_\_\_\_\_\_\_\_\_\_\_\_\_

# Products

Tesla recently lowered their products price tag amid demand fall. Here are listed the current price tag as of 13th January 2023:

* **Tesla Model X** $109,990
* **Tesla Model 3** $43,990
* **Tesla Model Y** $52,990
* **Tesla Model S** $94,990

Total worldwide unit sold in thousands:

* 2022: 1,313
* 2021: 935
* 2020: 367
* 2018: 244

We can observe a 40% increase of Unit sold in 2022.

\_\_\_\_\_\_\_\_\_\_\_\_\_\_\_\_\_\_\_\_\_\_\_\_\_\_

# SWOT ANALYSIS

Strengths

* **Most Valuable Automotive Company**: It is currently the the automotive company with the highest market capitalisation.
* **Tesla Increased its Electric Vehicle Delivery**: In 2022 it increased its deliveries of 40% from 935 thousands  to 1.3 million units.
* **Cross-sell and Diversification**: Tesla has comprehensive insurance program for its vehicles in association with Liberty Mutual insurance company.
* **Innovative Company**: Tesla has a very high rate of innovation, the market expects the company to develop competitive and profitable products.

## Weaknesses

* **Manufacturing Complications**: Tesla faces continuous launch, manufacturing and production ramp delays while launching their new vehicles and other products. For example, Tesla faced endless manufacturing challenges when they were about to launch Model X, which lead to constant delays for distribution. Similarly, the company went through extreme troubles while manufacturing Model X’s battery module assembly line at Gigafactory 1.
* **Unable to meet demand might affect brand value**: Due to highly experimenting and complicated procedures, Tesla’ might face an unbalanced supply and demand, unable to meet the production ramp.
* **Lack of High Volume Productio**n: It has failed to produce high volumes of automobiles for any of its models. Even now, as the company plans to manufacture Model 3 vehicles at high volume, it faces issues in terms of production cost and management resources.
* **Shortage of Batterie**s: The shortage directly affectes the sales of electric vehicles and energy storage systems.
* **Elon Musk as Tesla’s Sole Representative**: Musk is deeply involved in other projects and side quests.
* **Financial Uncertainty**: Tesla has outstanding debt of $5.38 Billion. If the company is unable to generate enough cash flow to repay its debt, then there is a risk of delaying expansion, reducing investments, selling assets, etc.
* **Employee Safety Concerns**: Tesla was recently fined in 2019 for creating a tent production line without a permit or safety inspection. Also, the company did not train workers about the risks of working in the tent for long periods under the scorching California’s heat.
* **Leadership Wrangles**: Friction and conflict between management and the board of directors can undermine productivity and long-term success. Tesla’s management and board have been engaged in several power struggles.
* **Tesla Faces Lawsuit over Sexual Misconduct**: Many Tesla workers filed a lawsuit alleging sexual misconduct and harassment at the workplace. The women have complained that the company fosters a dark culture of sexual misconduct. They also alleged that they were cat-called and were frequently subjected to shameful remarks, groping, and misogynistic behaviour.

## Opportunities

* **Sales expansion in untapped Market**: The most significant opportunity for the company right now is the Asian market, even tho there are increased risks.
* **Less Expensive Car**: Tesla’s Model 3 is a more affordable version of Model S with less range, power, and fewer features.
* **Bringing battery production technology in-house**: Tesla intends to make its own battery cells.
* **Market Confidence in Tesla**: The stock market has shown confidence in Tesla after beating the projected car deliveries.

## Threats

* **Product Liability Claims**: The company has faced lawsuits and claims related to the failure of technology in their products. If these liability claims continued, then Tesla may be subjected to greater financial setbacks.
* **Extensive Competition**: Tesla, Inc. faces aggressive competition from both alternative fuel vehicles (Hybrid, Plug-in hybrid, fully electric car) and self-driving technology. Many automotive brands in the luxury segment like Mercedes, BMW, Audi, Lexus and in the economy segment like Toyota, Ford, General Motors , Volvo are getting ready for a fierce competition. Many brands are not only launching or planning to launch their environment-friendly-Self-driving technology but also, they are offering them at a comparably lower price.
* **Product Defects**: Tesla’s cars and other energy products have exhibited major flaws in many cases. The defective products often have weaknesses in design, manufacturing, and other features which harm the company’s image permanently.
* **Long term confidence**: Tesla, due to its unstable manufacturing conditions, suffers from disbelief among the public about its long-term existence, which can result in a deficiency in further business development.
* **Customer Adaptation**: The company highly depends upon customers willingness to adopt electric vehicles.
* **Disruption of Supply Due to Shortage of Materials**: Tesla can face major suspensions in the supply of manufacturing materials due to the increased prices. The company uses aluminum, steel, lithium, nickel, copper, and cobalt, as well as lithium-ion cells from suppliers. All these materials have volatile prices, which can affect the company’s production line severely in the future.
* **High-Risk Factor Due to Usage of Lithium-ion**: Tesla uses lithium-ion cells in their battery packs. Lithium is a highly reactive and explosive element, which increases the risk factor of our products. Tesla has faced a a few cases where their cars have caught fire and vented smoke, which has defamed the company on a major level.
* **Elon Musk’s Behavior Affecting Tesla’s Reputation**: Tesla’s entire reputation is built upon the cult of Elon Musk. But recently, his waky behavior and impulsive reactions are affecting Tesla.
* **Competitors increasing productions of EV Vehicles**: Competitors are jumping in the EV segment eating huge portions of the market share.

\_\_\_\_\_\_\_\_\_\_\_\_\_\_\_\_\_\_\_\_\_\_\_\_\_\_

# Analysts Price Target

**$436 High**

**$250 Average**

**$85 Low**

**$83 OP’s**"
TSLA_009,10df5kw,stocks,2023-01-16 13:55:45,TSLA Tesla Q3 SEC Filling Dive in and Main Takeaways,"Hello Redditors and Gamblers! We are hearing a lot recently from our Ol’ Wacky Stock that is Tesla (TSLA). The company will have its 4Q’s Earning Date the 25th January 2023, i know what you are thinking: “*Bruh, shall I Yolo all my savings plus underwear into a call option or a put option??*”.

Worry not, my Dear Reader! You came to the right post! In the past days, I gave you an exposé on Tesla’s intrinsic value, price tagging it at $83! Wow! You can read it [here](https://www.reddit.com/r/stocks/comments/10b64rp/tsla_tesla_evaluation_fundamental_analysis/?utm_source=share&utm_medium=web2x&context=3).

We all know about Its Textbook development of the price action, following its psychological and emotional wave: [graph](https://www.reddit.com/r/wallstreetbets/comments/10bxmgc/tsla_teslas_market_cycle/?utm_source=share&utm_medium=web2x&context=3)

Knowing all of this, let's dive into the last company SEC’s filling to see the truth behind the sugar coding of media, management and PR tactics. Companies are required to state the truth and what it is actually happening and expected to happen in the company, that is why they made it so hard and heavy to read and analyse. But lucky you, I went through all that boring ass wall of text to bring ya the Main Key Takeaways from what the management truly expect for the company! Bear in mind my comments will be written as follows \[\[*this is a comment of mine*\]\].

Have a nice reading! Let’s start!

**TL:DR:** there are many risks and treats the management aknowledge andthey do not guarantee enough liquidity to cover interest expenses and cash flow migh not be enough to cover operations. They are an automovitve company with many copetitors and hard competition. Treats to its brand value and perception. They migh not meet promisses or expectations. High chances of tech thief by the chinese. They migh fail to meet their announced guidance.

\_\_\_\_\_\_\_\_\_\_\_\_\_\_\_\_\_\_\_\_\_\_\_\_\_\_\_\_\_\_\_\_\_\_\_\_\_\_\_\_\_\_\_\_\_\_\_\_\_

# MANAGEMENT’S DISCUSSION AND ANALYSIS OF FINANCIAL CONDITION AND RESULTS OF OPERATIONS

**Automotive—Demand and Sales**

\[…\] However, we **operate in a cyclical industry that is sensitive to political and regulatory uncertainty**, including with respect to trade and the environment, all of which may also be compounded by any future global impact from the COVID-19 pandemic, **inflationary pressures, rising energy prices and increases in interest rates**. Moreover, **as additional competitors enter the marketplace** and help bring the world closer to sustainable transportation, we will have to adjust and continue to execute well to maintain our momentum.

\[\[As we can see here, Tesla clearly states that the operates in “*a cyclical industry that is sensitive to political and regulatory uncertainty”* and that it is threatened by “*inflationary pressures, rising energy prices and increases in interest rates*”. They also announced issues with competitors “*as additional competitors enter the marketplace*”. We can clearly state with circumstantial evidence that the Company is mainly an automotive company, they avoid saying so directly to maintain the idea of a Tech Company as some investors imagine them to be.\]\]

\_\_\_\_\_\_\_\_\_\_\_\_\_\_\_\_\_\_\_\_\_\_\_\_\_\_\_\_\_\_\_\_\_\_\_\_\_\_\_\_\_\_\_\_\_\_\_\_\_

# RISK FACTORS

\[\[Here we will dive into all the risks, problems and issues of Tesla, i will list them all and let you make up your own idea\]\]

## Risks Related to Our Ability to Grow Our Business

1. We may be impacted by macroeconomic conditions resulting from the global COVID-19 pandemic
2. We may **experience delays** in launching and ramping the production of our products and features, or we may be unable to control our manufacturing costs.
3. **Our suppliers may fail to deliver components according to schedules, prices, quality** and volumes that are acceptable to us, or we may be unable to manage these components effectively.
4. **We may be unable to meet our projected construction timelines**, costs and production ramps at new factories, or we may experience difficulties in generating and maintaining demand for products manufactured there.
5. **We may be unable to grow our global product sales**, delivery and installation capabilities and our servicing and vehicle charging networks, or we may be unable to accurately project and effectively manage our growth.
6. **We will need to maintain and significantly grow our access to battery cells**, including through the development and manufacture of our own cells, and control our related costs.
7. Our future growth and success are dependent upon consumers’ demand for electric vehicles and specifically our vehicles in an automotive industry that is generally competitive, cyclical and volatile.
8. **We face strong competition for our products and services from a growing list of established and new competitors**.

## Risks Related to Our Operations

1. **We may experience issues with lithium-ion cells** or other components manufactured at Gigafactory Nevada and Gigafactory Shanghai, which may harm the production and profitability of our vehicle and energy storage products.
2. We face risks associated with maintaining and expanding our international operations, including unfavourable and uncertain regulatory, political, economic, tax and labour conditions.
3. Our business may suffer if our products or features contain defects, fail to perform as expected, or take longer than expected to become fully functional.
4. **We may be required to defend or insure against product liability claims**.
5. **We will need to maintain public credibility and confidence in our long-term business prospects in order to succeed.**
6. **We may be unable to effectively grow, or manage the compliance, residual value, financing and credit risks related to, our various financing programs.**
7. **If we are unable to attract, hire and retain key employees and qualified personnel, our ability to compete may be harmed.**
8. **We are highly dependent on the services of Elon Musk**, Technoking of Tesla and our Chief Executive Officer.
9. Our information technology systems or data, or those of our service providers or customers or users could be **subject to cyber-attacks or other security incidents**, **which could result in data breaches, intellectual property theft**, claims, litigation, regulatory investigations, significant liability, reputational damage and other adverse consequences.
10. Any unauthorized control or manipulation of our products’ systems could result in loss of confidence in us and our products.
11. Our business may be adversely affected by any disruptions caused by union activities.
12. We may choose to or be compelled to undertake **product recalls** or take other similar actions.
13. **Our current and future warranty reserves may be insufficient to cover future warranty claims.**
14. **Our insurance coverage strategy may not be adequate to protect us from all business risks.**
15. **Our debt agreements contain covenant restrictions that may limit our ability to operate our business.**
16. **Additional funds may not be available to us when we need or want them.**
17. We may be negatively impacted by any early obsolescence of our manufacturing equipment.
18. We hold and may acquire digital assets that may be subject to volatile market prices, impairment and unique risks of loss.
19. **There is no guarantee that we will have sufficient cash flow from our business to pay our indebtedness or that we will not incur additional indebtedness.**
20. We are exposed to fluctuations in currency exchange rates.
21. **We may need to defend ourselves against intellectual property infringement claims**, which may be time-consuming and expensive.
22. **Increased scrutiny and changing expectations from stakeholders** with respect to the Company’s ESG practices may result in additional costs or risks.
23. Our operations could be adversely affected by events outside of our control, such as natural disasters, wars or health epidemics.

## Risks Related to Government Laws and Regulations

1. Demand for our products and services may be impacted by the status of government and economic incentives supporting the development and adoption of such products.
2. We are subject to evolving laws and regulations that could impose substantial costs, legal prohibitions or unfavourable changes upon our operations or products.
3. Any failure by us to comply with a variety of U.S. and international privacy and consumer protection laws may harm us.
4. We could be subject to liability, penalties and other restrictive sanctions and adverse consequences arising out of certain governmental investigations and proceedings.
5. We may face regulatory challenges to or limitations on our ability to sell vehicles directly.
6. **The trading price of our common stock is likely to continue to be volatile.**

## Risks Related to the Ownership of Our Common Stock

1. **Our financial results may vary significantly from period to period due to fluctuations in our operating costs and other factors.**
2. **We may fail to meet our publicly announced guidance or other expectations about our business, which could cause our stock price to decline.**
3. **Transactions relating to our convertible senior notes may dilute the ownership interest of existing stockholders, or may otherwise depress the price of our common stock.**
4. **If Elon Musk were forced to sell shares of our common stock that he has pledged to secure certain personal loan obligations, such sales could cause our stock price to decline.**
5. Anti-takeover provisions contained in our governing documents, applicable laws and our convertible senior notes could impair a takeover attempt.

\_\_\_\_\_\_\_\_\_\_\_\_\_\_\_\_\_\_\_\_\_\_\_\_\_\_\_\_\_\_\_\_\_\_\_\_\_\_\_\_\_\_\_\_\_\_\_\_\_

\[\[Damn! I think they indirectly stated that there might be intellectual thief of their tech, something is telling me they know the high risks of corporate espionage by of operating in China. We shall expect the CCP to kick the out after they finish to copy Tesla’s tech.

High risks in the company image is high too, laughable the fact that they cited Musk as “Technoking of Tesla”.

Interesting the part where they said they “might not have enough liquidity to cover costs and expenses and debts that might limit their operations and there is no guarantee that they will have sufficient cash flow to pay indebtedness. This is Bad.”

Here too they cited the entering of strong competition for their products and services from a growing list of established and new competitors.

Issues with Lithium-Ion Cells are also cited.\]\]

\_\_\_\_\_\_\_\_\_\_\_\_\_\_\_\_\_\_\_\_\_\_\_\_\_\_\_\_\_\_\_\_\_\_\_\_\_\_\_\_\_\_\_\_\_\_\_\_\_

*Over all, there are high risks and treats to the company, many of which are critical and highly dangerous. What do you think? What are your expectations for the company? How is Tesla performance going to in this 4Q 2022? Are you slapping Puts or Calls? Let the community know!*",0,39,https://www.reddit.com/r/stocks/comments/10df5kw/tsla_tesla_q3_sec_filling_dive_in_and_main/,Tesla price,"TSLA Tesla Q3 SEC Filling Dive in and Main Takeaways Hello Redditors and Gamblers! We are hearing a lot recently from our Ol’ Wacky Stock that is Tesla (TSLA). The company will have its 4Q’s Earning Date the 25th January 2023, i know what you are thinking: “*Bruh, shall I Yolo all my savings plus underwear into a call option or a put option??*”.

Worry not, my Dear Reader! You came to the right post! In the past days, I gave you an exposé on Tesla’s intrinsic value, price tagging it at $83! Wow! You can read it [here](https://www.reddit.com/r/stocks/comments/10b64rp/tsla_tesla_evaluation_fundamental_analysis/?utm_source=share&utm_medium=web2x&context=3).

We all know about Its Textbook development of the price action, following its psychological and emotional wave: [graph](https://www.reddit.com/r/wallstreetbets/comments/10bxmgc/tsla_teslas_market_cycle/?utm_source=share&utm_medium=web2x&context=3)

Knowing all of this, let's dive into the last company SEC’s filling to see the truth behind the sugar coding of media, management and PR tactics. Companies are required to state the truth and what it is actually happening and expected to happen in the company, that is why they made it so hard and heavy to read and analyse. But lucky you, I went through all that boring ass wall of text to bring ya the Main Key Takeaways from what the management truly expect for the company! Bear in mind my comments will be written as follows \[\[*this is a comment of mine*\]\].

Have a nice reading! Let’s start!

**TL:DR:** there are many risks and treats the management aknowledge andthey do not guarantee enough liquidity to cover interest expenses and cash flow migh not be enough to cover operations. They are an automovitve company with many copetitors and hard competition. Treats to its brand value and perception. They migh not meet promisses or expectations. High chances of tech thief by the chinese. They migh fail to meet their announced guidance.

\_\_\_\_\_\_\_\_\_\_\_\_\_\_\_\_\_\_\_\_\_\_\_\_\_\_\_\_\_\_\_\_\_\_\_\_\_\_\_\_\_\_\_\_\_\_\_\_\_

# MANAGEMENT’S DISCUSSION AND ANALYSIS OF FINANCIAL CONDITION AND RESULTS OF OPERATIONS

**Automotive—Demand and Sales**

\[…\] However, we **operate in a cyclical industry that is sensitive to political and regulatory uncertainty**, including with respect to trade and the environment, all of which may also be compounded by any future global impact from the COVID-19 pandemic, **inflationary pressures, rising energy prices and increases in interest rates**. Moreover, **as additional competitors enter the marketplace** and help bring the world closer to sustainable transportation, we will have to adjust and continue to execute well to maintain our momentum.

\[\[As we can see here, Tesla clearly states that the operates in “*a cyclical industry that is sensitive to political and regulatory uncertainty”* and that it is threatened by “*inflationary pressures, rising energy prices and increases in interest rates*”. They also announced issues with competitors “*as additional competitors enter the marketplace*”. We can clearly state with circumstantial evidence that the Company is mainly an automotive company, they avoid saying so directly to maintain the idea of a Tech Company as some investors imagine them to be.\]\]

\_\_\_\_\_\_\_\_\_\_\_\_\_\_\_\_\_\_\_\_\_\_\_\_\_\_\_\_\_\_\_\_\_\_\_\_\_\_\_\_\_\_\_\_\_\_\_\_\_

# RISK FACTORS

\[\[Here we will dive into all the risks, problems and issues of Tesla, i will list them all and let you make up your own idea\]\]

## Risks Related to Our Ability to Grow Our Business

1. We may be impacted by macroeconomic conditions resulting from the global COVID-19 pandemic
2. We may **experience delays** in launching and ramping the production of our products and features, or we may be unable to control our manufacturing costs.
3. **Our suppliers may fail to deliver components according to schedules, prices, quality** and volumes that are acceptable to us, or we may be unable to manage these components effectively.
4. **We may be unable to meet our projected construction timelines**, costs and production ramps at new factories, or we may experience difficulties in generating and maintaining demand for products manufactured there.
5. **We may be unable to grow our global product sales**, delivery and installation capabilities and our servicing and vehicle charging networks, or we may be unable to accurately project and effectively manage our growth.
6. **We will need to maintain and significantly grow our access to battery cells**, including through the development and manufacture of our own cells, and control our related costs.
7. Our future growth and success are dependent upon consumers’ demand for electric vehicles and specifically our vehicles in an automotive industry that is generally competitive, cyclical and volatile.
8. **We face strong competition for our products and services from a growing list of established and new competitors**.

## Risks Related to Our Operations

1. **We may experience issues with lithium-ion cells** or other components manufactured at Gigafactory Nevada and Gigafactory Shanghai, which may harm the production and profitability of our vehicle and energy storage products.
2. We face risks associated with maintaining and expanding our international operations, including unfavourable and uncertain regulatory, political, economic, tax and labour conditions.
3. Our business may suffer if our products or features contain defects, fail to perform as expected, or take longer than expected to become fully functional.
4. **We may be required to defend or insure against product liability claims**.
5. **We will need to maintain public credibility and confidence in our long-term business prospects in order to succeed.**
6. **We may be unable to effectively grow, or manage the compliance, residual value, financing and credit risks related to, our various financing programs.**
7. **If we are unable to attract, hire and retain key employees and qualified personnel, our ability to compete may be harmed.**
8. **We are highly dependent on the services of Elon Musk**, Technoking of Tesla and our Chief Executive Officer.
9. Our information technology systems or data, or those of our service providers or customers or users could be **subject to cyber-attacks or other security incidents**, **which could result in data breaches, intellectual property theft**, claims, litigation, regulatory investigations, significant liability, reputational damage and other adverse consequences.
10. Any unauthorized control or manipulation of our products’ systems could result in loss of confidence in us and our products.
11. Our business may be adversely affected by any disruptions caused by union activities.
12. We may choose to or be compelled to undertake **product recalls** or take other similar actions.
13. **Our current and future warranty reserves may be insufficient to cover future warranty claims.**
14. **Our insurance coverage strategy may not be adequate to protect us from all business risks.**
15. **Our debt agreements contain covenant restrictions that may limit our ability to operate our business.**
16. **Additional funds may not be available to us when we need or want them.**
17. We may be negatively impacted by any early obsolescence of our manufacturing equipment.
18. We hold and may acquire digital assets that may be subject to volatile market prices, impairment and unique risks of loss.
19. **There is no guarantee that we will have sufficient cash flow from our business to pay our indebtedness or that we will not incur additional indebtedness.**
20. We are exposed to fluctuations in currency exchange rates.
21. **We may need to defend ourselves against intellectual property infringement claims**, which may be time-consuming and expensive.
22. **Increased scrutiny and changing expectations from stakeholders** with respect to the Company’s ESG practices may result in additional costs or risks.
23. Our operations could be adversely affected by events outside of our control, such as natural disasters, wars or health epidemics.

## Risks Related to Government Laws and Regulations

1. Demand for our products and services may be impacted by the status of government and economic incentives supporting the development and adoption of such products.
2. We are subject to evolving laws and regulations that could impose substantial costs, legal prohibitions or unfavourable changes upon our operations or products.
3. Any failure by us to comply with a variety of U.S. and international privacy and consumer protection laws may harm us.
4. We could be subject to liability, penalties and other restrictive sanctions and adverse consequences arising out of certain governmental investigations and proceedings.
5. We may face regulatory challenges to or limitations on our ability to sell vehicles directly.
6. **The trading price of our common stock is likely to continue to be volatile.**

## Risks Related to the Ownership of Our Common Stock

1. **Our financial results may vary significantly from period to period due to fluctuations in our operating costs and other factors.**
2. **We may fail to meet our publicly announced guidance or other expectations about our business, which could cause our stock price to decline.**
3. **Transactions relating to our convertible senior notes may dilute the ownership interest of existing stockholders, or may otherwise depress the price of our common stock.**
4. **If Elon Musk were forced to sell shares of our common stock that he has pledged to secure certain personal loan obligations, such sales could cause our stock price to decline.**
5. Anti-takeover provisions contained in our governing documents, applicable laws and our convertible senior notes could impair a takeover attempt.

\_\_\_\_\_\_\_\_\_\_\_\_\_\_\_\_\_\_\_\_\_\_\_\_\_\_\_\_\_\_\_\_\_\_\_\_\_\_\_\_\_\_\_\_\_\_\_\_\_

\[\[Damn! I think they indirectly stated that there might be intellectual thief of their tech, something is telling me they know the high risks of corporate espionage by of operating in China. We shall expect the CCP to kick the out after they finish to copy Tesla’s tech.

High risks in the company image is high too, laughable the fact that they cited Musk as “Technoking of Tesla”.

Interesting the part where they said they “might not have enough liquidity to cover costs and expenses and debts that might limit their operations and there is no guarantee that they will have sufficient cash flow to pay indebtedness. This is Bad.”

Here too they cited the entering of strong competition for their products and services from a growing list of established and new competitors.

Issues with Lithium-Ion Cells are also cited.\]\]

\_\_\_\_\_\_\_\_\_\_\_\_\_\_\_\_\_\_\_\_\_\_\_\_\_\_\_\_\_\_\_\_\_\_\_\_\_\_\_\_\_\_\_\_\_\_\_\_\_

*Over all, there are high risks and treats to the company, many of which are critical and highly dangerous. What do you think? What are your expectations for the company? How is Tesla performance going to in this 4Q 2022? Are you slapping Puts or Calls? Let the community know!*"
TSLA_009,10ed4mo,stocks,2023-01-17 14:07:59,XPEV - Expanding to Europe. Also cut prices by 10% to compete with Tesla.,,1,0,https://www.reddit.com/r/stocks/comments/10ed4mo/xpev_expanding_to_europe_also_cut_prices_by_10_to/,Tesla price,XPEV - Expanding to Europe. Also cut prices by 10% to compete with Tesla.
TSLA_009,10b68xz,investing,2023-01-13 21:34:20,TSLA Tesla Evaluation - Fundamental Analysis,"Hello Investors and Gamblers! We all know what Tesla is, but do we really know what it is worth? Are you bagholding and want to know if you shall cut losses or hold it to the core of the Earth? Or are you looking for a good entry price for a heavy Call or Put slapping?

Well you came to the righ post! Here i am evaluating TSLA Fair Value for you! Hope you enjoy the reading! And don't forget to share with the community your thought and prayers! Cheers!

\_\_\_\_\_\_\_\_\_\_\_\_\_\_\_\_\_\_\_\_\_\_\_\_\_\_\_\_\_\_\_\_\_\_\_\_\_\_\_

**Purpose**

The purpose of this thesis is to analyse the development of Tesla during the past three years, from 2019 to 2022. Not only are the financial statements taken into consideration. In addition, a comparison to its main competitors and the market situation is also made. All is made to determine the fair value of the stock price and determine the investment strategy. All is made to answer the following questions:

* What is its position compared to competitors?
* Is the company fairly valued by the market by its fundamentals?
* Is the company a Buy or a Sell?

**Delimitations and Assumptions**

This thesis is delimited to an analysis of TSLA between the years 2019 and 2022. The thesis is based on the assumption that TSLA is the one of the most trending automotive company in the world, and that the prestige it has will support its price action in the next months.

**Methodology**

In this thesis, data from its financial statements are taken from SEC filings, Yahoo Finance and other publicly available information on the company on-line. The Company valuation is made based on:

* Adjusted Graham Fair Value Formula
* Free Cash Flow Evaluation Model
* Discounted Cash Flow Model

**Hypothesis**

* US next interest rates hike of 25-50bps
* Inflation of 6.5% and cooling down to 6% for January 2023
* TSLA is high volume stock
* TSLA is overvalued
* There are many TSLA bagholders
* TSLA can’t outproduce its competitors in the near nor mid term

\_\_\_\_\_\_\_\_\_\_\_\_\_\_\_\_\_\_\_\_\_\_\_\_\_\_

# Methodology

The thesis used macroeconomics data from the 13th of January 2023 for its valuations, Income Statements, Balance Sheets and Cash Flow are considered and projected to the next three years. The final price tag is obtained by the average of three valuation methodology: Graham Formula, Discounted Cash Flow and Cash Flow Evaluation. It is then given a 20% margin of error in both direction.

&#x200B;

|Data|Value|Source|
|:-|:-|:-|
|**Levered Beta**|2.03|Yahoo Finance, 5y monthly|
|**Unlevered Beta**|**1.99**|Calculation|
|**CAPM**|**15.25%**|Calculation|
|**WACC**|**12.84%**|Calculation|
|**ROE**|**24.40%**|Next Year’s Analyst Growth Estimate|
|**EPS**|**3.24**|Yahoo Finance|
|**P/E**|**37.18**|Yahoo Finance|
|**PEG ratio**|**2,13**|Calculation|
|**Growth Rate Estimate**|**24.40%**|Analysts|
|Outstanding Shares|3,157,752,000|Excel Data Type|

# Macro Economic Data

|Data|Value|Source|
|:-|:-|:-|
|Market Expected Return|9.40%|Motley Fools, 50y average market return (1972-2021)|
|Risk Free Rate|3.48%|Yahoo Finance, 10y US Treasury Bonds|
|Risk Premium|5.29%|calculation|
|AAA Bond Yield|4.40%|Moody's Seasoned AAA Corporate Bond Yield|
|Average US GDP Growth|3.18%|Tradingeconomics - Average US GDP growth rate (1947-2022)|
|Current Market P/E|20.72|Multpl.com|
|US interest Rate|4.40%|Trading Economics|

\_\_\_\_\_\_\_\_\_\_\_\_\_\_\_\_\_\_\_\_\_\_\_\_\_\_

# Evaluation Methods

In this paper, three methods are used to evaluate the company's final fair value. Each method gives us different current fair values for a single share of the company. The final price tag is determined by the average price between all the methods used.

# Growth Rate

**The Growth Rate of 24.40%** is determined by the average analysts consensus for the company’s next year growth rate.

# Free Cash Flow Evaluation Model

This simple model takes in mind the company last year’s available cash flow data, its WACC based discount rate of 12,84% and its Growth Rate of 24,40% to determine a fair value of **$78.88** per share.

# Adjusted Graham Fair Value Formula

This model is used in the Value Investing communities to price tag a company based on its intrinsic value. This formula is created by Benjamin Graham, a value investor and professor at Columbia University who is considered the father of Value Investing. This thesis uses the adjusted formula to better adjust it to the current market environment.

Data used for the calculation:

|Data|Value|
|:-|:-|
|EPS|3.24|
|Growth Rate|24.40|
|AAA Bond Yield|4.40|

The Adjusted Graham Intrinsic Value Formula gives us a price tag of **$101.74**

# Discounted Cash Flow Model

This thesis uses Free Cash Flow, gained by subtraction Capex from Cash floe From Operations. Free cash flow (FCF) is the money a company has left over after paying its operating expenses and capital expenditures. It is used to remove the impact of capital structure on a firm's value and to make companies more comparable

In simple words. It is the cash flow of a company based on the belief that the company owes no debt, therefore has no interest payments to make.

In this model, it is taken in mind the following data:

|Data|Value|
|:-|:-|
|WACC based discount rate|12.84%|
|Growth rate|24.40%|
|Average US GDP growth rate|3.18%|
|Average Shares outstanding|3,157,752,000|

Which projected a FCF for the next five years as per follow:

Note: the projection is based on the assumption the company will keep growing by a perpetual rate of 24.40%, which is highly improbable due to unknown future events and variations in the market. This shall be taken only as an indicative forecast.

The calculation gives us a Fair Value of **$70.99** per share

&#x200B;

## Final Fair Value

The Final price tag is determined as per following:

|Data|Value|
|:-|:-|
|Free Cash Flow Evaluation Model|$78,88|
|Adjusted Graham Fair Value Formula|$101.74|
|Discounted Free Cash Flow Model|$70.99|
|**Final Price + 20% error margin**|**$104.83**|
|**Final Fair Price (Average)**|**$83.87**|
|**Final Price - 20% error margin**|**$62.90**|

\_\_\_\_\_\_\_\_\_\_\_\_\_\_\_\_\_\_\_\_\_\_\_\_\_\_

# Products

Tesla recently lowered their products price tag amid demand fall. Here are listed the current price tag as of 13th January 2023:

* **Tesla Model X** $109,990
* **Tesla Model 3** $43,990
* **Tesla Model Y** $52,990
* **Tesla Model S** $94,990

Total worldwide unit sold in thousands:

* 2022: 1,313
* 2021: 935
* 2020: 367
* 2018: 244

We can observe a 40% increase of Unit sold in 2022.

\_\_\_\_\_\_\_\_\_\_\_\_\_\_\_\_\_\_\_\_\_\_\_\_\_\_

# SWOT ANALYSIS

Strengths

* **Most Valuable Automotive Company**: It is currently the the automotive company with the highest market capitalisation.
* **Tesla Increased its Electric Vehicle Delivery**: In 2022 it increased its deliveries of 40% from 935 thousands  to 1.3 million units.
* **Cross-sell and Diversification**: Tesla has comprehensive insurance program for its vehicles in association with Liberty Mutual insurance company.
* **Innovative Company**: Tesla has a very high rate of innovation, the market expects the company to develop competitive and profitable products.

## Weaknesses

* **Manufacturing Complications**: Tesla faces continuous launch, manufacturing and production ramp delays while launching their new vehicles and other products. For example, Tesla faced endless manufacturing challenges when they were about to launch Model X, which lead to constant delays for distribution. Similarly, the company went through extreme troubles while manufacturing Model X’s battery module assembly line at Gigafactory 1.
* **Unable to meet demand might affect brand value**: Due to highly experimenting and complicated procedures, Tesla’ might face an unbalanced supply and demand, unable to meet the production ramp.
* **Lack of High Volume Productio**n: It has failed to produce high volumes of automobiles for any of its models. Even now, as the company plans to manufacture Model 3 vehicles at high volume, it faces issues in terms of production cost and management resources.
* **Shortage of Batterie**s: The shortage directly affectes the sales of electric vehicles and energy storage systems.
* **Elon Musk as Tesla’s Sole Representative**: Musk is deeply involved in other projects and side quests.
* **Financial Uncertainty**: Tesla has outstanding debt of $5.38 Billion. If the company is unable to generate enough cash flow to repay its debt, then there is a risk of delaying expansion, reducing investments, selling assets, etc.
* **Employee Safety Concerns**: Tesla was recently fined in 2019 for creating a tent production line without a permit or safety inspection. Also, the company did not train workers about the risks of working in the tent for long periods under the scorching California’s heat.
* **Leadership Wrangles**: Friction and conflict between management and the board of directors can undermine productivity and long-term success. Tesla’s management and board have been engaged in several power struggles.
* **Tesla Faces Lawsuit over Sexual Misconduct**: Many Tesla workers filed a lawsuit alleging sexual misconduct and harassment at the workplace. The women have complained that the company fosters a dark culture of sexual misconduct. They also alleged that they were cat-called and were frequently subjected to shameful remarks, groping, and misogynistic behaviour.

## Opportunities

* **Sales expansion in untapped Market**: The most significant opportunity for the company right now is the Asian market, even tho there are increased risks.
* **Less Expensive Car**: Tesla’s Model 3 is a more affordable version of Model S with less range, power, and fewer features.
* **Bringing battery production technology in-house**: Tesla intends to make its own battery cells.
* **Market Confidence in Tesla**: The stock market has shown confidence in Tesla after beating the projected car deliveries.

## Threats

* **Product Liability Claims**: The company has faced lawsuits and claims related to the failure of technology in their products. If these liability claims continued, then Tesla may be subjected to greater financial setbacks.
* **Extensive Competition**: Tesla, Inc. faces aggressive competition from both alternative fuel vehicles (Hybrid, Plug-in hybrid, fully electric car) and self-driving technology. Many automotive brands in the luxury segment like Mercedes, BMW, Audi, Lexus and in the economy segment like Toyota, Ford, General Motors , Volvo are getting ready for a fierce competition. Many brands are not only launching or planning to launch their environment-friendly-Self-driving technology but also, they are offering them at a comparably lower price.
* **Product Defects**: Tesla’s cars and other energy products have exhibited major flaws in many cases. The defective products often have weaknesses in design, manufacturing, and other features which harm the company’s image permanently.
* **Long term confidence**: Tesla, due to its unstable manufacturing conditions, suffers from disbelief among the public about its long-term existence, which can result in a deficiency in further business development.
* **Customer Adaptation**: The company highly depends upon customers willingness to adopt electric vehicles.
* **Disruption of Supply Due to Shortage of Materials**: Tesla can face major suspensions in the supply of manufacturing materials due to the increased prices. The company uses aluminum, steel, lithium, nickel, copper, and cobalt, as well as lithium-ion cells from suppliers. All these materials have volatile prices, which can affect the company’s production line severely in the future.
* **High-Risk Factor Due to Usage of Lithium-ion**: Tesla uses lithium-ion cells in their battery packs. Lithium is a highly reactive and explosive element, which increases the risk factor of our products. Tesla has faced a a few cases where their cars have caught fire and vented smoke, which has defamed the company on a major level.
* **Elon Musk’s Behavior Affecting Tesla’s Reputation**: Tesla’s entire reputation is built upon the cult of Elon Musk. But recently, his waky behavior and impulsive reactions are affecting Tesla.
* **Competitors increasing productions of EV Vehicles**: Competitors are jumping in the EV segment eating huge portions of the market share.

\_\_\_\_\_\_\_\_\_\_\_\_\_\_\_\_\_\_\_\_\_\_\_\_\_\_

# Analysts Price Target

**$436 High**

**$250 Average**

**$85 Low**

**$83 OP’s**",20,43,https://www.reddit.com/r/investing/comments/10b68xz/tsla_tesla_evaluation_fundamental_analysis/,Tesla price,"TSLA Tesla Evaluation - Fundamental Analysis Hello Investors and Gamblers! We all know what Tesla is, but do we really know what it is worth? Are you bagholding and want to know if you shall cut losses or hold it to the core of the Earth? Or are you looking for a good entry price for a heavy Call or Put slapping?

Well you came to the righ post! Here i am evaluating TSLA Fair Value for you! Hope you enjoy the reading! And don't forget to share with the community your thought and prayers! Cheers!

\_\_\_\_\_\_\_\_\_\_\_\_\_\_\_\_\_\_\_\_\_\_\_\_\_\_\_\_\_\_\_\_\_\_\_\_\_\_\_

**Purpose**

The purpose of this thesis is to analyse the development of Tesla during the past three years, from 2019 to 2022. Not only are the financial statements taken into consideration. In addition, a comparison to its main competitors and the market situation is also made. All is made to determine the fair value of the stock price and determine the investment strategy. All is made to answer the following questions:

* What is its position compared to competitors?
* Is the company fairly valued by the market by its fundamentals?
* Is the company a Buy or a Sell?

**Delimitations and Assumptions**

This thesis is delimited to an analysis of TSLA between the years 2019 and 2022. The thesis is based on the assumption that TSLA is the one of the most trending automotive company in the world, and that the prestige it has will support its price action in the next months.

**Methodology**

In this thesis, data from its financial statements are taken from SEC filings, Yahoo Finance and other publicly available information on the company on-line. The Company valuation is made based on:

* Adjusted Graham Fair Value Formula
* Free Cash Flow Evaluation Model
* Discounted Cash Flow Model

**Hypothesis**

* US next interest rates hike of 25-50bps
* Inflation of 6.5% and cooling down to 6% for January 2023
* TSLA is high volume stock
* TSLA is overvalued
* There are many TSLA bagholders
* TSLA can’t outproduce its competitors in the near nor mid term

\_\_\_\_\_\_\_\_\_\_\_\_\_\_\_\_\_\_\_\_\_\_\_\_\_\_

# Methodology

The thesis used macroeconomics data from the 13th of January 2023 for its valuations, Income Statements, Balance Sheets and Cash Flow are considered and projected to the next three years. The final price tag is obtained by the average of three valuation methodology: Graham Formula, Discounted Cash Flow and Cash Flow Evaluation. It is then given a 20% margin of error in both direction.

&#x200B;

|Data|Value|Source|
|:-|:-|:-|
|**Levered Beta**|2.03|Yahoo Finance, 5y monthly|
|**Unlevered Beta**|**1.99**|Calculation|
|**CAPM**|**15.25%**|Calculation|
|**WACC**|**12.84%**|Calculation|
|**ROE**|**24.40%**|Next Year’s Analyst Growth Estimate|
|**EPS**|**3.24**|Yahoo Finance|
|**P/E**|**37.18**|Yahoo Finance|
|**PEG ratio**|**2,13**|Calculation|
|**Growth Rate Estimate**|**24.40%**|Analysts|
|Outstanding Shares|3,157,752,000|Excel Data Type|

# Macro Economic Data

|Data|Value|Source|
|:-|:-|:-|
|Market Expected Return|9.40%|Motley Fools, 50y average market return (1972-2021)|
|Risk Free Rate|3.48%|Yahoo Finance, 10y US Treasury Bonds|
|Risk Premium|5.29%|calculation|
|AAA Bond Yield|4.40%|Moody's Seasoned AAA Corporate Bond Yield|
|Average US GDP Growth|3.18%|Tradingeconomics - Average US GDP growth rate (1947-2022)|
|Current Market P/E|20.72|Multpl.com|
|US interest Rate|4.40%|Trading Economics|

\_\_\_\_\_\_\_\_\_\_\_\_\_\_\_\_\_\_\_\_\_\_\_\_\_\_

# Evaluation Methods

In this paper, three methods are used to evaluate the company's final fair value. Each method gives us different current fair values for a single share of the company. The final price tag is determined by the average price between all the methods used.

# Growth Rate

**The Growth Rate of 24.40%** is determined by the average analysts consensus for the company’s next year growth rate.

# Free Cash Flow Evaluation Model

This simple model takes in mind the company last year’s available cash flow data, its WACC based discount rate of 12,84% and its Growth Rate of 24,40% to determine a fair value of **$78.88** per share.

# Adjusted Graham Fair Value Formula

This model is used in the Value Investing communities to price tag a company based on its intrinsic value. This formula is created by Benjamin Graham, a value investor and professor at Columbia University who is considered the father of Value Investing. This thesis uses the adjusted formula to better adjust it to the current market environment.

Data used for the calculation:

|Data|Value|
|:-|:-|
|EPS|3.24|
|Growth Rate|24.40|
|AAA Bond Yield|4.40|

The Adjusted Graham Intrinsic Value Formula gives us a price tag of **$101.74**

# Discounted Cash Flow Model

This thesis uses Free Cash Flow, gained by subtraction Capex from Cash floe From Operations. Free cash flow (FCF) is the money a company has left over after paying its operating expenses and capital expenditures. It is used to remove the impact of capital structure on a firm's value and to make companies more comparable

In simple words. It is the cash flow of a company based on the belief that the company owes no debt, therefore has no interest payments to make.

In this model, it is taken in mind the following data:

|Data|Value|
|:-|:-|
|WACC based discount rate|12.84%|
|Growth rate|24.40%|
|Average US GDP growth rate|3.18%|
|Average Shares outstanding|3,157,752,000|

Which projected a FCF for the next five years as per follow:

Note: the projection is based on the assumption the company will keep growing by a perpetual rate of 24.40%, which is highly improbable due to unknown future events and variations in the market. This shall be taken only as an indicative forecast.

The calculation gives us a Fair Value of **$70.99** per share

&#x200B;

## Final Fair Value

The Final price tag is determined as per following:

|Data|Value|
|:-|:-|
|Free Cash Flow Evaluation Model|$78,88|
|Adjusted Graham Fair Value Formula|$101.74|
|Discounted Free Cash Flow Model|$70.99|
|**Final Price + 20% error margin**|**$104.83**|
|**Final Fair Price (Average)**|**$83.87**|
|**Final Price - 20% error margin**|**$62.90**|

\_\_\_\_\_\_\_\_\_\_\_\_\_\_\_\_\_\_\_\_\_\_\_\_\_\_

# Products

Tesla recently lowered their products price tag amid demand fall. Here are listed the current price tag as of 13th January 2023:

* **Tesla Model X** $109,990
* **Tesla Model 3** $43,990
* **Tesla Model Y** $52,990
* **Tesla Model S** $94,990

Total worldwide unit sold in thousands:

* 2022: 1,313
* 2021: 935
* 2020: 367
* 2018: 244

We can observe a 40% increase of Unit sold in 2022.

\_\_\_\_\_\_\_\_\_\_\_\_\_\_\_\_\_\_\_\_\_\_\_\_\_\_

# SWOT ANALYSIS

Strengths

* **Most Valuable Automotive Company**: It is currently the the automotive company with the highest market capitalisation.
* **Tesla Increased its Electric Vehicle Delivery**: In 2022 it increased its deliveries of 40% from 935 thousands  to 1.3 million units.
* **Cross-sell and Diversification**: Tesla has comprehensive insurance program for its vehicles in association with Liberty Mutual insurance company.
* **Innovative Company**: Tesla has a very high rate of innovation, the market expects the company to develop competitive and profitable products.

## Weaknesses

* **Manufacturing Complications**: Tesla faces continuous launch, manufacturing and production ramp delays while launching their new vehicles and other products. For example, Tesla faced endless manufacturing challenges when they were about to launch Model X, which lead to constant delays for distribution. Similarly, the company went through extreme troubles while manufacturing Model X’s battery module assembly line at Gigafactory 1.
* **Unable to meet demand might affect brand value**: Due to highly experimenting and complicated procedures, Tesla’ might face an unbalanced supply and demand, unable to meet the production ramp.
* **Lack of High Volume Productio**n: It has failed to produce high volumes of automobiles for any of its models. Even now, as the company plans to manufacture Model 3 vehicles at high volume, it faces issues in terms of production cost and management resources.
* **Shortage of Batterie**s: The shortage directly affectes the sales of electric vehicles and energy storage systems.
* **Elon Musk as Tesla’s Sole Representative**: Musk is deeply involved in other projects and side quests.
* **Financial Uncertainty**: Tesla has outstanding debt of $5.38 Billion. If the company is unable to generate enough cash flow to repay its debt, then there is a risk of delaying expansion, reducing investments, selling assets, etc.
* **Employee Safety Concerns**: Tesla was recently fined in 2019 for creating a tent production line without a permit or safety inspection. Also, the company did not train workers about the risks of working in the tent for long periods under the scorching California’s heat.
* **Leadership Wrangles**: Friction and conflict between management and the board of directors can undermine productivity and long-term success. Tesla’s management and board have been engaged in several power struggles.
* **Tesla Faces Lawsuit over Sexual Misconduct**: Many Tesla workers filed a lawsuit alleging sexual misconduct and harassment at the workplace. The women have complained that the company fosters a dark culture of sexual misconduct. They also alleged that they were cat-called and were frequently subjected to shameful remarks, groping, and misogynistic behaviour.

## Opportunities

* **Sales expansion in untapped Market**: The most significant opportunity for the company right now is the Asian market, even tho there are increased risks.
* **Less Expensive Car**: Tesla’s Model 3 is a more affordable version of Model S with less range, power, and fewer features.
* **Bringing battery production technology in-house**: Tesla intends to make its own battery cells.
* **Market Confidence in Tesla**: The stock market has shown confidence in Tesla after beating the projected car deliveries.

## Threats

* **Product Liability Claims**: The company has faced lawsuits and claims related to the failure of technology in their products. If these liability claims continued, then Tesla may be subjected to greater financial setbacks.
* **Extensive Competition**: Tesla, Inc. faces aggressive competition from both alternative fuel vehicles (Hybrid, Plug-in hybrid, fully electric car) and self-driving technology. Many automotive brands in the luxury segment like Mercedes, BMW, Audi, Lexus and in the economy segment like Toyota, Ford, General Motors , Volvo are getting ready for a fierce competition. Many brands are not only launching or planning to launch their environment-friendly-Self-driving technology but also, they are offering them at a comparably lower price.
* **Product Defects**: Tesla’s cars and other energy products have exhibited major flaws in many cases. The defective products often have weaknesses in design, manufacturing, and other features which harm the company’s image permanently.
* **Long term confidence**: Tesla, due to its unstable manufacturing conditions, suffers from disbelief among the public about its long-term existence, which can result in a deficiency in further business development.
* **Customer Adaptation**: The company highly depends upon customers willingness to adopt electric vehicles.
* **Disruption of Supply Due to Shortage of Materials**: Tesla can face major suspensions in the supply of manufacturing materials due to the increased prices. The company uses aluminum, steel, lithium, nickel, copper, and cobalt, as well as lithium-ion cells from suppliers. All these materials have volatile prices, which can affect the company’s production line severely in the future.
* **High-Risk Factor Due to Usage of Lithium-ion**: Tesla uses lithium-ion cells in their battery packs. Lithium is a highly reactive and explosive element, which increases the risk factor of our products. Tesla has faced a a few cases where their cars have caught fire and vented smoke, which has defamed the company on a major level.
* **Elon Musk’s Behavior Affecting Tesla’s Reputation**: Tesla’s entire reputation is built upon the cult of Elon Musk. But recently, his waky behavior and impulsive reactions are affecting Tesla.
* **Competitors increasing productions of EV Vehicles**: Competitors are jumping in the EV segment eating huge portions of the market share.

\_\_\_\_\_\_\_\_\_\_\_\_\_\_\_\_\_\_\_\_\_\_\_\_\_\_

# Analysts Price Target

**$436 High**

**$250 Average**

**$85 Low**

**$83 OP’s**"
TSLA_009,10by2pc,investing,2023-01-14 20:11:36,TSLA Market Cycle: an ongoing case,"Following up my last post about  ""[TSLA Tesla Evaluation - Fundamental Analysis](https://www.reddit.com/r/investing/comments/10b68xz/tsla_tesla_evaluation_fundamental_analysis/?utm_source=share&utm_medium=web2x&context=3)"", here is a graph that displays its current market cycle stage: https://imgur.com/cbruccO

We all know this famous graph highlighting investors sentiment towards a certain stock, it is divided in four main periods:

1. Accumulation
2. Markup
3. Distribution
4. Decline

Tesla is at the end of this bubble cycle and is ready to meets more rational price levels, we can detect lots of the ""Anxiety"" and ""Denial"" phase here. I am expecting it to drop towards $80 price level with 20% error margin both uptrend and downtrend in a few months to climb up towards more organic and sustainable price growth.

What do you think about TSLA? Is the current price level justified? What are your price level target? Let us know!",7,15,https://www.reddit.com/r/investing/comments/10by2pc/tsla_market_cycle_an_ongoing_case/,Tesla price,"TSLA Market Cycle: an ongoing case Following up my last post about  ""[TSLA Tesla Evaluation - Fundamental Analysis](https://www.reddit.com/r/investing/comments/10b68xz/tsla_tesla_evaluation_fundamental_analysis/?utm_source=share&utm_medium=web2x&context=3)"", here is a graph that displays its current market cycle stage: https://imgur.com/cbruccO

We all know this famous graph highlighting investors sentiment towards a certain stock, it is divided in four main periods:

1. Accumulation
2. Markup
3. Distribution
4. Decline

Tesla is at the end of this bubble cycle and is ready to meets more rational price levels, we can detect lots of the ""Anxiety"" and ""Denial"" phase here. I am expecting it to drop towards $80 price level with 20% error margin both uptrend and downtrend in a few months to climb up towards more organic and sustainable price growth.

What do you think about TSLA? Is the current price level justified? What are your price level target? Let us know!"
TSLA_009,10ak9xo,wallstreetbets,2023-01-13 03:48:00,Tesla Massively cuts prices in US on most models. Germany too,,1,1,https://twitter.com/SawyerMerritt/status/1613743473928343554?t=ALIJl_lUS6NrUSSRyxgtAQ&s=19,Tesla price,Tesla Massively cuts prices in US on most models. Germany too
TSLA_009,10akhud,wallstreetbets,2023-01-13 03:58:49,Tesla just massively reduced prices across all of their models (making all Ys and 3s qualify for $7500 Tax credit),,1,1,,Tesla price,Tesla just massively reduced prices across all of their models (making all Ys and 3s qualify for $7500 Tax credit)
TSLA_009,10akm3y,wallstreetbets,2023-01-13 04:04:06,Tesla price drop,,5,5,https://www.reddit.com/r/wallstreetbets/comments/10akm3y/tesla_price_drop/,Tesla price,Tesla price drop
TSLA_009,10amniu,wallstreetbets,2023-01-13 05:48:26,"Tesla cuts prices in U.S., Germany in pivot to drive sales | Reuters",,1,1,,Tesla price,"Tesla cuts prices in U.S., Germany in pivot to drive sales | Reuters"
TSLA_009,10an9oy,wallstreetbets,2023-01-13 06:21:14,"Tesla dropped model Y prices 13k, let’s go puts!",,4019,1658,https://i.redd.it/jlehzb4xosba1.jpg,Tesla price,"Tesla dropped model Y prices 13k, let’s go puts!"
TSLA_009,10anwng,wallstreetbets,2023-01-13 06:57:31,"Tesla cuts prices in U.S., Germany in pivot to drive sales",,19,23,https://www.reuters.com/business/autos-transportation/tesla-cuts-prices-electric-vehicles-us-market-2023-01-13/,Tesla price,"Tesla cuts prices in U.S., Germany in pivot to drive sales"
TSLA_009,10atjeu,wallstreetbets,2023-01-13 12:38:05,Will car prices crash?,"I usually stick to biotech, but obviously everyone is talking about Tesla cutting their car prices by 20%.

If we extrapolate the thought further. Everyone who bought a financed tesla in the past few months are now upside down on their car loan.

A Tesla discounted this steeply will make some ICE car shoppers to elect to go EV. Other EV car makers will have to lower their prices.

The used car market ""CVNA"" and the like will have to further cut their prices. 

Is it finally happening? In medicine we call this a ""Positive Feedback Loop"". Each action compounds further reaction in the same direction. I think you all observe this in the gamma.


Edit: Removed summary",18,38,https://www.reddit.com/r/wallstreetbets/comments/10atjeu/will_car_prices_crash/,Tesla price,"Will car prices crash? I usually stick to biotech, but obviously everyone is talking about Tesla cutting their car prices by 20%.

If we extrapolate the thought further. Everyone who bought a financed tesla in the past few months are now upside down on their car loan.

A Tesla discounted this steeply will make some ICE car shoppers to elect to go EV. Other EV car makers will have to lower their prices.

The used car market ""CVNA"" and the like will have to further cut their prices. 

Is it finally happening? In medicine we call this a ""Positive Feedback Loop"". Each action compounds further reaction in the same direction. I think you all observe this in the gamma.


Edit: Removed summary"
TSLA_009,10av4vt,wallstreetbets,2023-01-13 13:56:07,Don't even need to trust me bro on BBBY the DD over the past 5 months in one spot,"Edit: post approved -

Edit: 5:56 pm est - Going to stop adding for now. Been at this all day. Thanks for the time. Just thought you should know.

If anyone doubts anything just ask for the link or file and I'll send it.

jan updates-trimmed some other areas i reached the text cap lol

relevant updates: u/Whoopass2rb found a change of control occurred triggering the abl default with jpm. that's right, there's other things than missing your payment that can trigger it. the arguments for it be lack of ability to pay are weak. wont go over all them here but it appears someone has 40% of share ownership or will upon x date ,which jpm understands would break the change of control in the original abl, or board changes are significant enough. and/or. look at the 8 board members shuffling around recently, probably a clue there.

and rsa s cashed in yes, then went back to shares. and Gove ceo and Patty Wu president of Baby have a ton of RSU's which would be worthless in BK fyi.

also the 3.02 filed late Jan is for offering unregistered securities i.e. similar to the bond exchange offers for shares -- but no unregistered offering was done. hint hint my best guess is, oh yeah (insert kool aid man here).

the 11/16 dates mentioned below was also when Cheng of Volition capital who sits on the board with Cohen on 2 companies did a Form D 650 million dollar unregistered security offering - not yet sold....also he tweeted within 40 min of the 10q drop and said 2023 and beyond"" in the tweet

\---------------------------------------------------------------------------------------------------------

Hey everyone, i see some slight mis info at times so i figured i'd condense down several things you should know if you dont around bbby. Research we've gathered and verified over the past several months.

Not financial advice -

**Latest earnings call highlights** \- I will say if you want the real break down on the companies fundamentals check out the king u/biggysmallzzz and his comments - He is set that the company could be acquired. He thinks it could be Icahn. Personally I think Icahn and Cohen have a partnership, among others.

CEO Gove clearly emphasized the word ""fraud"" in the latest earnings call, when talking about protecting customers, but if you read between the lines, I believe she's saying she's aware of the short and distort campaign in the media. Further, their at the money offerings warn of the potential of a short squeeze in several places.

Why are institutions long on this stock right now if they're in such trouble?  "" **88.7% of all institutions invested believe the price will go up and are only betting on that""** (u/whoopass2rb post).

Earnings doc highlights -

Welcome Rewards membership surpasses 16 million, increasing from approximately 6 million in the second quarter of fiscal 2022, reflecting predominantly new members.

Potential to save an additional 80 to 100 million in shipping receiving etc. How would they do that? Seems teaming up with someone else could be a way.

On track to deliver approximately $250 million of SG&A savings versus last year for the second half of fiscal 2022, or $500 million on an annualized basis

\-------------------------------------------------------------------

**Late filings -**

Late filings can be associated with major corporate actions. Some noteworthy ones

Cohen's 13 d/a and Form 4 - Over 3 months late (event date listed - April 21, BBBY's 10 k at the time when share count was declared from buy backs over several months making Cohen's ownership move from 9.8 to 11.8 %. Why so late in filing? The form 144 he filed by the way is signed showing that there was nothing wrong with ""the books"" as some have suggested.

His form 4 shows a financial interest despite having no shares at the time.

[https://www.sec.gov/Archives/edgar/data/1822844/000092189522002498/xslF345X03/form413351002\_08182022.xml](https://www.sec.gov/Archives/edgar/data/1822844/000092189522002498/xslF345X03/form413351002_08182022.xml)

https://preview.redd.it/22gmz9uk30ea1.png?width=1854&format=png&auto=webp&v=enabled&s=9f4e16d9e47d84df4a15b238a1716392850e868c

Dec 6 and Dec 19  S4 forms for bond extensions there- NOT FILED BY BBBY yet, at least not to the public. All the other bond extensions had these forms. BTW the new bonds gave second tier lein status. The old notes are unsecured - So who wouldn't exchange them to get a better status in the event of a bk? People convinced the bk is not happening - as well as an acquirer that could wipe out the debt holding them. They only received around a 14% participation rate overall among the three types of unsecured notes.

There are confidentiality options when you're doing M&A. An all cash buyout specific option would not appear to need an S4 according to a professional I referenced although I haven't verified this personally on the SEC website. A share exchange, merger acquisition would need one but they could be filed late. Good finds here by  [u/Dan23DJR](https://www.reddit.com/user/Dan23DJR/)

The N10 Q form filed is also often associated with M&A activity. Their 10 Q was ""planned to be filed by BBBY by Jan 10"" when this was filed on Jan 5. It still has not shown up. The penalties are modest, only severe penalties for late filing after 6 months. The fine is around 25k in this instance. So why the late filing?

If you look at a Tesla example their 10q from 2018 had a EX (exhibit ) 10.1 missing when they acquired a company. This form mentioning this wasn't public until 2022.

Now it's been noted Tesla is the acquirer here and how could BBBY be an acquirer? Worth mentioning, In the share offerings by BBBY they mention the ability to use funds to acquire a company. Good buy Gear - or a reverse merger - perhaps? Just FYI - another company Cohen is on the board of, a private company Dragonfly on Feb 24th increased authorized share count to 123 million shares close to a 1 to 1 with BBBY- A day after the HSR act adjusted brackets for pre merger companies - In a reverse merger a private company goes through a pre existing public company instead of a traditional IPO.

11/16 could be a significant date. Before 11/16 on the SEC Edgar search for BBBY it only showed the main branch but now shows BBBY, BBByCF LLC, BBBYTF LLC, BBB Canada Ltd., BBB Canada LP Inc., and BBBY Management Corp. Although this seems its just related to the 11/16 doc that was finalized on 11/21 this occurred after the first bond extension which could support support findings BBBY has been adding in legalese among the bond offers that makes a major corporate action available.

The form D's for the private bond conversions from 11/14 and 11/16 were also late 7 and 5 days respectively. The 11/16 Form D represents just under 10% of the total BBBY share count and was filed a day after institutional filing cutoffs for 13F's, which means any institutions that manage over 100 million dollars and received this exchange, wouldn't be viewable until this February.

Speculation paragraph - These roughly 14.5 mil shares from the form D's, is also the preferred (non voting share count) of Dragonfly (which are usually converted to common stock in a merger situation).  7 institutions are listed on this 11/16 form which as of 11/1, is the number of board members on Dragonfly not counting Cohen (with currently 8\* state branches). Icahn also has 8 companies listed on his latest 13 d/a related to IEP.  And of course there's BBBY and 6 subsidiaries listed as of 11/16 on the SEC Edgar search. The form D's are marked as not for merger or acquisition ,but the form has not been reviewed by the SEC and form D's are subject to change. Is there a way technically this could be true while these shares are in essence never to reach the market and at arms length from the merger/acquisition?  A split among essentially 2 entities with separate branches, could keep them just under the 5% reporting limit each, splitting the 11.7 mil shares (9.9% outstanding of BBBY) among them. Then there's a Filo and ABL possible exchange happening. Maybe...

Regardless - whether BBBY is an acquirer or being acquired, or whatever is happening the late forms are interesting.

\------------------------------------------------------------------------------

Current marketcap

RC Ventures letter to the board written March 6th, put the value of Buy Buy Baby  above the entire marketcap of BBBY at the time of 1.28 bil vs current .429 bil. Or 2.56 billion next day when it ran to $30 lol.

[March 7, 2022 when letter filed on SEC site $19 - $30 candle from $16 day previous](https://preview.redd.it/ttwcmwlu40ca1.png?width=161&format=png&auto=webp&v=enabled&s=3d35bfebe6ef26a8310fe4ee844c0413075133e4)

BTW in 2015 for example, BBBY had 174 million shares and reached 79 dollars a share a 14.6 b marketcap . It reached an almost 17 bil mktcap in 2013.

We're currently trading below 1992 marketcap  factoring in inflation (u/n3rdacalypso) [https://www.reddit.com/r/BBBY/comments/zsybmx/bbby\_historical\_market\_cap\_total\_shares/](https://www.reddit.com/r/BBBY/comments/zsybmx/bbby_historical_market_cap_total_shares/)

Sycamore supposedly made an offer for Gamestonk in 2018 too btw, nothing burger/distraction.

\-------------------------------------------------------------------

Other options for acquirers of BBBY - private bond conversions- amount done and known of -14.5 mil cumulatively.   Outstanding share count btw is 117.3 mil

The bond deal didn't get adjusted really on extensions after the first deadline of Nov 15th - just small modifications. Which means they didn't really care if people converted the bonds to new notes- most likely (speculation here) because an acquirer can gather \*bonds at was has been mostly 1/5th of their full value over the past year. Now even cheaper, wiping out debt cheaply.

Speculation part - [u/1nceAgainTip](https://www.reddit.com/u/1nceAgainTip/) Brought up a really interesting scenario. Imagine BBBY files the form that panics many.  After the filing, the limited partner approaches (Icahn ) with the majority of the notes - They convert to shares at the current share price like what was done in the other form D private exchange but post Jan 2. Cohen and Icahn get majority ownership above what Cohen had already done through the M&A with the S4's in December being finalized. Brining collectively their share count in the company from 19.9% cap under the standstill running through Jan 2, to 50? 70%? including what they picked up on the open market.

Food for thought - dates around the bonds (speculate amongst yourselves section) 9-28 Icahn buys 10 mil shares of IEP 86% ownership one day before BBBY earnings on the 9/29. 10-17 Icahn / Cohen pic tweet\*. 10-18 bond offering of BBBY.  11/14 and 11/16 bond private conversions. 11-16 first extension filing of bonds to 11-18. 11-19 first teddy (LLC bank holding company related ) tweet \*. 11-20 date of Cohen interview...\*(see my interpretation post) 11-21 IEP original ask of 1.2 bil in July adds 400 mil on 424b5. 11-21 bond offering extended to 12/5. 12-6 late filings of form D's private conversions.

\-----------------------------------------------------

**Their ATM offerings have all included the option for private sales.**

Also in Game stonks most recent call- they talked about being able to acquire companies ""at the right "" price. Specifically they mentioned in the used market - Good Buy Gear is in partnership with Buy Buy Baby and Good Buy's Ceo talks of massive opportunity and big things coming on her Linked in.

Cohen sold at time BBBY needed its FILO deal done. 375 million Filo - Cohen's proceeds of 189 million represent 50.4% of that. u/whoopass2rb and I found that Six street has been known to also do Mezzanine loans.- What if someone /some entity could acquire the ABL debt and or FILO, and get better terms due to their better credit rating? Specifically with the FILO- it could be converted to Mezzanine debt in the form of shares, or warrants convertible on X date if X price is met for example. If someone were acquiring the company- that could be a quick way for them to get majority ownership.

\---------------------------------------------------------------

Squeeze speculation comparisons with hard data

Think of the VW squeeze where it was announced they had a similar option of warrants and had over 74% net ownership after conversion, sending shorts scrambling with a 500% share increase over 3 days.

Game stonks basically , depending on where you start did a 26x (2600% increase) over 14 days including non trading days.

Check the bb threads for more on cost to borrow rising, and other metrics.

u/region-formal has a crayon drawing post you might like as well as things related to the s4 and other areas about squeeze potentials.

I will say if  you look at the 3 month chart on the ttm pro indicator, I've never seen another stock that has a multi year high pressure ""squeeze"" right around the midline. It looks like a powder keg imo.

\------------------------------------

Team representing BBBY

Under the standstill agreement that ran through Jan 2 BBBY had from Cleary Gottlieb

2 time deal maker of the year Paul Shim. And someone who did over 4 acquisitions for Google. I would call that a heavy hitter team. David Lopez is there as well, and has extensive experience with IPOs.

If you do a search on Cleary Gottlieb's wikipedia - you can see a number of major M&A deals they've done over the years with US public companies.

Here's some examples -

In 2018, represented the Walt Disney Company and 21st Century Fox on antitrust matters related to Disney’s $71.3 billion acquisition of 21st Century Fox assets.[\[22\]](https://en.wikipedia.org/wiki/Cleary_Gottlieb_Steen_%26_Hamilton#cite_note-22)

In 2018, advised on the $146 Billion Sprint T-Mobile merger.[\[23\]](https://en.wikipedia.org/wiki/Cleary_Gottlieb_Steen_%26_Hamilton#cite_note-23)

BBBY switched from Berkeley Research Group (where a board member of Dragonfly used to be ) to Alix partners recently. CEO of Icahn Enterprises IEP was a head over there prior to being with Icahn.

The fud you'll hear is that how they work with bankruptcies. Just like when BBBY was reported (but never verified) to be in talks with Kirkland and Ellis. Even though Kirkland and Ellis was named 2023 M&A firm of the year. As well as in 2021 and 2020.

\---------------------------------------------------------

GMEDD interview and Cohen speculation

GME flush with cash after the sneeze, bought back their bonds that would have prevented a merger (on Super somewhere , have to find it but it's in the bond terms). GME of course has short term treasuries earning interest right now (283 million worth) they could use quickly.

(speculative) - With treasury notes you can only have 50 in your cart at a time according to govt website.

First remember the timing of ""At least her cart is full"" tweet on Aug 12 , 4 days before his sales on 8/16 and 8/17 - is this dude gonna lose his whole future of activist investing he started with Game stonks, or have changed his mind on the company within 4 days of tweeting a signal like that?

And actually, if you see how he worded things he mentioned  he was critical of the buy backs and the cash burn of the company at the time of his letter in March. He goes on to say, when i saw that, and I saw ""the results"" he sold. The thing people often attribute his sales to is the situation he walked into knowingly.

His sales at the time represented 50.4% of the Filo in late Aug that BBBY was looking to get. Among other things - If he is on the board of his holding company he formed in July 2021 Teddy Holdings, on the Dragonfly board, Game stonks, and to have ownership of BBBY at the same time where he crossed the 10% threshold to mark on the form 4- Just consider Elon's drawn out legal battle involving Solar City (picking up a company his shareholders say amounted to a bailout) and what happened at Oracle with Ellison. As a matter of fact - Teddy being a bank/ holding company has restrictions on executives being across boards.

Teddy and his kids book is more than that. The privacy terms talk of merger and acquisitions. Looking through the terms it is not boiler plate at all.  There are links to the intellectual property trademarks for teddy dot com, filed through his law firm at Olshan - and the rest of the trademarks for an array of products including linens, toys, shower curtains etc. And a lot of the same categories of Gmerica's trademark which was approved for use as of Aug 23rd .

Speculation - Is it likely RC would create a competitor? I don't think so. In his interview he mentioned he's not interested in starting something up from scratch again like Chewy. In Game stonks history though, a holding company was formed and the former chairman of Babbages ended up being the chairman of the new holding company.  ""The merger was structured as a [stock swap](https://en.wikipedia.org/wiki/Stock_swap), where shareholders of Babbage's and Software Etc. received shares of NeoStar, a newly formed [holding company](https://en.wikipedia.org/wiki/Holding_company). Babbage's and Software Etc. continued to operate as independent subsidiaries of NeoStar and retained their respective senior management teams.[\[9\]](https://en.wikipedia.org/wiki/GameStop#cite_note-SoftwarePeers-9) Babbage's founder and chairman James McCurry became chairman of NeoStar.

A share swap is considered a vastly harder position for shorts to be in. You can read more about that elsewhere.

RC has also removed Game stonks from his twitter profile. Replaced it with the Book King, then removed that as well. Game stop Inc out of Minnesota is interesting. It holds all the IP rights of Game stop. Recently Liberty Procurement , a subsidiary of BBBY set up shop there ( u/hollyberryness found). Liberty only has a handful of branches in other states, the last happening in 2012. Why setup in Minnesota?? BBBY holds their IP rights under this Liberty subsidiary.

\------------------------------------------------------------------------------------

Form 4 Cohen files after sales in Aug- pecuniary interest listed (financial interest). Letter to board referenced ""financial sponsors interests"" -

Jan 3- standstill of 19.9% cap ownership of shares among affiliates of Cohen removed. Standstill ran from March 25 through Jan 2. - Any statement - including the one released by BBBY about partnership after his sales had to be approved by both parties (Cohen and BBBY).

You can check the supplemental forms by BBBY (as mentioned as relevant in the standstill and their bylaws) to confirm the Jan 2 date is the end of the standstill.

Cohen can buy again now as of Jan 3 whereas before he was restricted. Check his twitter post about the jewel if you want some tin along with Icahn talks about a jewel on CNBC interview. Tinfoil aside....

10 days after being over 5% share ownership then you have to report on a 13d. Which could be as early as Tue.

Current share count 117.3 million BBBY - The standstill would have allowed 23 million shares owned.

Now a filing in Oct is really interesting- the way BBBY worded things. You can check my post titled ""BBBY share count discrepancy...."" It's not really a discrepancy. But basically...

Oct 25 and or Oct 26 there were 4 million + shares issued as part of their initial 12 million share offering. We had the biggest one day move UP on Oct 25 compared to the previous (over) 45 days of trading. Would that have happened if it wasn't for private sales? Decide for yourself.

\---------------------------------------------------------------------------------

**New hires and removals**

David Kastin comes on Dec 12\* (great catch  @ adropot  on twitter) .Ben Rosenzweig, an activist investor from Privet steps down from the strategic committee exploring options for Buy Buy Baby on Dec 20. So Ben out, David is in the since Dec 12. Check David Kastin's track record? lol Guy has never joined a company going bankrupt in his whole career. And has a track record of being at companies in  merger /acquisition situations (u/n3rdacalypso).

[https://www.vanguardlawmag.com/case-studies/david-kastin-the-vitamin-shoppe/](https://www.vanguardlawmag.com/case-studies/david-kastin-the-vitamin-shoppe/)

Who has been axed? - Here's a few. Triton former CEO earlier in summer

As of late Aug call- Melnick and Hartman removed as well. Hartman was heading Baby\* with Wu under him. Wu gets new role Buy Buy Baby president.

BBBY recently switched their backend to handle more traffic to their website and fired their former tech head and replaced him. This was reported past few weeks. Would you bother to do so if you're going under?

\-----------------------------------------------------------------------

speculation -M&A language on phone calls and BBBY materials

Listen to the calls over the past several months, look at the letter to the board from March 7, and look at the materials. ""Unlock has been used repeatedly. Do a google search unlock M&A. it's code word for  sale of an asset, spin off, or merger (I did a whole post on this). RC himself put Buy Buy worth ""several billion"" in the right hands.

\------------------------

Stock grants

Yes Gove has a small amount of RSA s which weren't turned in - but she has over 300k RSU's, and

Patty Wu (baby brand president) has several RSU's with her first being available as of Feb 10. Feb 10 has some strong tin - I'll avoid for now. But why is she getting so many stock grants? In addition to the July grants other new comers are getting (Wu as well). And those were not recalled.

\---------------------------------------

Insider purchases

You can see insider purchases here- some is outdated- but focus on the new hires. Why would they be buying with their own money? It's common in Wall St not to be invested in your own company. Why would they invest in a company with their own money. Some of these listed are stock grants.

[https://www.secform4.com/insider-trading/886158.htm](https://www.secform4.com/insider-trading/886158.htm)

\-----------------------------------------------------

Patty Wu background and Baby president role

Formerly at Mattel COO of Baby division at Honest Company (recently branched out to China). I have my speculation on Baby getting big and a true ""ultimate destination"" for babies, but her late Aug call spelled out how Baby will travel with the parents for the life of the parent- similar to how Chewy (Cohen founded company) approached pet ownership and was able to take on Amazon. Although the value brand line didn't work at BBBY - it works in 2nd tier cities in China across the 200k stores there where you'd get your product in as opposed to opening up your own store. I don't think you can compare the baby segment to bed bath as far as a strategy will go anyway, but there's one example and how Pampers also did the same with their gold line of diapers.

Her new president role as spelled out in BBBY docs includes specifically ""unlocking value""

Further in a late summer call (end of Aug update or Sept earnings) they mention they're on track to unlock value at end of year.

As far as BBBY end of Aug update saying they weren't selling baby, they said ""at this time"" specifically. One thing mentioned in the March letter is a spinoff of Baby. Legally you can't spin off baby until you are solvent, and it requires a shareholder vote within 10 days of announcement. Due to BBBY's financials they couldn't spin off at the time, if they wanted to, so if a spin off was indeed what they are going for, then of course it would make sense for them to phrase it as such.

In the latest earnings call they mention and emphasis exploring ""ALL"" strategic options. Baby sale or spin off is known as the strategic board that Cohen formed and placed people there. I believe exploring all options was a bit of misdirection.

In their filings they change the wording slightly removing partnerships for example in their forward looking statement as a possibility (from u/squaredenis post).

If you already have a partner, then a partner wouldn't be part of a future possibility, it's already done for example. The wording also is ambiguous enough to still include all potentials from previous wordings including aquation, merger, sale of Baby etc.

During the standstill by the way that ran through Jan 2- He was allowed open communication with the board at all times.

\-------------------------------------

Babiesrus stuff - basically one store flagship nothing burger competitionwise or baby has a cool US brand or international brand under their belt.

Speculation section - Babies rus website updated on Oct 31 for the first time in 2 years (check the waybackmachine if you dont believe me). Nov 1, two new Dragonfly filings and Catterton - who gave the 500 mil for M&A gets added to the Dragonfly board.

\-------------------------------------------------

Following the recommendations of the letter sent in March

Reducing exorbitant executive salaries. Cutting expenses, launch new offerings (Mighty Goods at baby) and satisfy customer demand (a refocus of national brands outlined in late Aug call).

Modernizing supply chain (80-100 mll savings as noted in Jan earnings call) improving tech stack (done in Dec).

Some fud you will hear is that they gave their plans away and thus weren't following the closely held moves Game stonks does. But if you actually see the letter he was criticizing Tritons 200 page picture book detailing every single move they would make.

The letter talks about the most value packed option is spinning of Baby shares to shareholders but also includes a sale option to a well capitalized acquirer. For a true spin off several things have to be in place. But also ones outside the box thinking wise. The letter also mentions a partial sale of Baby which may allow additional maneuvering around bond covenants.

\-(Speculation) The letter mentions selling the core business to BBBY to a well capitalized acquirer as well. Icahn IEP his company where he owns over 85% of shares has billions on the sidelines and West Point Home does a lot of business with BBBY - they make sheets and stuff. He talks about a jewel as well (cue latest tweet tinfoil by Cohen and pic of Cohen with Icahn in Oct on twitter).

\--------------------------------------

The Ultimate Destination.

Chewy was described as the Ultimate Destination for Pets in the March letter to the board. Gamestop was written as the Ultimate Destination for Gamers when Cohen wrote to the board  before becoming chairman. He describes Buy Buy Baby as being the Ultimate Destination for babies. To me this screams he's getting it and not letting go. Can you imagine him mentioning the Ultimate Destination for x, every time he approached a company ? If you watch his interviews I think he sees its a business he can scale in a segment with a fanatical customer base. And if you find the little that's written about his long time business partner Blake Day, you'll see the guy is too ambitious to just be part of a full buy out team for Catterton.  Since  the market is not valuing Buy Buy fairly, others won't go as high as what he's offering.

\-------------------------------------------------------------------------------

Following Game stonks playbook with store closures?

BBBY is closing unprofitable stores. I haven't looked much here so correct me if I'm wrong but i believe 150 stores is set with about 28 or so closed so far.

Game stonks was set to close about 500 stores in 2020. When Cohen became chairman they moved that number closer to 1000. Perhaps we will see more mentioned soon.

\-----------------------------------------------

Timing of purchases and Catterton connection

Catterton wrote a paper on the maternity and childcare market opportunities in China who recently went from a 2 child up to 3 child policy. [https://www.lcatterton.com/pdf/2021-LC-Crisis\_or\_Opportunity.pdf](https://www.lcatterton.com/pdf/2021-LC-Crisis_or_Opportunity.pdf) found by (u/Movingday1)

Catterton gave Cohen's private company Dragonfly 500 mill for M&A. A day after announced, Cohen buys last of BBBY shares, and makes his call purchases days before public announcement.

Catterton has backed companies including Honest Company (Jessica Alba who just entered China) where Patty Wu - new and current Baby president as of late Aug,  was at Honest Company during the time Catterton funded a round for Honest. The China paper was release Oct 6, 2021. Cohen begins his BBBY purchases on Jan 13th, 2022. With his first purchase at 14.769 lol

Olshan , Ryan's law firm has been making changes to BBBY's board, helping current CEO Gove  arrive there in 2019 as well as board member Kirwan. and Schechter, directors still on the board.

Dragonfly total listed acquisitions (full buyouts their specialty listed on Crunchbase as of today only total around 30 million, and that's if you account for them doing all of the funding. Which means if the 500 million was specifically for Buy Buy Baby- Well over 450 million may be available to help that. Catterton moves big money around is regularly over subscribed to their funding rounds.

Edit: Found the link, they were hoping to raise 7.8 billion [https://www.wsj.com/articles/l-catterton-seeks-nearly-7-8-billion-for-new-funds-11638914599](https://www.wsj.com/articles/l-catterton-seeks-nearly-7-8-billion-for-new-funds-11638914599) \- And if you look at Catterton's acquisitions as of late, in 2022, they are modest so far.

\------------------------------------------------------

Dragonfly speculation section

Dragonfly added a new branch and a new officer for the first time in 2 years - from Catterton - a big funding wing related to LVMH (an over 50 billion dollar stock that includes Louis Vutton among others. The Catterton guy has a track record of being focused on companies in the 2 to 3 billion dollar market cap range.

Whether or not Dragonfly is directly involved where Larry Cheng of Gamestop, and Blake Day a long time business partner of Cohen is  up for speculation only. One of the oddest things I've seen is that Dragonfly's outstanding (not authorized) common stock changed by 2 total shares this year out of over 9 million (which seems to point to the ""Ryan Cohen by day, Warren Icahn by night"" tweet, but I digress).  Dragonfly is an E commerce focused buyout company for Catterton, and their head of M&A started a furniture LLC in Texas with paperwork signed days before the standstill started. It was later confirmed to be directly related to Dragonfly. He also picked up a warehouse through another LLC in Virginia where Good buy Gear paperwork is (a business partner of Buy Buy Baby). And a new branch of Dragonfly opened in Rhode Island which is for some reason associated with real estate via the NAICS codes. - RI is where kids2 expanded out of all places from their initial location in Atlanta. They have several products Buy Buy could sell including educational toys like baby Einstein. The warehouse, Rhode Island branch, and the new member of Dragonfly were recorded in filings from early November 2022.

The China market is hot with tutors and the government is trying to get people to have more babies. If they further crack down on tutoring as can be seen in china tutoring companies stocks, the next logical place is educational toys for them to turn to? When Wu was at Mattel, I believe she worked on this angle as well from a Linked in Post. Also Good Buy gear (if you check my furniture post) said big things ahead. Their paperwork for an LLC is not standard and  mentions options for current shareholders in the event of a buy out. Most LLC's don't have such detailed paperwork. To make the ultimate destination for babies, it seems this would be a good company to add, rather than just giving customers gift cards for their gently used baby gear and then reselling to Good Buy Gear which Buy Buy currently does.

As of December Games stonk cobranded with Cybercrew whose other work has several other brands highlighted. I'm sure if there was an issue Louis Vutton and Nike and Apple and others shown in their NFT's would be filed against in a suit and they'd be removed) (credit u[/edwinbarnesc](https://www.reddit.com/user/edwinbarnesc) ) but that has not happened. There was also a big fuss about Kagy leaving Gamestop but he left and has a role as head of Cybercrew and Protocol Gemini, which is working on metaverse pads and experiences. Dragonfly has branches in each state  corresponding with the states shown in the main Gmerica nft's (5 shown so far).

Ok, im getting off topic. going to go back through and add more solid DD that should be known...

FYI a ton of people not mentioned collectively all found this. I'm just putting it together here.

Just a small piece of tin - The Bulid Buck BunnY (BBBY) store is next to Game stonk in this Gmerica NFT (a double decker bus obscures the view in the gif / nft, you have to paste it together). And the hidden secrets txt from the game stonk nft website from this last July has BBB (Buy Buy Baby) and BBBY in the skull as the only letters on those rows. I've also confirmed someone working with Metaboy who did the Gmerica NFT, that hey have a non disclosure agreement with Metaboy.

[ u\/MapleCoconutBananas\/  spotting the nft](https://preview.redd.it/tqvl7hbr0vba1.png?width=1369&format=png&auto=webp&v=enabled&s=504a568d3c65c70cad6c8bcf77d847190eafcc85)",1162,376,https://www.reddit.com/r/wallstreetbets/comments/10av4vt/dont_even_need_to_trust_me_bro_on_bbby_the_dd/,Tesla price,"Don't even need to trust me bro on BBBY the DD over the past 5 months in one spot Edit: post approved -

Edit: 5:56 pm est - Going to stop adding for now. Been at this all day. Thanks for the time. Just thought you should know.

If anyone doubts anything just ask for the link or file and I'll send it.

jan updates-trimmed some other areas i reached the text cap lol

relevant updates: u/Whoopass2rb found a change of control occurred triggering the abl default with jpm. that's right, there's other things than missing your payment that can trigger it. the arguments for it be lack of ability to pay are weak. wont go over all them here but it appears someone has 40% of share ownership or will upon x date ,which jpm understands would break the change of control in the original abl, or board changes are significant enough. and/or. look at the 8 board members shuffling around recently, probably a clue there.

and rsa s cashed in yes, then went back to shares. and Gove ceo and Patty Wu president of Baby have a ton of RSU's which would be worthless in BK fyi.

also the 3.02 filed late Jan is for offering unregistered securities i.e. similar to the bond exchange offers for shares -- but no unregistered offering was done. hint hint my best guess is, oh yeah (insert kool aid man here).

the 11/16 dates mentioned below was also when Cheng of Volition capital who sits on the board with Cohen on 2 companies did a Form D 650 million dollar unregistered security offering - not yet sold....also he tweeted within 40 min of the 10q drop and said 2023 and beyond"" in the tweet

\---------------------------------------------------------------------------------------------------------

Hey everyone, i see some slight mis info at times so i figured i'd condense down several things you should know if you dont around bbby. Research we've gathered and verified over the past several months.

Not financial advice -

**Latest earnings call highlights** \- I will say if you want the real break down on the companies fundamentals check out the king u/biggysmallzzz and his comments - He is set that the company could be acquired. He thinks it could be Icahn. Personally I think Icahn and Cohen have a partnership, among others.

CEO Gove clearly emphasized the word ""fraud"" in the latest earnings call, when talking about protecting customers, but if you read between the lines, I believe she's saying she's aware of the short and distort campaign in the media. Further, their at the money offerings warn of the potential of a short squeeze in several places.

Why are institutions long on this stock right now if they're in such trouble?  "" **88.7% of all institutions invested believe the price will go up and are only betting on that""** (u/whoopass2rb post).

Earnings doc highlights -

Welcome Rewards membership surpasses 16 million, increasing from approximately 6 million in the second quarter of fiscal 2022, reflecting predominantly new members.

Potential to save an additional 80 to 100 million in shipping receiving etc. How would they do that? Seems teaming up with someone else could be a way.

On track to deliver approximately $250 million of SG&A savings versus last year for the second half of fiscal 2022, or $500 million on an annualized basis

\-------------------------------------------------------------------

**Late filings -**

Late filings can be associated with major corporate actions. Some noteworthy ones

Cohen's 13 d/a and Form 4 - Over 3 months late (event date listed - April 21, BBBY's 10 k at the time when share count was declared from buy backs over several months making Cohen's ownership move from 9.8 to 11.8 %. Why so late in filing? The form 144 he filed by the way is signed showing that there was nothing wrong with ""the books"" as some have suggested.

His form 4 shows a financial interest despite having no shares at the time.

[https://www.sec.gov/Archives/edgar/data/1822844/000092189522002498/xslF345X03/form413351002\_08182022.xml](https://www.sec.gov/Archives/edgar/data/1822844/000092189522002498/xslF345X03/form413351002_08182022.xml)

https://preview.redd.it/22gmz9uk30ea1.png?width=1854&format=png&auto=webp&v=enabled&s=9f4e16d9e47d84df4a15b238a1716392850e868c

Dec 6 and Dec 19  S4 forms for bond extensions there- NOT FILED BY BBBY yet, at least not to the public. All the other bond extensions had these forms. BTW the new bonds gave second tier lein status. The old notes are unsecured - So who wouldn't exchange them to get a better status in the event of a bk? People convinced the bk is not happening - as well as an acquirer that could wipe out the debt holding them. They only received around a 14% participation rate overall among the three types of unsecured notes.

There are confidentiality options when you're doing M&A. An all cash buyout specific option would not appear to need an S4 according to a professional I referenced although I haven't verified this personally on the SEC website. A share exchange, merger acquisition would need one but they could be filed late. Good finds here by  [u/Dan23DJR](https://www.reddit.com/user/Dan23DJR/)

The N10 Q form filed is also often associated with M&A activity. Their 10 Q was ""planned to be filed by BBBY by Jan 10"" when this was filed on Jan 5. It still has not shown up. The penalties are modest, only severe penalties for late filing after 6 months. The fine is around 25k in this instance. So why the late filing?

If you look at a Tesla example their 10q from 2018 had a EX (exhibit ) 10.1 missing when they acquired a company. This form mentioning this wasn't public until 2022.

Now it's been noted Tesla is the acquirer here and how could BBBY be an acquirer? Worth mentioning, In the share offerings by BBBY they mention the ability to use funds to acquire a company. Good buy Gear - or a reverse merger - perhaps? Just FYI - another company Cohen is on the board of, a private company Dragonfly on Feb 24th increased authorized share count to 123 million shares close to a 1 to 1 with BBBY- A day after the HSR act adjusted brackets for pre merger companies - In a reverse merger a private company goes through a pre existing public company instead of a traditional IPO.

11/16 could be a significant date. Before 11/16 on the SEC Edgar search for BBBY it only showed the main branch but now shows BBBY, BBByCF LLC, BBBYTF LLC, BBB Canada Ltd., BBB Canada LP Inc., and BBBY Management Corp. Although this seems its just related to the 11/16 doc that was finalized on 11/21 this occurred after the first bond extension which could support support findings BBBY has been adding in legalese among the bond offers that makes a major corporate action available.

The form D's for the private bond conversions from 11/14 and 11/16 were also late 7 and 5 days respectively. The 11/16 Form D represents just under 10% of the total BBBY share count and was filed a day after institutional filing cutoffs for 13F's, which means any institutions that manage over 100 million dollars and received this exchange, wouldn't be viewable until this February.

Speculation paragraph - These roughly 14.5 mil shares from the form D's, is also the preferred (non voting share count) of Dragonfly (which are usually converted to common stock in a merger situation).  7 institutions are listed on this 11/16 form which as of 11/1, is the number of board members on Dragonfly not counting Cohen (with currently 8\* state branches). Icahn also has 8 companies listed on his latest 13 d/a related to IEP.  And of course there's BBBY and 6 subsidiaries listed as of 11/16 on the SEC Edgar search. The form D's are marked as not for merger or acquisition ,but the form has not been reviewed by the SEC and form D's are subject to change. Is there a way technically this could be true while these shares are in essence never to reach the market and at arms length from the merger/acquisition?  A split among essentially 2 entities with separate branches, could keep them just under the 5% reporting limit each, splitting the 11.7 mil shares (9.9% outstanding of BBBY) among them. Then there's a Filo and ABL possible exchange happening. Maybe...

Regardless - whether BBBY is an acquirer or being acquired, or whatever is happening the late forms are interesting.

\------------------------------------------------------------------------------

Current marketcap

RC Ventures letter to the board written March 6th, put the value of Buy Buy Baby  above the entire marketcap of BBBY at the time of 1.28 bil vs current .429 bil. Or 2.56 billion next day when it ran to $30 lol.

[March 7, 2022 when letter filed on SEC site $19 - $30 candle from $16 day previous](https://preview.redd.it/ttwcmwlu40ca1.png?width=161&format=png&auto=webp&v=enabled&s=3d35bfebe6ef26a8310fe4ee844c0413075133e4)

BTW in 2015 for example, BBBY had 174 million shares and reached 79 dollars a share a 14.6 b marketcap . It reached an almost 17 bil mktcap in 2013.

We're currently trading below 1992 marketcap  factoring in inflation (u/n3rdacalypso) [https://www.reddit.com/r/BBBY/comments/zsybmx/bbby\_historical\_market\_cap\_total\_shares/](https://www.reddit.com/r/BBBY/comments/zsybmx/bbby_historical_market_cap_total_shares/)

Sycamore supposedly made an offer for Gamestonk in 2018 too btw, nothing burger/distraction.

\-------------------------------------------------------------------

Other options for acquirers of BBBY - private bond conversions- amount done and known of -14.5 mil cumulatively.   Outstanding share count btw is 117.3 mil

The bond deal didn't get adjusted really on extensions after the first deadline of Nov 15th - just small modifications. Which means they didn't really care if people converted the bonds to new notes- most likely (speculation here) because an acquirer can gather \*bonds at was has been mostly 1/5th of their full value over the past year. Now even cheaper, wiping out debt cheaply.

Speculation part - [u/1nceAgainTip](https://www.reddit.com/u/1nceAgainTip/) Brought up a really interesting scenario. Imagine BBBY files the form that panics many.  After the filing, the limited partner approaches (Icahn ) with the majority of the notes - They convert to shares at the current share price like what was done in the other form D private exchange but post Jan 2. Cohen and Icahn get majority ownership above what Cohen had already done through the M&A with the S4's in December being finalized. Brining collectively their share count in the company from 19.9% cap under the standstill running through Jan 2, to 50? 70%? including what they picked up on the open market.

Food for thought - dates around the bonds (speculate amongst yourselves section) 9-28 Icahn buys 10 mil shares of IEP 86% ownership one day before BBBY earnings on the 9/29. 10-17 Icahn / Cohen pic tweet\*. 10-18 bond offering of BBBY.  11/14 and 11/16 bond private conversions. 11-16 first extension filing of bonds to 11-18. 11-19 first teddy (LLC bank holding company related ) tweet \*. 11-20 date of Cohen interview...\*(see my interpretation post) 11-21 IEP original ask of 1.2 bil in July adds 400 mil on 424b5. 11-21 bond offering extended to 12/5. 12-6 late filings of form D's private conversions.

\-----------------------------------------------------

**Their ATM offerings have all included the option for private sales.**

Also in Game stonks most recent call- they talked about being able to acquire companies ""at the right "" price. Specifically they mentioned in the used market - Good Buy Gear is in partnership with Buy Buy Baby and Good Buy's Ceo talks of massive opportunity and big things coming on her Linked in.

Cohen sold at time BBBY needed its FILO deal done. 375 million Filo - Cohen's proceeds of 189 million represent 50.4% of that. u/whoopass2rb and I found that Six street has been known to also do Mezzanine loans.- What if someone /some entity could acquire the ABL debt and or FILO, and get better terms due to their better credit rating? Specifically with the FILO- it could be converted to Mezzanine debt in the form of shares, or warrants convertible on X date if X price is met for example. If someone were acquiring the company- that could be a quick way for them to get majority ownership.

\---------------------------------------------------------------

Squeeze speculation comparisons with hard data

Think of the VW squeeze where it was announced they had a similar option of warrants and had over 74% net ownership after conversion, sending shorts scrambling with a 500% share increase over 3 days.

Game stonks basically , depending on where you start did a 26x (2600% increase) over 14 days including non trading days.

Check the bb threads for more on cost to borrow rising, and other metrics.

u/region-formal has a crayon drawing post you might like as well as things related to the s4 and other areas about squeeze potentials.

I will say if  you look at the 3 month chart on the ttm pro indicator, I've never seen another stock that has a multi year high pressure ""squeeze"" right around the midline. It looks like a powder keg imo.

\------------------------------------

Team representing BBBY

Under the standstill agreement that ran through Jan 2 BBBY had from Cleary Gottlieb

2 time deal maker of the year Paul Shim. And someone who did over 4 acquisitions for Google. I would call that a heavy hitter team. David Lopez is there as well, and has extensive experience with IPOs.

If you do a search on Cleary Gottlieb's wikipedia - you can see a number of major M&A deals they've done over the years with US public companies.

Here's some examples -

In 2018, represented the Walt Disney Company and 21st Century Fox on antitrust matters related to Disney’s $71.3 billion acquisition of 21st Century Fox assets.[\[22\]](https://en.wikipedia.org/wiki/Cleary_Gottlieb_Steen_%26_Hamilton#cite_note-22)

In 2018, advised on the $146 Billion Sprint T-Mobile merger.[\[23\]](https://en.wikipedia.org/wiki/Cleary_Gottlieb_Steen_%26_Hamilton#cite_note-23)

BBBY switched from Berkeley Research Group (where a board member of Dragonfly used to be ) to Alix partners recently. CEO of Icahn Enterprises IEP was a head over there prior to being with Icahn.

The fud you'll hear is that how they work with bankruptcies. Just like when BBBY was reported (but never verified) to be in talks with Kirkland and Ellis. Even though Kirkland and Ellis was named 2023 M&A firm of the year. As well as in 2021 and 2020.

\---------------------------------------------------------

GMEDD interview and Cohen speculation

GME flush with cash after the sneeze, bought back their bonds that would have prevented a merger (on Super somewhere , have to find it but it's in the bond terms). GME of course has short term treasuries earning interest right now (283 million worth) they could use quickly.

(speculative) - With treasury notes you can only have 50 in your cart at a time according to govt website.

First remember the timing of ""At least her cart is full"" tweet on Aug 12 , 4 days before his sales on 8/16 and 8/17 - is this dude gonna lose his whole future of activist investing he started with Game stonks, or have changed his mind on the company within 4 days of tweeting a signal like that?

And actually, if you see how he worded things he mentioned  he was critical of the buy backs and the cash burn of the company at the time of his letter in March. He goes on to say, when i saw that, and I saw ""the results"" he sold. The thing people often attribute his sales to is the situation he walked into knowingly.

His sales at the time represented 50.4% of the Filo in late Aug that BBBY was looking to get. Among other things - If he is on the board of his holding company he formed in July 2021 Teddy Holdings, on the Dragonfly board, Game stonks, and to have ownership of BBBY at the same time where he crossed the 10% threshold to mark on the form 4- Just consider Elon's drawn out legal battle involving Solar City (picking up a company his shareholders say amounted to a bailout) and what happened at Oracle with Ellison. As a matter of fact - Teddy being a bank/ holding company has restrictions on executives being across boards.

Teddy and his kids book is more than that. The privacy terms talk of merger and acquisitions. Looking through the terms it is not boiler plate at all.  There are links to the intellectual property trademarks for teddy dot com, filed through his law firm at Olshan - and the rest of the trademarks for an array of products including linens, toys, shower curtains etc. And a lot of the same categories of Gmerica's trademark which was approved for use as of Aug 23rd .

Speculation - Is it likely RC would create a competitor? I don't think so. In his interview he mentioned he's not interested in starting something up from scratch again like Chewy. In Game stonks history though, a holding company was formed and the former chairman of Babbages ended up being the chairman of the new holding company.  ""The merger was structured as a [stock swap](https://en.wikipedia.org/wiki/Stock_swap), where shareholders of Babbage's and Software Etc. received shares of NeoStar, a newly formed [holding company](https://en.wikipedia.org/wiki/Holding_company). Babbage's and Software Etc. continued to operate as independent subsidiaries of NeoStar and retained their respective senior management teams.[\[9\]](https://en.wikipedia.org/wiki/GameStop#cite_note-SoftwarePeers-9) Babbage's founder and chairman James McCurry became chairman of NeoStar.

A share swap is considered a vastly harder position for shorts to be in. You can read more about that elsewhere.

RC has also removed Game stonks from his twitter profile. Replaced it with the Book King, then removed that as well. Game stop Inc out of Minnesota is interesting. It holds all the IP rights of Game stop. Recently Liberty Procurement , a subsidiary of BBBY set up shop there ( u/hollyberryness found). Liberty only has a handful of branches in other states, the last happening in 2012. Why setup in Minnesota?? BBBY holds their IP rights under this Liberty subsidiary.

\------------------------------------------------------------------------------------

Form 4 Cohen files after sales in Aug- pecuniary interest listed (financial interest). Letter to board referenced ""financial sponsors interests"" -

Jan 3- standstill of 19.9% cap ownership of shares among affiliates of Cohen removed. Standstill ran from March 25 through Jan 2. - Any statement - including the one released by BBBY about partnership after his sales had to be approved by both parties (Cohen and BBBY).

You can check the supplemental forms by BBBY (as mentioned as relevant in the standstill and their bylaws) to confirm the Jan 2 date is the end of the standstill.

Cohen can buy again now as of Jan 3 whereas before he was restricted. Check his twitter post about the jewel if you want some tin along with Icahn talks about a jewel on CNBC interview. Tinfoil aside....

10 days after being over 5% share ownership then you have to report on a 13d. Which could be as early as Tue.

Current share count 117.3 million BBBY - The standstill would have allowed 23 million shares owned.

Now a filing in Oct is really interesting- the way BBBY worded things. You can check my post titled ""BBBY share count discrepancy...."" It's not really a discrepancy. But basically...

Oct 25 and or Oct 26 there were 4 million + shares issued as part of their initial 12 million share offering. We had the biggest one day move UP on Oct 25 compared to the previous (over) 45 days of trading. Would that have happened if it wasn't for private sales? Decide for yourself.

\---------------------------------------------------------------------------------

**New hires and removals**

David Kastin comes on Dec 12\* (great catch  @ adropot  on twitter) .Ben Rosenzweig, an activist investor from Privet steps down from the strategic committee exploring options for Buy Buy Baby on Dec 20. So Ben out, David is in the since Dec 12. Check David Kastin's track record? lol Guy has never joined a company going bankrupt in his whole career. And has a track record of being at companies in  merger /acquisition situations (u/n3rdacalypso).

[https://www.vanguardlawmag.com/case-studies/david-kastin-the-vitamin-shoppe/](https://www.vanguardlawmag.com/case-studies/david-kastin-the-vitamin-shoppe/)

Who has been axed? - Here's a few. Triton former CEO earlier in summer

As of late Aug call- Melnick and Hartman removed as well. Hartman was heading Baby\* with Wu under him. Wu gets new role Buy Buy Baby president.

BBBY recently switched their backend to handle more traffic to their website and fired their former tech head and replaced him. This was reported past few weeks. Would you bother to do so if you're going under?

\-----------------------------------------------------------------------

speculation -M&A language on phone calls and BBBY materials

Listen to the calls over the past several months, look at the letter to the board from March 7, and look at the materials. ""Unlock has been used repeatedly. Do a google search unlock M&A. it's code word for  sale of an asset, spin off, or merger (I did a whole post on this). RC himself put Buy Buy worth ""several billion"" in the right hands.

\------------------------

Stock grants

Yes Gove has a small amount of RSA s which weren't turned in - but she has over 300k RSU's, and

Patty Wu (baby brand president) has several RSU's with her first being available as of Feb 10. Feb 10 has some strong tin - I'll avoid for now. But why is she getting so many stock grants? In addition to the July grants other new comers are getting (Wu as well). And those were not recalled.

\---------------------------------------

Insider purchases

You can see insider purchases here- some is outdated- but focus on the new hires. Why would they be buying with their own money? It's common in Wall St not to be invested in your own company. Why would they invest in a company with their own money. Some of these listed are stock grants.

[https://www.secform4.com/insider-trading/886158.htm](https://www.secform4.com/insider-trading/886158.htm)

\-----------------------------------------------------

Patty Wu background and Baby president role

Formerly at Mattel COO of Baby division at Honest Company (recently branched out to China). I have my speculation on Baby getting big and a true ""ultimate destination"" for babies, but her late Aug call spelled out how Baby will travel with the parents for the life of the parent- similar to how Chewy (Cohen founded company) approached pet ownership and was able to take on Amazon. Although the value brand line didn't work at BBBY - it works in 2nd tier cities in China across the 200k stores there where you'd get your product in as opposed to opening up your own store. I don't think you can compare the baby segment to bed bath as far as a strategy will go anyway, but there's one example and how Pampers also did the same with their gold line of diapers.

Her new president role as spelled out in BBBY docs includes specifically ""unlocking value""

Further in a late summer call (end of Aug update or Sept earnings) they mention they're on track to unlock value at end of year.

As far as BBBY end of Aug update saying they weren't selling baby, they said ""at this time"" specifically. One thing mentioned in the March letter is a spinoff of Baby. Legally you can't spin off baby until you are solvent, and it requires a shareholder vote within 10 days of announcement. Due to BBBY's financials they couldn't spin off at the time, if they wanted to, so if a spin off was indeed what they are going for, then of course it would make sense for them to phrase it as such.

In the latest earnings call they mention and emphasis exploring ""ALL"" strategic options. Baby sale or spin off is known as the strategic board that Cohen formed and placed people there. I believe exploring all options was a bit of misdirection.

In their filings they change the wording slightly removing partnerships for example in their forward looking statement as a possibility (from u/squaredenis post).

If you already have a partner, then a partner wouldn't be part of a future possibility, it's already done for example. The wording also is ambiguous enough to still include all potentials from previous wordings including aquation, merger, sale of Baby etc.

During the standstill by the way that ran through Jan 2- He was allowed open communication with the board at all times.

\-------------------------------------

Babiesrus stuff - basically one store flagship nothing burger competitionwise or baby has a cool US brand or international brand under their belt.

Speculation section - Babies rus website updated on Oct 31 for the first time in 2 years (check the waybackmachine if you dont believe me). Nov 1, two new Dragonfly filings and Catterton - who gave the 500 mil for M&A gets added to the Dragonfly board.

\-------------------------------------------------

Following the recommendations of the letter sent in March

Reducing exorbitant executive salaries. Cutting expenses, launch new offerings (Mighty Goods at baby) and satisfy customer demand (a refocus of national brands outlined in late Aug call).

Modernizing supply chain (80-100 mll savings as noted in Jan earnings call) improving tech stack (done in Dec).

Some fud you will hear is that they gave their plans away and thus weren't following the closely held moves Game stonks does. But if you actually see the letter he was criticizing Tritons 200 page picture book detailing every single move they would make.

The letter talks about the most value packed option is spinning of Baby shares to shareholders but also includes a sale option to a well capitalized acquirer. For a true spin off several things have to be in place. But also ones outside the box thinking wise. The letter also mentions a partial sale of Baby which may allow additional maneuvering around bond covenants.

\-(Speculation) The letter mentions selling the core business to BBBY to a well capitalized acquirer as well. Icahn IEP his company where he owns over 85% of shares has billions on the sidelines and West Point Home does a lot of business with BBBY - they make sheets and stuff. He talks about a jewel as well (cue latest tweet tinfoil by Cohen and pic of Cohen with Icahn in Oct on twitter).

\--------------------------------------

The Ultimate Destination.

Chewy was described as the Ultimate Destination for Pets in the March letter to the board. Gamestop was written as the Ultimate Destination for Gamers when Cohen wrote to the board  before becoming chairman. He describes Buy Buy Baby as being the Ultimate Destination for babies. To me this screams he's getting it and not letting go. Can you imagine him mentioning the Ultimate Destination for x, every time he approached a company ? If you watch his interviews I think he sees its a business he can scale in a segment with a fanatical customer base. And if you find the little that's written about his long time business partner Blake Day, you'll see the guy is too ambitious to just be part of a full buy out team for Catterton.  Since  the market is not valuing Buy Buy fairly, others won't go as high as what he's offering.

\-------------------------------------------------------------------------------

Following Game stonks playbook with store closures?

BBBY is closing unprofitable stores. I haven't looked much here so correct me if I'm wrong but i believe 150 stores is set with about 28 or so closed so far.

Game stonks was set to close about 500 stores in 2020. When Cohen became chairman they moved that number closer to 1000. Perhaps we will see more mentioned soon.

\-----------------------------------------------

Timing of purchases and Catterton connection

Catterton wrote a paper on the maternity and childcare market opportunities in China who recently went from a 2 child up to 3 child policy. [https://www.lcatterton.com/pdf/2021-LC-Crisis\_or\_Opportunity.pdf](https://www.lcatterton.com/pdf/2021-LC-Crisis_or_Opportunity.pdf) found by (u/Movingday1)

Catterton gave Cohen's private company Dragonfly 500 mill for M&A. A day after announced, Cohen buys last of BBBY shares, and makes his call purchases days before public announcement.

Catterton has backed companies including Honest Company (Jessica Alba who just entered China) where Patty Wu - new and current Baby president as of late Aug,  was at Honest Company during the time Catterton funded a round for Honest. The China paper was release Oct 6, 2021. Cohen begins his BBBY purchases on Jan 13th, 2022. With his first purchase at 14.769 lol

Olshan , Ryan's law firm has been making changes to BBBY's board, helping current CEO Gove  arrive there in 2019 as well as board member Kirwan. and Schechter, directors still on the board.

Dragonfly total listed acquisitions (full buyouts their specialty listed on Crunchbase as of today only total around 30 million, and that's if you account for them doing all of the funding. Which means if the 500 million was specifically for Buy Buy Baby- Well over 450 million may be available to help that. Catterton moves big money around is regularly over subscribed to their funding rounds.

Edit: Found the link, they were hoping to raise 7.8 billion [https://www.wsj.com/articles/l-catterton-seeks-nearly-7-8-billion-for-new-funds-11638914599](https://www.wsj.com/articles/l-catterton-seeks-nearly-7-8-billion-for-new-funds-11638914599) \- And if you look at Catterton's acquisitions as of late, in 2022, they are modest so far.

\------------------------------------------------------

Dragonfly speculation section

Dragonfly added a new branch and a new officer for the first time in 2 years - from Catterton - a big funding wing related to LVMH (an over 50 billion dollar stock that includes Louis Vutton among others. The Catterton guy has a track record of being focused on companies in the 2 to 3 billion dollar market cap range.

Whether or not Dragonfly is directly involved where Larry Cheng of Gamestop, and Blake Day a long time business partner of Cohen is  up for speculation only. One of the oddest things I've seen is that Dragonfly's outstanding (not authorized) common stock changed by 2 total shares this year out of over 9 million (which seems to point to the ""Ryan Cohen by day, Warren Icahn by night"" tweet, but I digress).  Dragonfly is an E commerce focused buyout company for Catterton, and their head of M&A started a furniture LLC in Texas with paperwork signed days before the standstill started. It was later confirmed to be directly related to Dragonfly. He also picked up a warehouse through another LLC in Virginia where Good buy Gear paperwork is (a business partner of Buy Buy Baby). And a new branch of Dragonfly opened in Rhode Island which is for some reason associated with real estate via the NAICS codes. - RI is where kids2 expanded out of all places from their initial location in Atlanta. They have several products Buy Buy could sell including educational toys like baby Einstein. The warehouse, Rhode Island branch, and the new member of Dragonfly were recorded in filings from early November 2022.

The China market is hot with tutors and the government is trying to get people to have more babies. If they further crack down on tutoring as can be seen in china tutoring companies stocks, the next logical place is educational toys for them to turn to? When Wu was at Mattel, I believe she worked on this angle as well from a Linked in Post. Also Good Buy gear (if you check my furniture post) said big things ahead. Their paperwork for an LLC is not standard and  mentions options for current shareholders in the event of a buy out. Most LLC's don't have such detailed paperwork. To make the ultimate destination for babies, it seems this would be a good company to add, rather than just giving customers gift cards for their gently used baby gear and then reselling to Good Buy Gear which Buy Buy currently does.

As of December Games stonk cobranded with Cybercrew whose other work has several other brands highlighted. I'm sure if there was an issue Louis Vutton and Nike and Apple and others shown in their NFT's would be filed against in a suit and they'd be removed) (credit u[/edwinbarnesc](https://www.reddit.com/user/edwinbarnesc) ) but that has not happened. There was also a big fuss about Kagy leaving Gamestop but he left and has a role as head of Cybercrew and Protocol Gemini, which is working on metaverse pads and experiences. Dragonfly has branches in each state  corresponding with the states shown in the main Gmerica nft's (5 shown so far).

Ok, im getting off topic. going to go back through and add more solid DD that should be known...

FYI a ton of people not mentioned collectively all found this. I'm just putting it together here.

Just a small piece of tin - The Bulid Buck BunnY (BBBY) store is next to Game stonk in this Gmerica NFT (a double decker bus obscures the view in the gif / nft, you have to paste it together). And the hidden secrets txt from the game stonk nft website from this last July has BBB (Buy Buy Baby) and BBBY in the skull as the only letters on those rows. I've also confirmed someone working with Metaboy who did the Gmerica NFT, that hey have a non disclosure agreement with Metaboy.

[ u\/MapleCoconutBananas\/  spotting the nft](https://preview.redd.it/tqvl7hbr0vba1.png?width=1369&format=png&auto=webp&v=enabled&s=504a568d3c65c70cad6c8bcf77d847190eafcc85)"
TSLA_009,10avy2r,wallstreetbets,2023-01-13 14:31:47,Morning Briefing 🌞 Jan 13th 2022 - Let's see if we're correct again,"Stocks are on a roll. The Dow and the S&P jumped Thursday, after December’s consumer price index showed inflation slowed down, as expected. The Nasdaq registered its first five-day winning streak since July. But it’s time again for companies to report quarterly earnings, and for the superstitious among us, Friday the 13th isn’t the best day to kick off the season.JPMorgan Chase, Wells Fargo and Bank of America all reported earnings Friday morning, as investors look to Wall Street for evidence about the economy’s health and insight about where things are headed. BofA and JPMorgan both beat the Street as higher rates helped bolster interest income. JPMorgan CEO Jamie Dimon on Friday said the U.S. economy “remains strong” but warned of potential turbulence stemming from Russia’s war in Ukraine and still-high inflation.Tesla has cut the prices of some of its vehicles in the United States and Europe after wrapping up a fourth quarter that saw its deliveries fall below expectations. Tesla has long been the top dog in the electric vehicle space, but its competition is growing. Interest rates also surged last year, which made financing new cars more expensive for consumers. Tesla CEO Elon Musk is also widely considered to have damaged the company’s brand due to his chaotic, controversial and high profile takeover of Twitter.

Overall Market Outlook: 

**SPY** - Long legged doji candle close on the daily TF. We fully filled the gap above and we still have the one below to fill. IMO we see blood tomorrow! We are still in a rising wedge and squeezing setting up for a move on the hourly TF. Expected Move +/- $3.53

**QQQ** - Hanging man candle close on the daily TF. We are still in a rising wedge on the 4Hr and 1Hr TF. And we are squeezing setting up for a move on the 1Hr TF. Expected Move +/-$3.11

Watchlist:

**TSLA**: - Hanging man candle close on the daily TF. And we have a symmetrical triangle on the 1Hr TF. Take 128c or 130c Calls above 128 or 128.80 (safer entry.) Take 117p or 116p Puts below 118.70 BNH. Expected Move +/- $4.00

**NVDA**: Bullish candle close on the daily TF. The Three White Soldiers candle pattern I mentioned played out along with the ascending triangle we were in! We now have a double top but also a tweezer bottom on the daily TF. Aint that some mind games.. Take 170c Calls above 167.80 or 160p Puts below 161.58 BNH. Expected Move +/- $4.00

**DIS**: Came up to test resistance around $100 and pulled back from this level yesterday. I believe we could see a move lower over the coming weeks after rejecting this level.

**PTRA**: Trading around a major resistance level around $4.40, if we see a drop below this level I believe the stock moves lower over the coming weeks.

**IBB**: The stock rejected $135.50 support three times over the past couple weeks, I believe we get another rejection of this level.

I'm gonna start posting stuff like this every morning if you guys like?",17,7,https://www.reddit.com/r/wallstreetbets/comments/10avy2r/morning_briefing_jan_13th_2022_lets_see_if_were/,Tesla price,"Morning Briefing 🌞 Jan 13th 2022 - Let's see if we're correct again Stocks are on a roll. The Dow and the S&P jumped Thursday, after December’s consumer price index showed inflation slowed down, as expected. The Nasdaq registered its first five-day winning streak since July. But it’s time again for companies to report quarterly earnings, and for the superstitious among us, Friday the 13th isn’t the best day to kick off the season.JPMorgan Chase, Wells Fargo and Bank of America all reported earnings Friday morning, as investors look to Wall Street for evidence about the economy’s health and insight about where things are headed. BofA and JPMorgan both beat the Street as higher rates helped bolster interest income. JPMorgan CEO Jamie Dimon on Friday said the U.S. economy “remains strong” but warned of potential turbulence stemming from Russia’s war in Ukraine and still-high inflation.Tesla has cut the prices of some of its vehicles in the United States and Europe after wrapping up a fourth quarter that saw its deliveries fall below expectations. Tesla has long been the top dog in the electric vehicle space, but its competition is growing. Interest rates also surged last year, which made financing new cars more expensive for consumers. Tesla CEO Elon Musk is also widely considered to have damaged the company’s brand due to his chaotic, controversial and high profile takeover of Twitter.

Overall Market Outlook: 

**SPY** - Long legged doji candle close on the daily TF. We fully filled the gap above and we still have the one below to fill. IMO we see blood tomorrow! We are still in a rising wedge and squeezing setting up for a move on the hourly TF. Expected Move +/- $3.53

**QQQ** - Hanging man candle close on the daily TF. We are still in a rising wedge on the 4Hr and 1Hr TF. And we are squeezing setting up for a move on the 1Hr TF. Expected Move +/-$3.11

Watchlist:

**TSLA**: - Hanging man candle close on the daily TF. And we have a symmetrical triangle on the 1Hr TF. Take 128c or 130c Calls above 128 or 128.80 (safer entry.) Take 117p or 116p Puts below 118.70 BNH. Expected Move +/- $4.00

**NVDA**: Bullish candle close on the daily TF. The Three White Soldiers candle pattern I mentioned played out along with the ascending triangle we were in! We now have a double top but also a tweezer bottom on the daily TF. Aint that some mind games.. Take 170c Calls above 167.80 or 160p Puts below 161.58 BNH. Expected Move +/- $4.00

**DIS**: Came up to test resistance around $100 and pulled back from this level yesterday. I believe we could see a move lower over the coming weeks after rejecting this level.

**PTRA**: Trading around a major resistance level around $4.40, if we see a drop below this level I believe the stock moves lower over the coming weeks.

**IBB**: The stock rejected $135.50 support three times over the past couple weeks, I believe we get another rejection of this level.

I'm gonna start posting stuff like this every morning if you guys like?"
TSLA_009,10ayhit,wallstreetbets,2023-01-13 16:19:17,"Ford - 200,000 Reservation. Ford F-150 Electric Truck Booking. Tesla Price cut will not matter, as Ford have HUGE backup of F150.",,1,2,https://www.reddit.com/r/wallstreetbets/comments/10ayhit/ford_200000_reservation_ford_f150_electric_truck/,Tesla price,"Ford - 200,000 Reservation. Ford F-150 Electric Truck Booking. Tesla Price cut will not matter, as Ford have HUGE backup of F150."
TSLA_009,10b638t,wallstreetbets,2023-01-13 21:27:53,TSLA Tesla Evaluation - Fundamental Analysis,"Hello Investors and Gamblers! We all know what Tesla is, but do we really know what it is worth? Are you bagholding and want to know if you shall cut losses or hold it to the core of the Earth? Or are you looking for a good entry price for a heavy Call or Put slapping?

Well you came to the righ post! Here i am evaluating TSLA Fair Value for you! Hope you enjoy the reading! And don't forget to share with the community your thought and prayers! Cheers!

\_\_\_\_\_\_\_\_\_\_\_\_\_\_\_\_\_\_\_\_\_\_\_\_\_\_\_\_\_\_\_\_\_\_\_\_\_\_\_

**Purpose**

The purpose of this thesis is to analyse the development of Tesla during the past three years, from 2019 to 2022. Not only are the financial statements taken into consideration. In addition, a comparison to its main competitors and the market situation is also made. All is made to determine the fair value of the stock price and determine the investment strategy. All is made to answer the following questions:

* What is its position compared to competitors?
* Is the company fairly valued by the market by its fundamentals?
* Is the company a Buy or a Sell?

**Delimitations and Assumptions**

This thesis is delimited to an analysis of TSLA between the years 2019 and 2022. The thesis is based on the assumption that TSLA is the one of the most trending automotive company in the world, and that the prestige it has will support its price action in the next months.

**Methodology**

In this thesis, data from its financial statements are taken from SEC filings, Yahoo Finance and other publicly available information on the company on-line. The Company valuation is made based on:

* Adjusted Graham Fair Value Formula
* Free Cash Flow Evaluation Model
* Discounted Cash Flow Model

**Hypothesis**

* US next interest rates hike of 25-50bps
* Inflation of 6.5% and cooling down to 6% for January 2023
* TSLA is high volume stock
* TSLA is overvalued
* There are many TSLA bagholders
* TSLA can’t outproduce its competitors in the near nor mid term

\_\_\_\_\_\_\_\_\_\_\_\_\_\_\_\_\_\_\_\_\_\_\_\_\_\_\_\_\_\_\_\_\_\_\_\_\_\_\_

# Methodology

The thesis used macroeconomics data from the 13th of January 2023 for its valuations, Income Statements, Balance Sheets and Cash Flow are considered and projected to the next three years. The final price tag is obtained by the average of three valuation methodology: Graham Formula, Discounted Cash Flow and Cash Flow Evaluation. It is then given a 20% margin of error in both direction.

&#x200B;

|Data|Value|Source|
|:-|:-|:-|
|**Levered Beta**|2.03|[Yahoo Finance, 5y monthly](https://finance.yahoo.com/quote/TSLA?p=TSLA&.tsrc=fin-srch)|
|**Unlevered Beta**|**1.99**|Calculation|
|**CAPM**|**15.25%**|Calculation|
|**WACC**|**12.84%**|Calculation|
|**ROE**|**24.40%**|[Next Year’s Analyst Growth Estimate](https://finance.yahoo.com/quote/TSLA/analysis?p=TSLA)|
|**EPS**|**3.24**|[Yahoo Finance](https://finance.yahoo.com/quote/TSLA?p=TSLA)|
|**P/E**|**37.18**|[Yahoo Finance](https://finance.yahoo.com/quote/TSLA?p=TSLA)|
|**PEG ratio**|**2,13**|Calculation|
|**Growth Rate Estimate**|**24.40%**|[Analysts](https://finance.yahoo.com/quote/TSLA/analysis?p=TSLA)|
|Intel’s Corporate Bonds|4.77%|[Business Insider](https://markets.businessinsider.com/bonds/intel_corpdl-notes_201212-42-bond-2042-us458140ap51?miRedirects=1)|
|Outstanding Shares|3,157,752,000|Excel Data Type|

# Macro Economic Data

|Data|Value|Source|
|:-|:-|:-|
|Market Expected Return|9.40%|[Motley Fools, 50y average market return (1972-2021)](https://www.fool.com/investing/how-to-invest/stocks/average-stock-market-return/)|
|Risk Free Rate|3.48%|[Yahoo Finance, 10y US Treasury Bonds](https://finance.yahoo.com/bonds)|
|Risk Premium|5.29%|calculation|
|AAA Bond Yield|4.40%|[Moody's Seasoned AAA Corporate Bond Yield](https://ycharts.com/indicators/moodys_seasoned_aaa_corporate_bond_yield)|
|Average US GDP Growth|3.18%|[Tradingeconomics - Average US GDP growth rate (1947-2022)](https://tradingeconomics.com/united-states/gdp-growth)|
|Current Market P/E|20.72|[Multpl.com ](https://www.multpl.com/s-p-500-pe-ratio)|
|US interest Rate|4.40%|[Trading Economics](https://tradingeconomics.com/united-states/interest-rate)|

\_\_\_\_\_\_\_\_\_\_\_\_\_\_\_\_\_\_\_\_\_\_\_\_\_\_\_\_\_\_\_\_\_\_\_\_\_\_\_

# Evaluation Methods

In this paper, three methods are used to evaluate the company's final fair value. Each method gives us different current fair values for a single share of the company. The final price tag is determined by the average price between all the methods used.

&#x200B;

# Growth Rate

**The Growth Rate of 24.40%** is determined by the average analysts consensus for the company’s next year growth rate.

&#x200B;

# Free Cash Flow Evaluation Model

This simple model takes in mind the company last year’s available cash flow data, its WACC based discount rate of 12,84% and its Growth Rate of 24,40% to determine a fair value of **$78.88** per share.

&#x200B;

# Adjusted Graham Fair Value Formula

This model is used in the Value Investing communities to price tag a company based on its intrinsic value. This formula is created by Benjamin Graham, a value investor and professor at Columbia University who is considered the father of Value Investing. This thesis uses the adjusted formula to better adjust it to the current market environment.

Data used for the calculation:

|Data|Value|
|:-|:-|
|EPS|3.24|
|Growth Rate|24.40|
|AAA Bond Yield|4.40|

The Adjusted Graham Intrinsic Value Formula gives us a price tag of **$101.74**

&#x200B;

# Discounted Cash Flow Model

This thesis uses Free Cash Flow, gained by subtraction Capex from Cash floe From Operations. Free cash flow (FCF) is the money a company has left over after paying its operating expenses and capital expenditures. It is used to remove the impact of capital structure on a firm's value and to make companies more comparable

In simple words. It is the cash flow of a company based on the belief that the company owes no debt, therefore has no interest payments to make.

In this model, it is taken in mind the following data:

|Data|Value|
|:-|:-|
|WACC based discount rate|12.84%|
|Growth rate|24.40%|
|Average US GDP growth rate|3.18%|
|Average Shares outstanding|3,157,752,000|

Which projected a FCF for the next five years as per follow:

Note: the projection is based on the assumption the company will keep growing by a perpetual rate of 24.40%, which is highly improbable due to unknown future events and variations in the market. This shall be taken only as an indicative forecast.

The calculation gives us a Fair Value of **$70.99** per share

&#x200B;

## Final Fair Value

The Final price tag is determined as per following:

|Data|Value|
|:-|:-|
|Free Cash Flow Evaluation Model|$78,88|
|Adjusted Graham Fair Value Formula|$101.74|
|Discounted Free Cash Flow Model|$70.99|
|**Final Price + 20% error margin**|**$104.83**|
|**Final Fair Price (Average)**|**$83.87**|
|**Final Price - 20% error margin**|**$62.90**|

\_\_\_\_\_\_\_\_\_\_\_\_\_\_\_\_\_\_\_\_\_\_\_\_\_\_\_\_\_\_\_\_\_\_\_\_\_\_\_

# Products

Tesla recently lowered their products price tag amid demand fall. Here are listed the current price tag as of 13th January 2023:

* **Tesla Model X** $109,990
* **Tesla Model 3** $43,990
* **Tesla Model Y** $52,990
* **Tesla Model S** $94,990

Total worldwide unit sold in thousands:

* 2022: 1,313
* 2021: 935
* 2020: 367
* 2018: 244

We can observe a 40% increase of Unit sold in 2022.

\_\_\_\_\_\_\_\_\_\_\_\_\_\_\_\_\_\_\_\_\_\_\_\_\_\_\_\_\_\_\_\_\_\_\_\_\_\_\_

# Insider Transactions

There are heavy and frequent sell activity from insiders of the company from all departments, biggest drop of shares come from the CEO itself.

https://preview.redd.it/kbzsu9skovba1.png?width=1486&format=png&auto=webp&v=enabled&s=847d58fd12c759de2d2832a884f411f81f9fc56b

\_\_\_\_\_\_\_\_\_\_\_\_\_\_\_\_\_\_\_\_\_\_\_\_\_\_\_\_\_\_\_\_\_\_\_\_\_\_\_

# SWOT ANALYSIS

Strengths

* **Most Valuable Automotive Company**: It is currently the the automotive company with the highest market capitalisation.
* **Tesla Increased its Electric Vehicle Delivery**: In 2022 it increased its deliveries of 40% from 935 thousands  to 1.3 million units.
* **Cross-sell and Diversification**: Tesla has comprehensive insurance program for its vehicles in association with Liberty Mutual insurance company.
* **Innovative Company**: Tesla has a very high rate of innovation, the market expects the company to develop competitive and profitable products.

## Weaknesses

* **Manufacturing Complications**: Tesla faces continuous launch, manufacturing and production ramp delays while launching their new vehicles and other products. For example, Tesla faced endless manufacturing challenges when they were about to launch Model X, which lead to constant delays for distribution. Similarly, the company went through extreme troubles while manufacturing Model X’s battery module assembly line at Gigafactory 1.
* **Unable to meet demand might affect brand value**: Due to highly experimenting and complicated procedures, Tesla’ might face an unbalanced supply and demand, unable to meet the production ramp.
* **Lack of High Volume Productio**n: It has failed to produce high volumes of automobiles for any of its models. Even now, as the company plans to manufacture Model 3 vehicles at high volume, it faces issues in terms of production cost and management resources.
* **Shortage of Batterie**s: The shortage directly affectes the sales of electric vehicles and energy storage systems.
* **Elon Musk as Tesla’s Sole Representative**: Musk is deeply involved in other projects and side quests.
* **Financial Uncertainty**: Tesla has outstanding debt of $5.38 Billion. If the company is unable to generate enough cash flow to repay its debt, then there is a risk of delaying expansion, reducing investments, selling assets, etc.
* **Employee Safety Concerns**: Tesla was recently fined in 2019 for creating a tent production line without a permit or safety inspection. Also, the company did not train workers about the risks of working in the tent for long periods under the scorching California’s heat.
* **Leadership Wrangles**: Friction and conflict between management and the board of directors can undermine productivity and long-term success. Tesla’s management and board have been engaged in several power struggles.
* **Tesla Faces Lawsuit over Sexual Misconduct**: Many Tesla workers filed a lawsuit alleging sexual misconduct and harassment at the workplace. The women have complained that the company fosters a dark culture of sexual misconduct. They also alleged that they were cat-called and were frequently subjected to shameful remarks, groping, and misogynistic behaviour.

## Opportunities

* **Sales expansion in untapped Market**: The most significant opportunity for the company right now is the Asian market, even tho there are increased risks.
* **Less Expensive Car**: Tesla’s Model 3 is a more affordable version of Model S with less range, power, and fewer features.
* **Bringing battery production technology in-house**: Tesla intends to make its own battery cells.
* **Market Confidence in Tesla**: The stock market has shown confidence in Tesla after beating the projected car deliveries.

## Threats

* **Product Liability Claims**: The company has faced lawsuits and claims related to the failure of technology in their products. If these liability claims continued, then Tesla may be subjected to greater financial setbacks.
* **Extensive Competition**: Tesla, Inc. faces aggressive competition from both alternative fuel vehicles (Hybrid, Plug-in hybrid, fully electric car) and self-driving technology. Many automotive brands in the luxury segment like Mercedes, BMW, Audi, Lexus and in the economy segment like Toyota, Ford, General Motors , Volvo are getting ready for a fierce competition. Many brands are not only launching or planning to launch their environment-friendly-Self-driving technology but also, they are offering them at a comparably lower price.
* **Product Defects**: Tesla’s cars and other energy products have exhibited major flaws in many cases. The defective products often have weaknesses in design, manufacturing, and other features which harm the company’s image permanently.
* **Long term confidence**: Tesla, due to its unstable manufacturing conditions, suffers from disbelief among the public about its long-term existence, which can result in a deficiency in further business development.
* **Customer Adaptation**: The company highly depends upon customers willingness to adopt electric vehicles.
* **Disruption of Supply Due to Shortage of Materials**: Tesla can face major suspensions in the supply of manufacturing materials due to the increased prices. The company uses aluminum, steel, lithium, nickel, copper, and cobalt, as well as lithium-ion cells from suppliers. All these materials have volatile prices, which can affect the company’s production line severely in the future.
* **High-Risk Factor Due to Usage of Lithium-ion**: Tesla uses lithium-ion cells in their battery packs. Lithium is a highly reactive and explosive element, which increases the risk factor of our products. Tesla has faced a a few cases where their cars have caught fire and vented smoke, which has defamed the company on a major level.
* **Elon Musk’s Behavior Affecting Tesla’s Reputation**: Tesla’s entire reputation is built upon the cult of Elon Musk. But recently, his waky behavior and impulsive reactions are affecting Tesla.
* **Competitors increasing productions of EV Vehicles**: Competitors are jumping in the EV segment eating huge portions of the market share.

# Analysts Price Target

https://preview.redd.it/a4wn0aagnvba1.png?width=931&format=png&auto=webp&v=enabled&s=119126722aed343210ccabadea47d011982d52f3",37,24,https://www.reddit.com/r/wallstreetbets/comments/10b638t/tsla_tesla_evaluation_fundamental_analysis/,Tesla price,"TSLA Tesla Evaluation - Fundamental Analysis Hello Investors and Gamblers! We all know what Tesla is, but do we really know what it is worth? Are you bagholding and want to know if you shall cut losses or hold it to the core of the Earth? Or are you looking for a good entry price for a heavy Call or Put slapping?

Well you came to the righ post! Here i am evaluating TSLA Fair Value for you! Hope you enjoy the reading! And don't forget to share with the community your thought and prayers! Cheers!

\_\_\_\_\_\_\_\_\_\_\_\_\_\_\_\_\_\_\_\_\_\_\_\_\_\_\_\_\_\_\_\_\_\_\_\_\_\_\_

**Purpose**

The purpose of this thesis is to analyse the development of Tesla during the past three years, from 2019 to 2022. Not only are the financial statements taken into consideration. In addition, a comparison to its main competitors and the market situation is also made. All is made to determine the fair value of the stock price and determine the investment strategy. All is made to answer the following questions:

* What is its position compared to competitors?
* Is the company fairly valued by the market by its fundamentals?
* Is the company a Buy or a Sell?

**Delimitations and Assumptions**

This thesis is delimited to an analysis of TSLA between the years 2019 and 2022. The thesis is based on the assumption that TSLA is the one of the most trending automotive company in the world, and that the prestige it has will support its price action in the next months.

**Methodology**

In this thesis, data from its financial statements are taken from SEC filings, Yahoo Finance and other publicly available information on the company on-line. The Company valuation is made based on:

* Adjusted Graham Fair Value Formula
* Free Cash Flow Evaluation Model
* Discounted Cash Flow Model

**Hypothesis**

* US next interest rates hike of 25-50bps
* Inflation of 6.5% and cooling down to 6% for January 2023
* TSLA is high volume stock
* TSLA is overvalued
* There are many TSLA bagholders
* TSLA can’t outproduce its competitors in the near nor mid term

\_\_\_\_\_\_\_\_\_\_\_\_\_\_\_\_\_\_\_\_\_\_\_\_\_\_\_\_\_\_\_\_\_\_\_\_\_\_\_

# Methodology

The thesis used macroeconomics data from the 13th of January 2023 for its valuations, Income Statements, Balance Sheets and Cash Flow are considered and projected to the next three years. The final price tag is obtained by the average of three valuation methodology: Graham Formula, Discounted Cash Flow and Cash Flow Evaluation. It is then given a 20% margin of error in both direction.

&#x200B;

|Data|Value|Source|
|:-|:-|:-|
|**Levered Beta**|2.03|[Yahoo Finance, 5y monthly](https://finance.yahoo.com/quote/TSLA?p=TSLA&.tsrc=fin-srch)|
|**Unlevered Beta**|**1.99**|Calculation|
|**CAPM**|**15.25%**|Calculation|
|**WACC**|**12.84%**|Calculation|
|**ROE**|**24.40%**|[Next Year’s Analyst Growth Estimate](https://finance.yahoo.com/quote/TSLA/analysis?p=TSLA)|
|**EPS**|**3.24**|[Yahoo Finance](https://finance.yahoo.com/quote/TSLA?p=TSLA)|
|**P/E**|**37.18**|[Yahoo Finance](https://finance.yahoo.com/quote/TSLA?p=TSLA)|
|**PEG ratio**|**2,13**|Calculation|
|**Growth Rate Estimate**|**24.40%**|[Analysts](https://finance.yahoo.com/quote/TSLA/analysis?p=TSLA)|
|Intel’s Corporate Bonds|4.77%|[Business Insider](https://markets.businessinsider.com/bonds/intel_corpdl-notes_201212-42-bond-2042-us458140ap51?miRedirects=1)|
|Outstanding Shares|3,157,752,000|Excel Data Type|

# Macro Economic Data

|Data|Value|Source|
|:-|:-|:-|
|Market Expected Return|9.40%|[Motley Fools, 50y average market return (1972-2021)](https://www.fool.com/investing/how-to-invest/stocks/average-stock-market-return/)|
|Risk Free Rate|3.48%|[Yahoo Finance, 10y US Treasury Bonds](https://finance.yahoo.com/bonds)|
|Risk Premium|5.29%|calculation|
|AAA Bond Yield|4.40%|[Moody's Seasoned AAA Corporate Bond Yield](https://ycharts.com/indicators/moodys_seasoned_aaa_corporate_bond_yield)|
|Average US GDP Growth|3.18%|[Tradingeconomics - Average US GDP growth rate (1947-2022)](https://tradingeconomics.com/united-states/gdp-growth)|
|Current Market P/E|20.72|[Multpl.com ](https://www.multpl.com/s-p-500-pe-ratio)|
|US interest Rate|4.40%|[Trading Economics](https://tradingeconomics.com/united-states/interest-rate)|

\_\_\_\_\_\_\_\_\_\_\_\_\_\_\_\_\_\_\_\_\_\_\_\_\_\_\_\_\_\_\_\_\_\_\_\_\_\_\_

# Evaluation Methods

In this paper, three methods are used to evaluate the company's final fair value. Each method gives us different current fair values for a single share of the company. The final price tag is determined by the average price between all the methods used.

&#x200B;

# Growth Rate

**The Growth Rate of 24.40%** is determined by the average analysts consensus for the company’s next year growth rate.

&#x200B;

# Free Cash Flow Evaluation Model

This simple model takes in mind the company last year’s available cash flow data, its WACC based discount rate of 12,84% and its Growth Rate of 24,40% to determine a fair value of **$78.88** per share.

&#x200B;

# Adjusted Graham Fair Value Formula

This model is used in the Value Investing communities to price tag a company based on its intrinsic value. This formula is created by Benjamin Graham, a value investor and professor at Columbia University who is considered the father of Value Investing. This thesis uses the adjusted formula to better adjust it to the current market environment.

Data used for the calculation:

|Data|Value|
|:-|:-|
|EPS|3.24|
|Growth Rate|24.40|
|AAA Bond Yield|4.40|

The Adjusted Graham Intrinsic Value Formula gives us a price tag of **$101.74**

&#x200B;

# Discounted Cash Flow Model

This thesis uses Free Cash Flow, gained by subtraction Capex from Cash floe From Operations. Free cash flow (FCF) is the money a company has left over after paying its operating expenses and capital expenditures. It is used to remove the impact of capital structure on a firm's value and to make companies more comparable

In simple words. It is the cash flow of a company based on the belief that the company owes no debt, therefore has no interest payments to make.

In this model, it is taken in mind the following data:

|Data|Value|
|:-|:-|
|WACC based discount rate|12.84%|
|Growth rate|24.40%|
|Average US GDP growth rate|3.18%|
|Average Shares outstanding|3,157,752,000|

Which projected a FCF for the next five years as per follow:

Note: the projection is based on the assumption the company will keep growing by a perpetual rate of 24.40%, which is highly improbable due to unknown future events and variations in the market. This shall be taken only as an indicative forecast.

The calculation gives us a Fair Value of **$70.99** per share

&#x200B;

## Final Fair Value

The Final price tag is determined as per following:

|Data|Value|
|:-|:-|
|Free Cash Flow Evaluation Model|$78,88|
|Adjusted Graham Fair Value Formula|$101.74|
|Discounted Free Cash Flow Model|$70.99|
|**Final Price + 20% error margin**|**$104.83**|
|**Final Fair Price (Average)**|**$83.87**|
|**Final Price - 20% error margin**|**$62.90**|

\_\_\_\_\_\_\_\_\_\_\_\_\_\_\_\_\_\_\_\_\_\_\_\_\_\_\_\_\_\_\_\_\_\_\_\_\_\_\_

# Products

Tesla recently lowered their products price tag amid demand fall. Here are listed the current price tag as of 13th January 2023:

* **Tesla Model X** $109,990
* **Tesla Model 3** $43,990
* **Tesla Model Y** $52,990
* **Tesla Model S** $94,990

Total worldwide unit sold in thousands:

* 2022: 1,313
* 2021: 935
* 2020: 367
* 2018: 244

We can observe a 40% increase of Unit sold in 2022.

\_\_\_\_\_\_\_\_\_\_\_\_\_\_\_\_\_\_\_\_\_\_\_\_\_\_\_\_\_\_\_\_\_\_\_\_\_\_\_

# Insider Transactions

There are heavy and frequent sell activity from insiders of the company from all departments, biggest drop of shares come from the CEO itself.

https://preview.redd.it/kbzsu9skovba1.png?width=1486&format=png&auto=webp&v=enabled&s=847d58fd12c759de2d2832a884f411f81f9fc56b

\_\_\_\_\_\_\_\_\_\_\_\_\_\_\_\_\_\_\_\_\_\_\_\_\_\_\_\_\_\_\_\_\_\_\_\_\_\_\_

# SWOT ANALYSIS

Strengths

* **Most Valuable Automotive Company**: It is currently the the automotive company with the highest market capitalisation.
* **Tesla Increased its Electric Vehicle Delivery**: In 2022 it increased its deliveries of 40% from 935 thousands  to 1.3 million units.
* **Cross-sell and Diversification**: Tesla has comprehensive insurance program for its vehicles in association with Liberty Mutual insurance company.
* **Innovative Company**: Tesla has a very high rate of innovation, the market expects the company to develop competitive and profitable products.

## Weaknesses

* **Manufacturing Complications**: Tesla faces continuous launch, manufacturing and production ramp delays while launching their new vehicles and other products. For example, Tesla faced endless manufacturing challenges when they were about to launch Model X, which lead to constant delays for distribution. Similarly, the company went through extreme troubles while manufacturing Model X’s battery module assembly line at Gigafactory 1.
* **Unable to meet demand might affect brand value**: Due to highly experimenting and complicated procedures, Tesla’ might face an unbalanced supply and demand, unable to meet the production ramp.
* **Lack of High Volume Productio**n: It has failed to produce high volumes of automobiles for any of its models. Even now, as the company plans to manufacture Model 3 vehicles at high volume, it faces issues in terms of production cost and management resources.
* **Shortage of Batterie**s: The shortage directly affectes the sales of electric vehicles and energy storage systems.
* **Elon Musk as Tesla’s Sole Representative**: Musk is deeply involved in other projects and side quests.
* **Financial Uncertainty**: Tesla has outstanding debt of $5.38 Billion. If the company is unable to generate enough cash flow to repay its debt, then there is a risk of delaying expansion, reducing investments, selling assets, etc.
* **Employee Safety Concerns**: Tesla was recently fined in 2019 for creating a tent production line without a permit or safety inspection. Also, the company did not train workers about the risks of working in the tent for long periods under the scorching California’s heat.
* **Leadership Wrangles**: Friction and conflict between management and the board of directors can undermine productivity and long-term success. Tesla’s management and board have been engaged in several power struggles.
* **Tesla Faces Lawsuit over Sexual Misconduct**: Many Tesla workers filed a lawsuit alleging sexual misconduct and harassment at the workplace. The women have complained that the company fosters a dark culture of sexual misconduct. They also alleged that they were cat-called and were frequently subjected to shameful remarks, groping, and misogynistic behaviour.

## Opportunities

* **Sales expansion in untapped Market**: The most significant opportunity for the company right now is the Asian market, even tho there are increased risks.
* **Less Expensive Car**: Tesla’s Model 3 is a more affordable version of Model S with less range, power, and fewer features.
* **Bringing battery production technology in-house**: Tesla intends to make its own battery cells.
* **Market Confidence in Tesla**: The stock market has shown confidence in Tesla after beating the projected car deliveries.

## Threats

* **Product Liability Claims**: The company has faced lawsuits and claims related to the failure of technology in their products. If these liability claims continued, then Tesla may be subjected to greater financial setbacks.
* **Extensive Competition**: Tesla, Inc. faces aggressive competition from both alternative fuel vehicles (Hybrid, Plug-in hybrid, fully electric car) and self-driving technology. Many automotive brands in the luxury segment like Mercedes, BMW, Audi, Lexus and in the economy segment like Toyota, Ford, General Motors , Volvo are getting ready for a fierce competition. Many brands are not only launching or planning to launch their environment-friendly-Self-driving technology but also, they are offering them at a comparably lower price.
* **Product Defects**: Tesla’s cars and other energy products have exhibited major flaws in many cases. The defective products often have weaknesses in design, manufacturing, and other features which harm the company’s image permanently.
* **Long term confidence**: Tesla, due to its unstable manufacturing conditions, suffers from disbelief among the public about its long-term existence, which can result in a deficiency in further business development.
* **Customer Adaptation**: The company highly depends upon customers willingness to adopt electric vehicles.
* **Disruption of Supply Due to Shortage of Materials**: Tesla can face major suspensions in the supply of manufacturing materials due to the increased prices. The company uses aluminum, steel, lithium, nickel, copper, and cobalt, as well as lithium-ion cells from suppliers. All these materials have volatile prices, which can affect the company’s production line severely in the future.
* **High-Risk Factor Due to Usage of Lithium-ion**: Tesla uses lithium-ion cells in their battery packs. Lithium is a highly reactive and explosive element, which increases the risk factor of our products. Tesla has faced a a few cases where their cars have caught fire and vented smoke, which has defamed the company on a major level.
* **Elon Musk’s Behavior Affecting Tesla’s Reputation**: Tesla’s entire reputation is built upon the cult of Elon Musk. But recently, his waky behavior and impulsive reactions are affecting Tesla.
* **Competitors increasing productions of EV Vehicles**: Competitors are jumping in the EV segment eating huge portions of the market share.

# Analysts Price Target

https://preview.redd.it/a4wn0aagnvba1.png?width=931&format=png&auto=webp&v=enabled&s=119126722aed343210ccabadea47d011982d52f3"
TSLA_009,10bc8s6,wallstreetbets,2023-01-14 01:53:41,Are the bulls or bears in control… 1-13-23 SPY/ ES Futures and Tesla Weekly Market Recap and Analysis,"After the bulls had the perfect opportunity to take spy into the 400s yesterday with a great CPI print the bulls absolutely fumbled. With the opening this morning nearly 1% red many of us would have suspected that we were set up for a repeat of last CPI where we failed to break out and started a massive leg down. However, the bulls came back full force today with an impressive recovery to not only close green but to close higher than yesterday and to close back over the daily 200ema. So the question remains where are we? Where are we headed next? 

&#x200B;

https://preview.redd.it/a1o6kj4e0xba1.png?width=975&format=png&auto=webp&v=enabled&s=76bf80c45d07e3b412c6352c8f09095a06cb556d

**Daily time frame bull vs bear case** 

Bull case- today despite a massive retrace we established the daily 8ema as support once again. The daily 20ema has now crossed back over the daily 50ema, the daily ema crossed back over the daily 100ema also. IF this trend was to continue we could very well Tuesday end up with the daily 8, 20 and 50ema over the daily 100ema for the first time since January 2022. That’s correct… exactly one year ago (to the month) was the last time the daily 8, 20 and 50ema were crossed over the daily 100ema (currently at 390.5). The crossover is extremely bullish especially on that many time frames. 

The bulls broke spy back into the 390.1 to 405.3 channel and with out losing support of that 390.1 today when it was very possible we are finding ourselves looking for a push back to that 405.3 channel resistance. I mentioned last week that my pivot was 390.1 and if we hold over that we should look for upside. This is also the first closure over the daily 200ema since Decembers CPI. 

Bear case- despite the bullish appearance when we look at the last 4 days of trading have been very slow going. Most of these days have had an impressive sell off that and big morning volatility followed by a low volatility, low volume bull push. The momentum is definitely slowing. 

This is now the 7th time we have attempted to recover over the daily 200ema since August. Only two of those 6 previous times were we able to break through the daily 200ema without having a meaningful pullback. The first time we broke through it was in August with the help of CPI and the other time we broke straight through it was November 30th. If you remember that was the day JPOW did a interview and the markets roguely rallied 3% intraday. The days that immediately followed that resulted in a retrace. Actually looking back since January where we did lose the 200ema for the first time there are very few times we have broken straight through the 200ema unless we had a major catalyst (usually a fed day) when we tested the 200ema). 

There is also as I have mentioned since last week a cup and handle formed on the daily time frame that cup is represented by this blue rising wedge. If we lose that support (396 on Tuesday) we will see a retrace. Most cup and handles result in a 33% retrace which puts us down near 390-391 before we could see a bounce. That level is as you remember my pivot level. 

From a daily stand point bull to bear case… I favor bulls barely. 

&#x200B;

https://preview.redd.it/2tc35dne0xba1.png?width=975&format=png&auto=webp&v=enabled&s=b5126baf9dc63bcb81b1bde0c22824a7b61748d9

Lets take a look at the bull vs. bear case on the weekly. 

Now im trying to show this the best I can here with arrows but its tough cause it clutters the chart. No one will argue that 2022 was a bear market… however, while by a technical definition we are still in a bear market… the question remains will we trade line a bear market or will we trade like a bull/ neutral market. IF we are transitioning to a neutral/ bull market then we should see a push to a high followed by a retrace and then we should push to a new high (this is represented by the blue arrows). However, IF we are still in a bear market trend and the technical will follow as such then we look to the black arrows and will look for this week to be the short peak before the next leg down. 

&#x200B;

https://preview.redd.it/n2g0staf0xba1.png?width=975&format=png&auto=webp&v=enabled&s=cc4af825056419fe15ac14f2c132d906dc08e15d

The current bear market cycle (waves) is represented here in this chart… as you can see in general we start a leg down -> that is followed by about a 55.6% recovery -> followed by a 1.74x drop of the short peaks recovery -> followed by a 1.09x recover of the final drop. The average total drop from peak to trough is 18.6%. 

IF we are following the black arrows and IF we are still in a bear market trend and IF technical will follow we COULD see a total drop of 18.6% from the 410 peak the week of November 28th. That means we could see a low of 334 before this cycle is over… Total peak to trough bottom is about 61 days on average which would put us from the November 28th peak at about middle to end of February. 

If you believe we are still in a bear market and you believe in the cycles… now is your time to open march DTE puts… 

Bull case- from a weekly stand point here you can see that this is the first time we have closed a full candle body over the weekly 8/20ema since the week of December 5th. There also is a clear 8/20ema crossover. With the red channel I mentioned last week of 375.6 to 408.8 with 390.1 being our pivot… since we retook our 390.1 pivot point we SHOULD see a push to 408.8 before we see any meaningful retrace. The bulls also closed us over the weekly 50ema (by about 30 cents). Near 2022/23 bear market resistance is at 403.5 (1.2%) and officially ending the whole bear market is sitting at 417.74 (4.8%). Both are very within reach. 

If the bulls can break through 403.5 which is the new bear market resistance line I would effectively say the trend of higher lows and the bear cycle is over. 

Resistance levels- 398.5 -> 403.5 -> 408.8 -> 417.7 -> 427.5

Bear case- Despite what many are calling a bullish week we are actually seeing that bulls struggled almost all week long. The cycle analysis here says that from the now of 374.77 we should see a bout a 6.5% recovery which puts us at 399.13 before we would see the next leg down. The high of the week was exactly 399.1. If the bear market trend and cycles continue this was the short peak before the next leg down and bears are going to look for the next leg down of about 11.31% (353.9) within the next 17 days. 

With the banks this morning all giving pretty awful guidance and opening deep red (despite this intraday rally) we could look for big tech earnings which most of big tech will start presenting earnings the week of 1/23 to 1/27 and then more followed the week after. In addition on 2/1 we will have a FOMC meeting. Currently there is a 64% chance of a 25bps hike and a 36% chance of no bps hike at all… In my opinion the markets expecting a 36% chance of a 0bps is beyond insane and if and when jpow drops a 25bps or possibly a 50bps (he has said numerous times hes not ready to slow hikes).

&#x200B;

https://preview.redd.it/c46wygvf0xba1.png?width=975&format=png&auto=webp&v=enabled&s=18fd345e38645c2f52afcfdc347c990363b62f8e

Here is a flash back to a few things JPOW said at the last FOMC… now could this negative MoM CPI reading provoke him to slow hikes and do a 25bps? Its possible… however, with CORE MoM going up there is definitely a chance JPOW sticks with a 50bps… a 50bps would send the markets tumbling (much like June with the surprise 100bps leak). In addition IF JPOW says we will NOT pause after this February FOMC that also could send markets dumping… the final piece of the puzzle would be CPI in February… apparently the metrics for how they calculate CPI will be updated for this next release. If CPI rebounds that also would send markets in quite the spiral. 

In short bears wanna see: bad earnings -> FOMC bps -> CPI rebound

Supports for bulls to watch- 390.1 -> 383.1 -> 375.6

Am I bullish or bearish? Honestly im Switzerland right now… I have been trying to be a bull the last 3 weeks and have been let down every single time. The biggest issue with the current trend is that the way the technical are presenting themselves is that we are getting clear cut setups and by the time the set up displays itself the move is done and we reverse. There is a severe lack of continuation. 

I am going to be taking a break from swings for a while until we get more of a sense of direction. The risk to reward has severely dropped. 

&#x200B;

https://preview.redd.it/9p14qbbg0xba1.png?width=975&format=png&auto=webp&v=enabled&s=a8a94d474e99529aa76c9f09f1eeb6dca70e7684

Taking a look at the futures daily here the rising wedge is just beautiful. As someone who likes TA a lot… this is about as textbook of a rising wedge as there can be… realistically until we break the support of that rising wedge you should not be shorting this and I also with how tight the peak is do no think we should take a long here either. 

Futures the bulls for the 2nd day in a row closed over the daily 200ema. The last time that happened resulted in a -2.57% sell off.. 

&#x200B;

https://preview.redd.it/vyd2petg0xba1.png?width=975&format=png&auto=webp&v=enabled&s=a65c3b0b4e541be802cb1585e390aa185a4eb6f5

On the futures weekly chart we are actually trading within a pretty massive diamond pattern… for those who don’t remember a diamond pattern is essentially a massive breakout or breakdown pattern. 

Much like our 375.6 to 408.8 channel futes has its own 3770 to 4090 channel. With the pivot being 3920 and bulls this week closing us over it this SHOULD present an opportunity to test 4030 next week. IF bulls can break through 4090 then we very well could see a push to what im calling the channel extreme of 4280. However, IF the bulls were to lose 3920 this week then I would feel more confident that this is a fake peak and that we are going to see a drop back to 3770. 

Something to keep in mind is that the JPM collar call is at 4030 too… and puts are at 3600. 

&#x200B;

https://preview.redd.it/oxq7hr9h0xba1.png?width=975&format=png&auto=webp&v=enabled&s=f150f06ff7c24fba9cdf8bf82ef965e7f3a20329

Taking a look at Tesla let me tell you I was highly disappointed and got absolutely crushed playing calls on Tesla over night. The pattern looked beyond ripe for a huge breakout today and what happened? Well we got news that trumped the technical and caused it to go spiraling into the ground. Impressively Tesla managed to recover almost all of the loss before close. 

Effectively Tesla broke the black bull channel and broke through the rising wedge at the same time. 

https://preview.redd.it/om0vdlqh0xba1.png?width=975&format=png&auto=webp&v=enabled&s=f053502047caa781bce56b9cfad83cea2b6ee6fc

New Tesla daily looks something like this… we now have a new daily red rising wedge and a 3 day long black resistance line. We also have the blue bear channel stick intact. Despite the fact that we opened nearly 5% red we actually managed to rally and close back over the daily 8ema. This is now only the 2nd time that here has been 5 closes over the daily 8ema since September. IF we were to close a 6th candle over the daily 8ema this would be the first time since September for that to happen. 

Support- 118.2 (red rising wedge) -> 116.4 -> 113.2

Resistance- 120.9 (black resistance) -> 122.3 -> 126.4 -> 129.5 (red rising wedge and blue bear channel)

&#x200B;

https://preview.redd.it/5waq2l5i0xba1.png?width=975&format=png&auto=webp&v=enabled&s=28e92312d71222a166f655ca0397be64bad3ba72

On a weekly time frame we are actually forming a convincing V bottom here. This is now the 2nd week in a row to close higher. However as you can see we ended up closing right at that 122.4 resistance. 

So if we look at the last 3 weeks of trading 112.9 is clear support and 122.5 is clear resistance. We have essentially a 3 week and $10 long consolidation period here. The question is will the v bottom hold and we break out or is this a double top off 122.5 and we are headed lower…

We have two falling wedges here. We have the first black short term (Started in December) falling wedge that has a resistance of 112.8 for next week. That means unless tesla was to open -$10 Tuesday this falling wedge is broken. We also have the next falling red wedge at 124.2 for next week. If tesla can break through that level this wedge which dates back to September when this sell off began would effectively be broken. 

If we see Tesla break through both of these falling wedges I would feel fairly confident in a temporary bottom being put in and that we are going to see a bounce of some decent weight over the next few weeks. There is a case to see a rally into earnings which takes place on 1/23/23. If earnings were to come in friendly we could see a continuation rally, however, a miss on earnings is most likely going to result in the next leg down. 

Key weekly support- 118.7 -> 112.8 -> 102.1 -> 94.5

Key weekly resistance- 122.5 -> 150

&#x200B;

https://preview.redd.it/bjr5eq9j0xba1.png?width=620&format=png&auto=webp&v=enabled&s=efa6b0ce3ceb442b0201e4d2f51ac019af670ed3

Taking a look at the VIX… This is officially the lowest level the VIX has touched and closed below since 1/13/22… exactly one year ago today. 

The VIX has absolutely without a care in the world unwound. I still believe the VIX Is not a great metric anymore for making plays and I do not think that the pervious trend and previous ways we have used the VIX to trade SPY is valid anymore…

With that being said IF the bulls can continue the momentum on SPY we very well could see the VIX tract back in the 15s for the first time since 2021. My red zone on the VIX is 16.6 to 19.7. This is previous where the VIX has bottomed out all of 2022 before the next leg down for SPY has started. Highlighted by the blue arrows you can see every time previously it touched 19.6 or below we reversed and started the next leg down on SPY. 

So the question which I posed back up in the beginning is this… are we trading within a neutral/ bull market again and effectively will find ourselves using different technical than we did for all of 2022 OR are we still in the bear market and the previous trends/ technical from 2022 will remain valid…

IF you believe we are leaving bear market territory then we should continue to see the VIX unwind. Why? Well the VIX essentially measure fear… how does it measure that? Well it measures it by how many people are hedging with puts (aka downside protection). The more people with puts the higher the VIX goes. As you can see since October the VIX has steadily unwound and since the December CPI to present CPI we were trending down slightly but holding steady. Since the current CPI just printed we have unwound completely and even leading into it. 

So IF we believe bear market is over we SHOULD expect the VIX to return to its normal mean. Which prior to 2022 bear market would be 15 to 19.7 with a outliers above and below. Most of 2021 (after March) was spent within these two levels. We should effectively find the VIX holding at these levels and find SPY to trend slowly upwards. Remember we are not in a 2020 bull market/ QE market. 

However, IF you are on the side that we are STILL in the bear market and will remain there until 2023 is over or for at least the foreseeable future… then right now you are being presented with the opportunity to of a life time to start piling into puts. IF you believe this is the bottom of the VIX and that much like all of 2022 we will spike back to the 2022 bear market mean which is 23.8 to 28.3 then now is your buying opportunity. I would IF you are bearish and believe the earnings, FOMC and next CPI will start a bearish catalyst and bearish dump in the markets… I would recommend some March or June puts right here… 

&#x200B;

https://preview.redd.it/ua2iz7uj0xba1.png?width=975&format=png&auto=webp&v=enabled&s=30f357e9bd1c9992a9acb2633d4dfee4c45bf2d0

That leaves me… where am I at? What is my prediction? I remain under the conviction that we will for most of 2023 and possibly even into 2024 depending on the economy, recession, FOMC, CPI, etc. etc. trade within this 375.6 to 408.8 channel… I believe we will see the occasional outlier at 360 to 428 but any touches there will be short lived. I honestly believe that the bottom IS IN… I do think that 348.11 on October 10th WAS the bottom and will remain the bottom for the foreseeable future. 

The only thing that in my opinion would change my mind on that is IF we were to see back to back to back bearish catalysts. Bears are going to need the perfect end of January into February bear storm… they are going to need to see two weeks straight of big tech and heavily weighted companies miss on earnings AND give poor guidance, we also are going to need JPOW to have a backbone and give one last 50bps hike, after that bears need to see a rebound in CPI (especially CORE). This would be three big bearish catalysts from January 23rd until February 14th. That is 4-5 weeks of catalysts that COULD drive the narrative downward. 

If you remember the SPY cycle above I mentioned that the final leg down of this current bear cycle would end the end of February and COULD reach as low as the 330s. 

Personally I believe at some point we are going to get enough of a run and momentum to break through 417.74. That level is what signals that we are BACK in a bull market. However, I do not think we will just slow climb back to ATHs. I think 2023 and possibly even 2024 depending on what happens with the economy, recession, CPI, etc. etc. etc. will be very much so range bound. 

I also would not be shocked to see hedgies rally us just hard enough and just convincing enough over that bull market line to trap people in calls and pull the final downside hedges off before we finally see the last leg down put in. 

Also you have to remember that historically the bottom bottom comes AFTER the FED pivots… While we DID slow rate hikes from 75bps to 50bps and COULD slow to 25bps here in February… we have NOT officially pivoted until we get a 0bps… That at max will come at the March 22nd meeting. That means most likely if I had to guess the last leg down will be put in during the summer of 2023. The question is will we put in a new 52 week low or will we revisit the 360s and start the recovery. 

Something else that keeps me up at night (just kidding but it really makes me wonder) is that IF this truly is the bottom and this is truly just going to be range bound until we slowly start the next bull market… we have not had true capitulation… sure there was a few days in a row of huge sell offs in a row. Some really long streaks of red days in a row but I do not think we had capitulation. We also never got our VIX to 50+ Spike. The highest the VIX ever got was 38.94 on January 24th (very early on before we even were officially in a bear market). We also have not had a circuit breaker…. 

While there is no official requirement for VIX 40-50, a circuit breaker OR for capitulation (which could be seen as the VIX spiking or a circuit breaker)…. It would be very odd to see an official bear market like this without them. There was definitely some very convincing days in June that I would have thought had the potential though…. 

**Daily log-** 

&#x200B;

https://preview.redd.it/yxvkdzek0xba1.png?width=931&format=png&auto=webp&v=enabled&s=422119dbcf644577aaf609be69974d73145f5278

I unfortunately found myself on the wrong side of the news today with Tesla which of course being a 0dte resulted in a total loss. Today was my sons birthday and I was off most of the morning and by time I got back I just couldn’t find anything I really wanted to trade. Ended up taking a pretty sizeable red day today and unfortunately put my first red week of 2023 in too. 

Somethings I learned this week that I plan to implement going forward. 

This week is now the second week in a row where I had a great Monday and Tuesday and playing a major fed event like CPI or FOMC minutes has resulted in a significant loss. I used to play every major FED day (cpi, FOMC, FOMC minutes, unemployment data, etc. etc. etc.). However, the thing I am finding to become increasingly true is that I have been correct however the market has not reacted how I envisioned it too.. For example last week I played puts on Unemployment data expecting a full on -1% red open and I got the exact numbers in order to do that… and market algos decided that for the first time ever wages were more important than overall unemployment missing by a huge shot… Just like CPI my prediction for the actual CPI numbers was damn near perfect.. however, despite playing the highest probability play I could (a strangle) the markets decided on some of the best inflation numbers we have had yet to open flat. Going forward I am going to be stepping back from playing any big data days or big fed days. The risk to reward is just not there anymore. 

With that being said we have now reached some of the worst theta decay and IV crush that I have ever seen. 

IV crush- the one thing that an option player wants to see is HIGH IV after they are in a play… why? Because I high IV pumps premium prices AND means a huge move is expected… however, the issue lately on SPY is that the MM have priced spy options so damn well with premiums and IV that the reward side of the risk is very low. For example for the last two weeks now (especially this week) previous moves that would have netted 10-15% gains are barely netting 3-5% gains. I noticed this actually on a macro scale from about September until November previous scalps and level to level plays stopped paying as well.. Scalps used to be literal free money… as long as you had the direction correct and played the techncials correct you could net yourself a 15-20% win in literal seconds (think 3 seconds is my record)… however, now those same scalps are barely giving you 5% before premiums move against you. In addition with IV being so well priced when we do have huge data days the IV pumps so well on SPY that the move doesn’t give you anything. For example last week on that unemployment data I know some people played SPY calls and a near .8% move I believe it was on 0dte SPY contracts barely netted 30% on a swing play… a 0dte moving nearly 1% should EASILY be a 100%+ gain… 

The only plays lately that I find to be even worth while are weekend swings… I am not quite sure why (And I would love someone to chime in here… ) but I have noticed since thanksgiving weekend that every Friday into Monday (and especially into 3 day weekends) that the next DTE after the weekend IV drops into almost the single digits… however, nearly every single day of the week SPY has opened with an IV of 25-35%. For instance tonight the IV on 1/17 SPY puts and calls closed at 8.2% and 9.9%... that is incredibly low IV considering IV should open around 25-35% on Tuesday. The best risk to reward if you have very strong conviction for a move over the weeks comes in here… If I take a swing this is what I will look for is IV near 10-13% the day before and a VERY convincing technical move… otherwise the risk to reward on swings is shit again too…

Lastly is theta decay- I noticed that pretty much since November (when 0dte everyday started) the theta decay (and mind you there are other factors here but im just saying theta cause that’s what most call it when prems lose their value) has been extremely aggressive. For instance today… we had a VERY slow bull trend all day long moving us up. But the issue was that SPY would move up 50 cents -> immediately drop 40 cents -> move up 60 cents -> immediately drop 40 cents -> move up 50 cents -> immediately drop 75 cents -> move up 80 cents… etc etc etc… what effectively ended up happening is that every time we would push favorable you barely saw on a very short DTE (anything but 0dte) any profits, however, that move against you comes and by time price moves even more favorably in your direction your contracts value is less than it was at the same spot… I have noticed for the last 4 days this is exactly how premiums have moved pretty much all day long… I have barely most days been able to get any sort of sizeable win out of anything over 2dte because of this. And if you fail to take profits on the first push you are left either getting stopped out or left with even less profits the next time. 

Now add in this theta eating movement with the fact that we are seeing IV open at 35% and slowly all day long drop down to close out under 20% and well unless you have a VERY strong aggressive trend… 99% of the time you already lost just taking a trade.

We are in a very tough time to trade right now and honestly I do not forsee it getting any better. We have to weigh the risk to reward every single trade… we also have to accept that unless we see a big move coming and a bigger trend to play out that honestly you might find yourself sitting out some days and not even trading them. 

In the end its like I have said all of 2022… capital preservation is the number one goal until we truly are in our next QE fueled bull market. Until the markets slap that easy button again and we can open a 0dte at 945am in the direction of the trend and hold it with conviction until 3pm for a nice win… we are stuck in one of the hardest markets maybe ever to trade in. 

Have a good weekend guys.",166,94,https://www.reddit.com/r/wallstreetbets/comments/10bc8s6/are_the_bulls_or_bears_in_control_11323_spy_es/,Tesla price,"Are the bulls or bears in control… 1-13-23 SPY/ ES Futures and Tesla Weekly Market Recap and Analysis After the bulls had the perfect opportunity to take spy into the 400s yesterday with a great CPI print the bulls absolutely fumbled. With the opening this morning nearly 1% red many of us would have suspected that we were set up for a repeat of last CPI where we failed to break out and started a massive leg down. However, the bulls came back full force today with an impressive recovery to not only close green but to close higher than yesterday and to close back over the daily 200ema. So the question remains where are we? Where are we headed next? 

&#x200B;

https://preview.redd.it/a1o6kj4e0xba1.png?width=975&format=png&auto=webp&v=enabled&s=76bf80c45d07e3b412c6352c8f09095a06cb556d

**Daily time frame bull vs bear case** 

Bull case- today despite a massive retrace we established the daily 8ema as support once again. The daily 20ema has now crossed back over the daily 50ema, the daily ema crossed back over the daily 100ema also. IF this trend was to continue we could very well Tuesday end up with the daily 8, 20 and 50ema over the daily 100ema for the first time since January 2022. That’s correct… exactly one year ago (to the month) was the last time the daily 8, 20 and 50ema were crossed over the daily 100ema (currently at 390.5). The crossover is extremely bullish especially on that many time frames. 

The bulls broke spy back into the 390.1 to 405.3 channel and with out losing support of that 390.1 today when it was very possible we are finding ourselves looking for a push back to that 405.3 channel resistance. I mentioned last week that my pivot was 390.1 and if we hold over that we should look for upside. This is also the first closure over the daily 200ema since Decembers CPI. 

Bear case- despite the bullish appearance when we look at the last 4 days of trading have been very slow going. Most of these days have had an impressive sell off that and big morning volatility followed by a low volatility, low volume bull push. The momentum is definitely slowing. 

This is now the 7th time we have attempted to recover over the daily 200ema since August. Only two of those 6 previous times were we able to break through the daily 200ema without having a meaningful pullback. The first time we broke through it was in August with the help of CPI and the other time we broke straight through it was November 30th. If you remember that was the day JPOW did a interview and the markets roguely rallied 3% intraday. The days that immediately followed that resulted in a retrace. Actually looking back since January where we did lose the 200ema for the first time there are very few times we have broken straight through the 200ema unless we had a major catalyst (usually a fed day) when we tested the 200ema). 

There is also as I have mentioned since last week a cup and handle formed on the daily time frame that cup is represented by this blue rising wedge. If we lose that support (396 on Tuesday) we will see a retrace. Most cup and handles result in a 33% retrace which puts us down near 390-391 before we could see a bounce. That level is as you remember my pivot level. 

From a daily stand point bull to bear case… I favor bulls barely. 

&#x200B;

https://preview.redd.it/2tc35dne0xba1.png?width=975&format=png&auto=webp&v=enabled&s=b5126baf9dc63bcb81b1bde0c22824a7b61748d9

Lets take a look at the bull vs. bear case on the weekly. 

Now im trying to show this the best I can here with arrows but its tough cause it clutters the chart. No one will argue that 2022 was a bear market… however, while by a technical definition we are still in a bear market… the question remains will we trade line a bear market or will we trade like a bull/ neutral market. IF we are transitioning to a neutral/ bull market then we should see a push to a high followed by a retrace and then we should push to a new high (this is represented by the blue arrows). However, IF we are still in a bear market trend and the technical will follow as such then we look to the black arrows and will look for this week to be the short peak before the next leg down. 

&#x200B;

https://preview.redd.it/n2g0staf0xba1.png?width=975&format=png&auto=webp&v=enabled&s=cc4af825056419fe15ac14f2c132d906dc08e15d

The current bear market cycle (waves) is represented here in this chart… as you can see in general we start a leg down -> that is followed by about a 55.6% recovery -> followed by a 1.74x drop of the short peaks recovery -> followed by a 1.09x recover of the final drop. The average total drop from peak to trough is 18.6%. 

IF we are following the black arrows and IF we are still in a bear market trend and IF technical will follow we COULD see a total drop of 18.6% from the 410 peak the week of November 28th. That means we could see a low of 334 before this cycle is over… Total peak to trough bottom is about 61 days on average which would put us from the November 28th peak at about middle to end of February. 

If you believe we are still in a bear market and you believe in the cycles… now is your time to open march DTE puts… 

Bull case- from a weekly stand point here you can see that this is the first time we have closed a full candle body over the weekly 8/20ema since the week of December 5th. There also is a clear 8/20ema crossover. With the red channel I mentioned last week of 375.6 to 408.8 with 390.1 being our pivot… since we retook our 390.1 pivot point we SHOULD see a push to 408.8 before we see any meaningful retrace. The bulls also closed us over the weekly 50ema (by about 30 cents). Near 2022/23 bear market resistance is at 403.5 (1.2%) and officially ending the whole bear market is sitting at 417.74 (4.8%). Both are very within reach. 

If the bulls can break through 403.5 which is the new bear market resistance line I would effectively say the trend of higher lows and the bear cycle is over. 

Resistance levels- 398.5 -> 403.5 -> 408.8 -> 417.7 -> 427.5

Bear case- Despite what many are calling a bullish week we are actually seeing that bulls struggled almost all week long. The cycle analysis here says that from the now of 374.77 we should see a bout a 6.5% recovery which puts us at 399.13 before we would see the next leg down. The high of the week was exactly 399.1. If the bear market trend and cycles continue this was the short peak before the next leg down and bears are going to look for the next leg down of about 11.31% (353.9) within the next 17 days. 

With the banks this morning all giving pretty awful guidance and opening deep red (despite this intraday rally) we could look for big tech earnings which most of big tech will start presenting earnings the week of 1/23 to 1/27 and then more followed the week after. In addition on 2/1 we will have a FOMC meeting. Currently there is a 64% chance of a 25bps hike and a 36% chance of no bps hike at all… In my opinion the markets expecting a 36% chance of a 0bps is beyond insane and if and when jpow drops a 25bps or possibly a 50bps (he has said numerous times hes not ready to slow hikes).

&#x200B;

https://preview.redd.it/c46wygvf0xba1.png?width=975&format=png&auto=webp&v=enabled&s=18fd345e38645c2f52afcfdc347c990363b62f8e

Here is a flash back to a few things JPOW said at the last FOMC… now could this negative MoM CPI reading provoke him to slow hikes and do a 25bps? Its possible… however, with CORE MoM going up there is definitely a chance JPOW sticks with a 50bps… a 50bps would send the markets tumbling (much like June with the surprise 100bps leak). In addition IF JPOW says we will NOT pause after this February FOMC that also could send markets dumping… the final piece of the puzzle would be CPI in February… apparently the metrics for how they calculate CPI will be updated for this next release. If CPI rebounds that also would send markets in quite the spiral. 

In short bears wanna see: bad earnings -> FOMC bps -> CPI rebound

Supports for bulls to watch- 390.1 -> 383.1 -> 375.6

Am I bullish or bearish? Honestly im Switzerland right now… I have been trying to be a bull the last 3 weeks and have been let down every single time. The biggest issue with the current trend is that the way the technical are presenting themselves is that we are getting clear cut setups and by the time the set up displays itself the move is done and we reverse. There is a severe lack of continuation. 

I am going to be taking a break from swings for a while until we get more of a sense of direction. The risk to reward has severely dropped. 

&#x200B;

https://preview.redd.it/9p14qbbg0xba1.png?width=975&format=png&auto=webp&v=enabled&s=a8a94d474e99529aa76c9f09f1eeb6dca70e7684

Taking a look at the futures daily here the rising wedge is just beautiful. As someone who likes TA a lot… this is about as textbook of a rising wedge as there can be… realistically until we break the support of that rising wedge you should not be shorting this and I also with how tight the peak is do no think we should take a long here either. 

Futures the bulls for the 2nd day in a row closed over the daily 200ema. The last time that happened resulted in a -2.57% sell off.. 

&#x200B;

https://preview.redd.it/vyd2petg0xba1.png?width=975&format=png&auto=webp&v=enabled&s=a65c3b0b4e541be802cb1585e390aa185a4eb6f5

On the futures weekly chart we are actually trading within a pretty massive diamond pattern… for those who don’t remember a diamond pattern is essentially a massive breakout or breakdown pattern. 

Much like our 375.6 to 408.8 channel futes has its own 3770 to 4090 channel. With the pivot being 3920 and bulls this week closing us over it this SHOULD present an opportunity to test 4030 next week. IF bulls can break through 4090 then we very well could see a push to what im calling the channel extreme of 4280. However, IF the bulls were to lose 3920 this week then I would feel more confident that this is a fake peak and that we are going to see a drop back to 3770. 

Something to keep in mind is that the JPM collar call is at 4030 too… and puts are at 3600. 

&#x200B;

https://preview.redd.it/oxq7hr9h0xba1.png?width=975&format=png&auto=webp&v=enabled&s=f150f06ff7c24fba9cdf8bf82ef965e7f3a20329

Taking a look at Tesla let me tell you I was highly disappointed and got absolutely crushed playing calls on Tesla over night. The pattern looked beyond ripe for a huge breakout today and what happened? Well we got news that trumped the technical and caused it to go spiraling into the ground. Impressively Tesla managed to recover almost all of the loss before close. 

Effectively Tesla broke the black bull channel and broke through the rising wedge at the same time. 

https://preview.redd.it/om0vdlqh0xba1.png?width=975&format=png&auto=webp&v=enabled&s=f053502047caa781bce56b9cfad83cea2b6ee6fc

New Tesla daily looks something like this… we now have a new daily red rising wedge and a 3 day long black resistance line. We also have the blue bear channel stick intact. Despite the fact that we opened nearly 5% red we actually managed to rally and close back over the daily 8ema. This is now only the 2nd time that here has been 5 closes over the daily 8ema since September. IF we were to close a 6th candle over the daily 8ema this would be the first time since September for that to happen. 

Support- 118.2 (red rising wedge) -> 116.4 -> 113.2

Resistance- 120.9 (black resistance) -> 122.3 -> 126.4 -> 129.5 (red rising wedge and blue bear channel)

&#x200B;

https://preview.redd.it/5waq2l5i0xba1.png?width=975&format=png&auto=webp&v=enabled&s=28e92312d71222a166f655ca0397be64bad3ba72

On a weekly time frame we are actually forming a convincing V bottom here. This is now the 2nd week in a row to close higher. However as you can see we ended up closing right at that 122.4 resistance. 

So if we look at the last 3 weeks of trading 112.9 is clear support and 122.5 is clear resistance. We have essentially a 3 week and $10 long consolidation period here. The question is will the v bottom hold and we break out or is this a double top off 122.5 and we are headed lower…

We have two falling wedges here. We have the first black short term (Started in December) falling wedge that has a resistance of 112.8 for next week. That means unless tesla was to open -$10 Tuesday this falling wedge is broken. We also have the next falling red wedge at 124.2 for next week. If tesla can break through that level this wedge which dates back to September when this sell off began would effectively be broken. 

If we see Tesla break through both of these falling wedges I would feel fairly confident in a temporary bottom being put in and that we are going to see a bounce of some decent weight over the next few weeks. There is a case to see a rally into earnings which takes place on 1/23/23. If earnings were to come in friendly we could see a continuation rally, however, a miss on earnings is most likely going to result in the next leg down. 

Key weekly support- 118.7 -> 112.8 -> 102.1 -> 94.5

Key weekly resistance- 122.5 -> 150

&#x200B;

https://preview.redd.it/bjr5eq9j0xba1.png?width=620&format=png&auto=webp&v=enabled&s=efa6b0ce3ceb442b0201e4d2f51ac019af670ed3

Taking a look at the VIX… This is officially the lowest level the VIX has touched and closed below since 1/13/22… exactly one year ago today. 

The VIX has absolutely without a care in the world unwound. I still believe the VIX Is not a great metric anymore for making plays and I do not think that the pervious trend and previous ways we have used the VIX to trade SPY is valid anymore…

With that being said IF the bulls can continue the momentum on SPY we very well could see the VIX tract back in the 15s for the first time since 2021. My red zone on the VIX is 16.6 to 19.7. This is previous where the VIX has bottomed out all of 2022 before the next leg down for SPY has started. Highlighted by the blue arrows you can see every time previously it touched 19.6 or below we reversed and started the next leg down on SPY. 

So the question which I posed back up in the beginning is this… are we trading within a neutral/ bull market again and effectively will find ourselves using different technical than we did for all of 2022 OR are we still in the bear market and the previous trends/ technical from 2022 will remain valid…

IF you believe we are leaving bear market territory then we should continue to see the VIX unwind. Why? Well the VIX essentially measure fear… how does it measure that? Well it measures it by how many people are hedging with puts (aka downside protection). The more people with puts the higher the VIX goes. As you can see since October the VIX has steadily unwound and since the December CPI to present CPI we were trending down slightly but holding steady. Since the current CPI just printed we have unwound completely and even leading into it. 

So IF we believe bear market is over we SHOULD expect the VIX to return to its normal mean. Which prior to 2022 bear market would be 15 to 19.7 with a outliers above and below. Most of 2021 (after March) was spent within these two levels. We should effectively find the VIX holding at these levels and find SPY to trend slowly upwards. Remember we are not in a 2020 bull market/ QE market. 

However, IF you are on the side that we are STILL in the bear market and will remain there until 2023 is over or for at least the foreseeable future… then right now you are being presented with the opportunity to of a life time to start piling into puts. IF you believe this is the bottom of the VIX and that much like all of 2022 we will spike back to the 2022 bear market mean which is 23.8 to 28.3 then now is your buying opportunity. I would IF you are bearish and believe the earnings, FOMC and next CPI will start a bearish catalyst and bearish dump in the markets… I would recommend some March or June puts right here… 

&#x200B;

https://preview.redd.it/ua2iz7uj0xba1.png?width=975&format=png&auto=webp&v=enabled&s=30f357e9bd1c9992a9acb2633d4dfee4c45bf2d0

That leaves me… where am I at? What is my prediction? I remain under the conviction that we will for most of 2023 and possibly even into 2024 depending on the economy, recession, FOMC, CPI, etc. etc. trade within this 375.6 to 408.8 channel… I believe we will see the occasional outlier at 360 to 428 but any touches there will be short lived. I honestly believe that the bottom IS IN… I do think that 348.11 on October 10th WAS the bottom and will remain the bottom for the foreseeable future. 

The only thing that in my opinion would change my mind on that is IF we were to see back to back to back bearish catalysts. Bears are going to need the perfect end of January into February bear storm… they are going to need to see two weeks straight of big tech and heavily weighted companies miss on earnings AND give poor guidance, we also are going to need JPOW to have a backbone and give one last 50bps hike, after that bears need to see a rebound in CPI (especially CORE). This would be three big bearish catalysts from January 23rd until February 14th. That is 4-5 weeks of catalysts that COULD drive the narrative downward. 

If you remember the SPY cycle above I mentioned that the final leg down of this current bear cycle would end the end of February and COULD reach as low as the 330s. 

Personally I believe at some point we are going to get enough of a run and momentum to break through 417.74. That level is what signals that we are BACK in a bull market. However, I do not think we will just slow climb back to ATHs. I think 2023 and possibly even 2024 depending on what happens with the economy, recession, CPI, etc. etc. etc. will be very much so range bound. 

I also would not be shocked to see hedgies rally us just hard enough and just convincing enough over that bull market line to trap people in calls and pull the final downside hedges off before we finally see the last leg down put in. 

Also you have to remember that historically the bottom bottom comes AFTER the FED pivots… While we DID slow rate hikes from 75bps to 50bps and COULD slow to 25bps here in February… we have NOT officially pivoted until we get a 0bps… That at max will come at the March 22nd meeting. That means most likely if I had to guess the last leg down will be put in during the summer of 2023. The question is will we put in a new 52 week low or will we revisit the 360s and start the recovery. 

Something else that keeps me up at night (just kidding but it really makes me wonder) is that IF this truly is the bottom and this is truly just going to be range bound until we slowly start the next bull market… we have not had true capitulation… sure there was a few days in a row of huge sell offs in a row. Some really long streaks of red days in a row but I do not think we had capitulation. We also never got our VIX to 50+ Spike. The highest the VIX ever got was 38.94 on January 24th (very early on before we even were officially in a bear market). We also have not had a circuit breaker…. 

While there is no official requirement for VIX 40-50, a circuit breaker OR for capitulation (which could be seen as the VIX spiking or a circuit breaker)…. It would be very odd to see an official bear market like this without them. There was definitely some very convincing days in June that I would have thought had the potential though…. 

**Daily log-** 

&#x200B;

https://preview.redd.it/yxvkdzek0xba1.png?width=931&format=png&auto=webp&v=enabled&s=422119dbcf644577aaf609be69974d73145f5278

I unfortunately found myself on the wrong side of the news today with Tesla which of course being a 0dte resulted in a total loss. Today was my sons birthday and I was off most of the morning and by time I got back I just couldn’t find anything I really wanted to trade. Ended up taking a pretty sizeable red day today and unfortunately put my first red week of 2023 in too. 

Somethings I learned this week that I plan to implement going forward. 

This week is now the second week in a row where I had a great Monday and Tuesday and playing a major fed event like CPI or FOMC minutes has resulted in a significant loss. I used to play every major FED day (cpi, FOMC, FOMC minutes, unemployment data, etc. etc. etc.). However, the thing I am finding to become increasingly true is that I have been correct however the market has not reacted how I envisioned it too.. For example last week I played puts on Unemployment data expecting a full on -1% red open and I got the exact numbers in order to do that… and market algos decided that for the first time ever wages were more important than overall unemployment missing by a huge shot… Just like CPI my prediction for the actual CPI numbers was damn near perfect.. however, despite playing the highest probability play I could (a strangle) the markets decided on some of the best inflation numbers we have had yet to open flat. Going forward I am going to be stepping back from playing any big data days or big fed days. The risk to reward is just not there anymore. 

With that being said we have now reached some of the worst theta decay and IV crush that I have ever seen. 

IV crush- the one thing that an option player wants to see is HIGH IV after they are in a play… why? Because I high IV pumps premium prices AND means a huge move is expected… however, the issue lately on SPY is that the MM have priced spy options so damn well with premiums and IV that the reward side of the risk is very low. For example for the last two weeks now (especially this week) previous moves that would have netted 10-15% gains are barely netting 3-5% gains. I noticed this actually on a macro scale from about September until November previous scalps and level to level plays stopped paying as well.. Scalps used to be literal free money… as long as you had the direction correct and played the techncials correct you could net yourself a 15-20% win in literal seconds (think 3 seconds is my record)… however, now those same scalps are barely giving you 5% before premiums move against you. In addition with IV being so well priced when we do have huge data days the IV pumps so well on SPY that the move doesn’t give you anything. For example last week on that unemployment data I know some people played SPY calls and a near .8% move I believe it was on 0dte SPY contracts barely netted 30% on a swing play… a 0dte moving nearly 1% should EASILY be a 100%+ gain… 

The only plays lately that I find to be even worth while are weekend swings… I am not quite sure why (And I would love someone to chime in here… ) but I have noticed since thanksgiving weekend that every Friday into Monday (and especially into 3 day weekends) that the next DTE after the weekend IV drops into almost the single digits… however, nearly every single day of the week SPY has opened with an IV of 25-35%. For instance tonight the IV on 1/17 SPY puts and calls closed at 8.2% and 9.9%... that is incredibly low IV considering IV should open around 25-35% on Tuesday. The best risk to reward if you have very strong conviction for a move over the weeks comes in here… If I take a swing this is what I will look for is IV near 10-13% the day before and a VERY convincing technical move… otherwise the risk to reward on swings is shit again too…

Lastly is theta decay- I noticed that pretty much since November (when 0dte everyday started) the theta decay (and mind you there are other factors here but im just saying theta cause that’s what most call it when prems lose their value) has been extremely aggressive. For instance today… we had a VERY slow bull trend all day long moving us up. But the issue was that SPY would move up 50 cents -> immediately drop 40 cents -> move up 60 cents -> immediately drop 40 cents -> move up 50 cents -> immediately drop 75 cents -> move up 80 cents… etc etc etc… what effectively ended up happening is that every time we would push favorable you barely saw on a very short DTE (anything but 0dte) any profits, however, that move against you comes and by time price moves even more favorably in your direction your contracts value is less than it was at the same spot… I have noticed for the last 4 days this is exactly how premiums have moved pretty much all day long… I have barely most days been able to get any sort of sizeable win out of anything over 2dte because of this. And if you fail to take profits on the first push you are left either getting stopped out or left with even less profits the next time. 

Now add in this theta eating movement with the fact that we are seeing IV open at 35% and slowly all day long drop down to close out under 20% and well unless you have a VERY strong aggressive trend… 99% of the time you already lost just taking a trade.

We are in a very tough time to trade right now and honestly I do not forsee it getting any better. We have to weigh the risk to reward every single trade… we also have to accept that unless we see a big move coming and a bigger trend to play out that honestly you might find yourself sitting out some days and not even trading them. 

In the end its like I have said all of 2022… capital preservation is the number one goal until we truly are in our next QE fueled bull market. Until the markets slap that easy button again and we can open a 0dte at 945am in the direction of the trend and hold it with conviction until 3pm for a nice win… we are stuck in one of the hardest markets maybe ever to trade in. 

Have a good weekend guys."
TSLA_009,10bh03e,wallstreetbets,2023-01-14 05:56:44,Tesla price drop to hit tax credit will not end well,,0,7,https://www.reddit.com/r/wallstreetbets/comments/10bh03e/tesla_price_drop_to_hit_tax_credit_will_not_end/,Tesla price,Tesla price drop to hit tax credit will not end well
TSLA_009,10cgrbc,wallstreetbets,2023-01-15 10:40:45,Markets can stay irrational longer than you can stay solvent: TSLA Case,"I recently went to look into Tesla's current price action and analyzed its Fair Value based on its current fundamentals and market environment. With the use of DCF and other evaluation methods, I [estimated](https://www.reddit.com/r/ValueInvesting/comments/10b64p5/tsla_tesla_evaluation_fundamental_analysis/?utm_source=share&utm_medium=web2x&context=3) Tesla **per share fair value of 83 dollars**, with 20% error margin in both uptrend and downtrend. It is hard to know when the market will discount out all the hype, dreams and lunacy. It might be next week, next month or next year.

There are many risks and treats to the company than its strengths and opportunities. Bagholders and dreamers are keeping the price up with the narrative that the firm is a Tech company, which it isn't.

Its P/E is way inflated than its peers. Other developments in the company is more like a side quest to attract investors and try to disguise itself as a Tech Company. Strangely, Tesla's Management is unloading heavily share and cashing in retailers' money into their pocket.

https://preview.redd.it/urb5ez9cq6ca1.png?width=1719&format=png&auto=webp&v=enabled&s=fd7e3b1099b1fc608220bd3ddc9fb99992e31df2

Musk himself said that the company was overvalued when the shares were trading at $50. That explains all the insiders selling. [The tweet source](https://twitter.com/elonmusk/status/1256239815256797184?lang=en)

https://preview.redd.it/0blozxb2q6ca1.png?width=594&format=png&auto=webp&v=enabled&s=1e900e8ce444930a2e6b2e784aa94afcbd7816f1

Most of all, we can see that TSLA is a typical example of how the Market Cycle develops, we are approaching the end of the ""**Anxiety**"" phase, and we can already see ""**Denial**"" phase beginning.

https://preview.redd.it/gqlqzilrp6ca1.png?width=1080&format=png&auto=webp&v=enabled&s=3e0e7d234584caab0c399b7fa9447791e63287f6

Knowing this, i will Short Tesla with 800 shares using Knockout Warrants with strike price at $127.56. It is a risky play of which i am willing to take, in the worst case, i gain experience. High risk, high rewards. Statistically, I have a 7% standard deviation and high probability . *Note that the graph under here displays weekly price movements from 2010 and not the daily.*

https://preview.redd.it/gj98yihqp6ca1.png?width=642&format=png&auto=webp&v=enabled&s=b7056c8f9f2a620fdf00fe5a4d92863cfbe6b07d

**Wish me luck guys.**",175,189,https://www.reddit.com/r/wallstreetbets/comments/10cgrbc/markets_can_stay_irrational_longer_than_you_can/,Tesla price,"Markets can stay irrational longer than you can stay solvent: TSLA Case I recently went to look into Tesla's current price action and analyzed its Fair Value based on its current fundamentals and market environment. With the use of DCF and other evaluation methods, I [estimated](https://www.reddit.com/r/ValueInvesting/comments/10b64p5/tsla_tesla_evaluation_fundamental_analysis/?utm_source=share&utm_medium=web2x&context=3) Tesla **per share fair value of 83 dollars**, with 20% error margin in both uptrend and downtrend. It is hard to know when the market will discount out all the hype, dreams and lunacy. It might be next week, next month or next year.

There are many risks and treats to the company than its strengths and opportunities. Bagholders and dreamers are keeping the price up with the narrative that the firm is a Tech company, which it isn't.

Its P/E is way inflated than its peers. Other developments in the company is more like a side quest to attract investors and try to disguise itself as a Tech Company. Strangely, Tesla's Management is unloading heavily share and cashing in retailers' money into their pocket.

https://preview.redd.it/urb5ez9cq6ca1.png?width=1719&format=png&auto=webp&v=enabled&s=fd7e3b1099b1fc608220bd3ddc9fb99992e31df2

Musk himself said that the company was overvalued when the shares were trading at $50. That explains all the insiders selling. [The tweet source](https://twitter.com/elonmusk/status/1256239815256797184?lang=en)

https://preview.redd.it/0blozxb2q6ca1.png?width=594&format=png&auto=webp&v=enabled&s=1e900e8ce444930a2e6b2e784aa94afcbd7816f1

Most of all, we can see that TSLA is a typical example of how the Market Cycle develops, we are approaching the end of the ""**Anxiety**"" phase, and we can already see ""**Denial**"" phase beginning.

https://preview.redd.it/gqlqzilrp6ca1.png?width=1080&format=png&auto=webp&v=enabled&s=3e0e7d234584caab0c399b7fa9447791e63287f6

Knowing this, i will Short Tesla with 800 shares using Knockout Warrants with strike price at $127.56. It is a risky play of which i am willing to take, in the worst case, i gain experience. High risk, high rewards. Statistically, I have a 7% standard deviation and high probability . *Note that the graph under here displays weekly price movements from 2010 and not the daily.*

https://preview.redd.it/gj98yihqp6ca1.png?width=642&format=png&auto=webp&v=enabled&s=b7056c8f9f2a620fdf00fe5a4d92863cfbe6b07d

**Wish me luck guys.**"
TSLA_009,10cwyst,wallstreetbets,2023-01-15 22:26:51,Is TSLA a buy?,"Two years ago, it was pretty clear that Tesla was overvalued. Its P/E ratio was significantly higher than its competitors. In fact, the company was worth more than General Motors, Ford, and Toyota combined. Tesla seemed poised to eventually compete with the established automakers but investors seemed to think that Tesla would eventually become a monopoly. Tesla did better than expected in 2020 but it seemed like investors overshot the new reality. And it seems like I was right to be fearful when investors were greedy on TSLA.

From two years ago, the stock has gone down by 58.27%. The P/E ratio is now 37.78. The thing to note about Tesla is that it's really a tech stock and it should be treated as such. Tech stocks tend to have higher P/E ratios because investors anticipate higher revenue growth. Another thing worth noting is that while the stock price has fallen, earnings have gone up. In 2020, Tesla made roughly $31.5 billion with $6.6 billion in gross profit and just under $2 billion in operating income. Over the past 12 months, Tesla has made $74.8 billion in revenue, $19.9 in gross profit, and $12.5 billion in operating income. The P/E ratio is much higher in Tesla than its competitors which is 2-10. However, compared to other tech companies, Tesla is rather tame. Amazon is at 89.2. Even its competitor, Walmart, is at 44.7.

Tesla has much higher growth potential than its competitors, being a first mover in electric vehicles. Its competitors are largely well established and are not growing as quickly as Tesla. Tesla has already established itself as an EV brand. The question is whether its competitors can make the switch towards electric vehicles to hold their own against Tesla.",0,236,https://www.reddit.com/r/wallstreetbets/comments/10cwyst/is_tsla_a_buy/,Tesla price,"Is TSLA a buy? Two years ago, it was pretty clear that Tesla was overvalued. Its P/E ratio was significantly higher than its competitors. In fact, the company was worth more than General Motors, Ford, and Toyota combined. Tesla seemed poised to eventually compete with the established automakers but investors seemed to think that Tesla would eventually become a monopoly. Tesla did better than expected in 2020 but it seemed like investors overshot the new reality. And it seems like I was right to be fearful when investors were greedy on TSLA.

From two years ago, the stock has gone down by 58.27%. The P/E ratio is now 37.78. The thing to note about Tesla is that it's really a tech stock and it should be treated as such. Tech stocks tend to have higher P/E ratios because investors anticipate higher revenue growth. Another thing worth noting is that while the stock price has fallen, earnings have gone up. In 2020, Tesla made roughly $31.5 billion with $6.6 billion in gross profit and just under $2 billion in operating income. Over the past 12 months, Tesla has made $74.8 billion in revenue, $19.9 in gross profit, and $12.5 billion in operating income. The P/E ratio is much higher in Tesla than its competitors which is 2-10. However, compared to other tech companies, Tesla is rather tame. Amazon is at 89.2. Even its competitor, Walmart, is at 44.7.

Tesla has much higher growth potential than its competitors, being a first mover in electric vehicles. Its competitors are largely well established and are not growing as quickly as Tesla. Tesla has already established itself as an EV brand. The question is whether its competitors can make the switch towards electric vehicles to hold their own against Tesla."
TSLA_009,10ajuo0,teslamotors,2023-01-13 03:27:20,Tesla Model Y prices adjusted to qualify for Federal Tax credit until March 2023,,1,0,https://twitter.com/milmilebattery/status/1613738136009310211?s=42&t=y-2wr-ZTghZzP_7Db63Hng,Tesla price,Tesla Model Y prices adjusted to qualify for Federal Tax credit until March 2023
TSLA_009,10ajwxp,teslamotors,2023-01-13 03:30:19,Tesla drops prices across the board,,1,0,,Tesla price,Tesla drops prices across the board
TSLA_009,10ajxo9,teslamotors,2023-01-13 03:31:15,Tesla Drops Prices Across the Board for All Vehicles,,1,1,https://www.reddit.com/r/TeslaLounge/comments/10ajidp/tesla_drops_prices_across_the_board_for_all/?utm_source=share&utm_medium=android_app&utm_name=androidcss&utm_term=1&utm_content=share_button,Tesla price,Tesla Drops Prices Across the Board for All Vehicles
TSLA_009,10ak2ro,teslamotors,2023-01-13 03:38:04,Tesla significantly drops price of Model 3/Y in the US!,,1,2,https://twitter.com/sawyermerritt/status/1613740973342838784?s=46&t=VWeRJs7rZ2X1rP4k_LLseg,Tesla price,Tesla significantly drops price of Model 3/Y in the US!
TSLA_009,10ak8cd,teslamotors,2023-01-13 03:45:40,Tesla has reduced their car prices MASSIVELY in the US. Changes (Model Y now qualifies for the EV tax credit),,1,1,https://twitter.com/SawyerMerritt/status/1613740973342838784?t=tAbxgpb4fXAXHZhv_gjw1Q&s=19,Tesla price,Tesla has reduced their car prices MASSIVELY in the US. Changes (Model Y now qualifies for the EV tax credit)
TSLA_009,10ak8ou,teslamotors,2023-01-13 03:46:10,MASSIVE price cuts for all Tesla models,,1,1,,Tesla price,MASSIVE price cuts for all Tesla models
TSLA_009,10akaf2,teslamotors,2023-01-13 03:48:40,Tesla Massive Price Drops in USA,,1,2,https://twitter.com/SawyerMerritt/status/1613740973342838784,Tesla price,Tesla Massive Price Drops in USA
TSLA_009,10akblt,teslamotors,2023-01-13 03:50:18,Seems Tesla is responding to the new tax credits by slashing prices on the Model Y to make sure it qualifies!,,1,0,https://i.redd.it/6bw6q6qzxrba1.jpg,Tesla price,Seems Tesla is responding to the new tax credits by slashing prices on the Model Y to make sure it qualifies!
TSLA_009,10akdo6,teslamotors,2023-01-13 03:53:00,"Did Tesla just drop the US Model Y LR 5 Seater price to qualify for the tax credit? - Now $52,990",,1,0,,Tesla price,"Did Tesla just drop the US Model Y LR 5 Seater price to qualify for the tax credit? - Now $52,990"
TSLA_009,10akekb,teslamotors,2023-01-13 03:54:16,Tesla drops prices across the board,,1,1,https://i.redd.it/6w58ji8pyrba1.jpg,Tesla price,Tesla drops prices across the board
TSLA_009,10akhhx,teslamotors,2023-01-13 03:58:20,Tesla drops prices of Model 3 and Model Y!,,1,1,,Tesla price,Tesla drops prices of Model 3 and Model Y!
TSLA_009,10akjol,teslamotors,2023-01-13 04:00:52,Tesla Price Drops!!!,,1,1,https://twitter.com/sawyermerritt/status/1613740973342838784?s=46&t=2EszsSx2m1Dl6-e8ZFZkxg,Tesla price,Tesla Price Drops!!!
TSLA_009,10akkcj,teslamotors,2023-01-13 04:01:40,"Tesla Drops Prices of Model 3/Y and Model S/X By Up to $20,000 in U.S.",,1,1,https://teslanorth.com/2023/01/12/tesla-drops-prices-of-model-3-y-and-model-s-x-by-up-to-20000-in-u-s/,Tesla price,"Tesla Drops Prices of Model 3/Y and Model S/X By Up to $20,000 in U.S."
TSLA_009,10aklzv,teslamotors,2023-01-13 04:03:57,Massive Tesla Price Drops,,1,0,,Tesla price,Massive Tesla Price Drops
TSLA_009,10akphu,teslamotors,2023-01-13 04:08:48,Tesla drops prices in US,,1,1,https://i.redd.it/ae5r1kka1sba1.jpg,Tesla price,Tesla drops prices in US
TSLA_009,10akq1k,teslamotors,2023-01-13 04:09:35,"Tesla has reduced the price of all 4680 Model Y Standard Range AWDs in inventory to $50,990 (from $63,990, a 20.3% drop). This means after the new $7,500 EV credit, it costs $43,490.",,1,1,,Tesla price,"Tesla has reduced the price of all 4680 Model Y Standard Range AWDs in inventory to $50,990 (from $63,990, a 20.3% drop). This means after the new $7,500 EV credit, it costs $43,490."
TSLA_009,10akqzv,teslamotors,2023-01-13 04:10:49,Tesla significantly reduces prices in US on Model 3 and Model Y per Sawyer Merritt via Twitter,,1,2,https://twitter.com/SawyerMerritt/status/1613740973342838784?cxt=HHwWgMC-ubC3lOUsAAAA,Tesla price,Tesla significantly reduces prices in US on Model 3 and Model Y per Sawyer Merritt via Twitter
TSLA_009,10akv1o,teslamotors,2023-01-13 04:16:22,Tesla cuts prices across the entire lineup in the US,,1,0,,Tesla price,Tesla cuts prices across the entire lineup in the US
TSLA_009,10akxz7,teslamotors,2023-01-13 04:20:22,"Tesla has reduced their car prices MASSIVELY in the US. Changes: • Model 3 RWD: $43,990 (from $46,990, a 6.4% drop) • Model 3 P: $53,990 ($62,990, 14.2% drop) • Model Y Long Range: $52,990 (from $65,990, a 20% drop) • Model Y P: $56,990 (from $69,990, a 23% drop)",,1,1,https://twitter.com/sawyermerritt/status/1613740973342838784?s=46&t=daTtEcphMIbM5IlUYEaBtg,Tesla price,"Tesla has reduced their car prices MASSIVELY in the US. Changes: • Model 3 RWD: $43,990 (from $46,990, a 6.4% drop) • Model 3 P: $53,990 ($62,990, 14.2% drop) • Model Y Long Range: $52,990 (from $65,990, a 20% drop) • Model Y P: $56,990 (from $69,990, a 23% drop)"
TSLA_009,10akxzg,teslamotors,2023-01-13 04:20:23,Tesla Slashes Y and 3 prices in the US,,1,0,https://www.reddit.com/gallery/10akxzg,Tesla price,Tesla Slashes Y and 3 prices in the US
TSLA_009,10al00r,teslamotors,2023-01-13 04:23:01,TESLA REDUCES MODEL 3 PRICES BY 14.2% & MODEL Y PRICES BY 23%,,1,3,,Tesla price,TESLA REDUCES MODEL 3 PRICES BY 14.2% & MODEL Y PRICES BY 23%
TSLA_009,10al24y,teslamotors,2023-01-13 04:25:48,I feel betrayed by Tesla and it's price change.,,1,1,https://i.redd.it/zuq2kypb4sba1.jpg,Tesla price,I feel betrayed by Tesla and it's price change.
TSLA_009,10ante7,teslamotors,2023-01-13 06:52:02,massive tesla price cut!,,1,1,https://i.redd.it/v7svvszeusba1.jpg,Tesla price,massive tesla price cut!
TSLA_009,10aosh5,teslamotors,2023-01-13 07:51:53,Is there a master thread for class action against Tesla for those who were promised 12/31/2022 delivery but due to Tesla logistics issues didn’t get the vehicle until Jan 2023 and tesla clawed back the $7500 discount? Now extra pissed due to the price cut.,,1,0,https://i.redd.it/cpe4r7c35tba1.jpg,Tesla price,Is there a master thread for class action against Tesla for those who were promised 12/31/2022 delivery but due to Tesla logistics issues didn’t get the vehicle until Jan 2023 and tesla clawed back the $7500 discount? Now extra pissed due to the price cut.
TSLA_009,10aqj81,teslamotors,2023-01-13 09:43:09,Tesla prices have dropped today in the UK as well,,1,2,https://cardealermagazine.co.uk/publish/tesla-slashes-price-of-model-3-and-y-in-move-that-will-damage-used-prices-further/277651,Tesla price,Tesla prices have dropped today in the UK as well
TSLA_009,10at2f4,teslamotors,2023-01-13 12:13:13,Tesla has dropped prices for the Model Y and 3 in the US.,,1,1,https://www.tesla.com/modely/design,Tesla price,Tesla has dropped prices for the Model Y and 3 in the US.
TSLA_009,10au0to,teslamotors,2023-01-13 13:02:43,Tesla reduces prices by up to 20% in the United States and Europe,,1,1,https://www.fikrikadim.com/2023/01/13/tesla-reduces-prices-by-up-to-20-in-the-united-states-and-europe/,Tesla price,Tesla reduces prices by up to 20% in the United States and Europe
TSLA_009,10b8mr7,teslamotors,2023-01-13 23:12:14,Tesla slashes prices globally by as much as 20 percent,,1,1,https://www.aljazeera.com/economy/2023/1/13/tesla-slashes-prices-globally-by-as-much-as-20,Tesla price,Tesla slashes prices globally by as much as 20 percent
TSLA_009,10bgn15,teslamotors,2023-01-14 05:36:15,https://www.change.org/p/tesla-price-drop-and-injustice-on-market-value-to-the-q4-2022-buyers/dashboard,,0,53,https://www.change.org/p/tesla-price-drop-and-injustice-on-market-value-to-the-q4-2022-buyers/dashboard,Tesla price,https://www.change.org/p/tesla-price-drop-and-injustice-on-market-value-to-the-q4-2022-buyers/dashboard
TSLA_009,10c10d7,teslamotors,2023-01-14 21:49:08,When was the last time tesla dropped price? Was it all in one go or in increments?,,1,1,https://i.redd.it/rn26jsodf4ca1.jpg,Tesla price,When was the last time tesla dropped price? Was it all in one go or in increments?
TSLA_009,10c80zo,teslamotors,2023-01-15 02:26:36,"Hey people, curious to know if I should get a third party CCS adapter like the Lectron on left side, or get a OEM one from Tesla on the right side . The price is different but in terms of performance and quality and reliability which one would you guys recommend? this would be for a 2022 model 3",,1,0,,Tesla price,"Hey people, curious to know if I should get a third party CCS adapter like the Lectron on left side, or get a OEM one from Tesla on the right side . The price is different but in terms of performance and quality and reliability which one would you guys recommend? this would be for a 2022 model 3"
TSLA_009,10capvb,teslamotors,2023-01-15 04:41:12,"Recent price drops, incentive implications, and understanding the runway for Tesla. (United States)",,1,2,https://i.redd.it/cs5x567tw4ca1.png,Tesla price,"Recent price drops, incentive implications, and understanding the runway for Tesla. (United States)"
TSLA_009,10cqc7n,teslamotors,2023-01-15 18:04:40,"Why Rivian, GM, and Ford Stocks Fell on Tesla’s Price Drop News",,1,1,,Tesla price,"Why Rivian, GM, and Ford Stocks Fell on Tesla’s Price Drop News"
TSLA_009,10cqe3m,teslamotors,2023-01-15 18:06:43,"Why Rivian, GM, and Ford Stocks Fell on Tesla’s Price Drop News",,1,0,,Tesla price,"Why Rivian, GM, and Ford Stocks Fell on Tesla’s Price Drop News"
TSLA_009,10cqegf,teslamotors,2023-01-15 18:07:07,"Why Rivian, GM, and Ford Stocks Fell on Tesla’s Price Drop News",,1,0,,Tesla price,"Why Rivian, GM, and Ford Stocks Fell on Tesla’s Price Drop News"
TSLA_009,10cw65j,teslamotors,2023-01-15 21:54:53,"For those who took delivery right before the massive price cuts, sign this to ask for compensation from tesla- compensation meaning super charging miles, EHA and/or FSD",,1,1,https://chng.it/psHT2pKB27,Tesla price,"For those who took delivery right before the massive price cuts, sign this to ask for compensation from tesla- compensation meaning super charging miles, EHA and/or FSD"
TSLA_009,10dff3u,teslamotors,2023-01-16 14:07:14,Why you should NOT Buy a Tesla even though the Prices have dropped! (this may annoy lots in here),,1,1,https://youtu.be/Ubejc4U5AJU,Tesla price,Why you should NOT Buy a Tesla even though the Prices have dropped! (this may annoy lots in here)
TSLA_009,10dsm9d,teslamotors,2023-01-16 21:25:05,Unhappy about Tesla price drop? Take action,,1,0,https://www.nytimes.com/2022/12/19/business/tesla-class-action-lawsuit-arbitration.html,Tesla price,Unhappy about Tesla price drop? Take action
TSLA_009,10epxsw,teslamotors,2023-01-17 22:38:53,Tesla Price Cut's Impact To The Auto Market With Cory Steuben of Munro Live,,56,51,https://youtu.be/Vx-BpSCypjU,Tesla price,Tesla Price Cut's Impact To The Auto Market With Cory Steuben of Munro Live
