event_id,post_id,subreddit,created_date,title,selftext,score,num_comments,url,search_query,text
TSLA_011,1c8edwe,teslainvestorsclub,2024-04-20 02:00:32,"Long-running Thread - April 20, 2024"," This thread is to discuss more in-depth news, opinions, analysis on anything that is relevant to $TSLA and/or Tesla as a business in the longer term, including important news about Tesla competitors.

Do not use this thread to talk or post about daily stock price movements, short-term trading strategies, results, gifs and memes, use the Daily thread(s) for that.",5,0,https://www.reddit.com/r/teslainvestorsclub/comments/1c8edwe/longrunning_thread_april_20_2024/,Tesla price,"Long-running Thread - April 20, 2024  This thread is to discuss more in-depth news, opinions, analysis on anything that is relevant to $TSLA and/or Tesla as a business in the longer term, including important news about Tesla competitors.

Do not use this thread to talk or post about daily stock price movements, short-term trading strategies, results, gifs and memes, use the Daily thread(s) for that."
TSLA_011,1c8od64,teslainvestorsclub,2024-04-20 12:05:12,Tesla has cut the price of the model Y (again) in the US for all Model Y trims by $2000. ,,1,0,https://www.reddit.com/r/teslainvestorsclub/comments/1c8od64/tesla_has_cut_the_price_of_the_model_y_again_in/,Tesla price,Tesla has cut the price of the model Y (again) in the US for all Model Y trims by $2000.
TSLA_011,1c8ogeh,teslainvestorsclub,2024-04-20 12:10:14,Tesla has cut the price for all Model Y trims by $2000 in the US. ,,1,0,https://www.reddit.com/r/teslainvestorsclub/comments/1c8ogeh/tesla_has_cut_the_price_for_all_model_y_trims_by/,Tesla price,Tesla has cut the price for all Model Y trims by $2000 in the US.
TSLA_011,1c9cvhm,teslainvestorsclub,2024-04-21 08:24:05,Tesla cuts prices across its entire lineup in China,,49,16,https://cnevpost.com/2024/04/21/tesla-cuts-prices-entire-lineup-in-china/,Tesla price,Tesla cuts prices across its entire lineup in China
TSLA_011,1c9kmes,teslainvestorsclub,2024-04-21 15:27:55,"Tesla lowers price of 'Full Self-Driving' to $8,000, down from $12,000",Is it me or does it feel like a lot of the recent changes which there have been many of these past couple of weeks seem to be being made off the cuff without  a lot of thought?,224,271,https://electrek.co/2024/04/21/tesla-lowers-price-of-full-self-driving-to-8000-down-from-12000/,Tesla price,"Tesla lowers price of 'Full Self-Driving' to $8,000, down from $12,000 Is it me or does it feel like a lot of the recent changes which there have been many of these past couple of weeks seem to be being made off the cuff without  a lot of thought?"
TSLA_011,1c9lngq,teslainvestorsclub,2024-04-21 16:10:07,Fresh round of global price cuts ...,"Everything is on sale ...

&#x200B;

**Tesla cuts US prices of Models Y, X, S by $2,000**  
[https://www.reuters.com/business/autos-transportation/tesla-cuts-us-prices-models-y-x-s-by-2000-2024-04-20](https://www.reuters.com/business/autos-transportation/tesla-cuts-us-prices-models-y-x-s-by-2000-2024-04-20)

*Tesla cut the U.S. prices of its Model Y, Model X and Model S vehicles by $2,000 each on Friday, days after the first-quarter deliveries of the world's most valuable automaker missed market expectations.*  
  
*Elon Musk's electric-vehicle (EV) maker lowered the prices for its Model Y base variant to $42,990, while the long-range and performance variants are now priced at $47,990 and $51,490, respectively, according to its website.*  
  
*The basic version of the Model S now costs $72,990 and its plaid variant $87,990. The Model X base variant now costs $77,990 and its plaid variant is priced at $92,900.*  
  
*Tesla North America also said in a post on X said it would end its referral program benefits in all markets after April 30.*  
  
*Referral program allows buyers to get extra incentives through referrals from existing customers, a strategy long used by traditional automakers to boost sales.*  
  
*Musk has postponed a planned trip to India where he was to meet Prime Minister Narendra Modi and announce plans to enter the South Asian market, Reuters reported on Saturday.*  
  
*On Monday Reuters reported, citing an internal memo, that the EV maker was laying off more than 10% of its global workforce.*  
  
*Earlier this month Reuters reported the EV maker had canceled a long-promised inexpensive car, expected to cost $25,000, that investors had been counting on to drive mass-market growth.*  
  
*The EV maker reported this month that its global vehicle deliveries in the first quarter fell for the first time in nearly four years, as price cuts failed to stir demand.*  
  
*Tesla is to report first-quarter earnings on Tuesday.*

&#x200B;

**Tesla cuts prices nearly $2,000 in China, in line with US cuts**  
[https://www.reuters.com/business/autos-transportation/tesla-cuts-prices-across-its-line-up-china-2024-04-21](https://www.reuters.com/business/autos-transportation/tesla-cuts-prices-across-its-line-up-china-2024-04-21)

*Tesla has cut prices by nearly $2,000 across its models in China, after price cuts in the United States, as it grapples with falling sales and an intensifying price war for electric vehicles (EVs), especially against cheaper Chinese EVs.*  
  
*Elon Musk's EV maker cut the starting price of the revamped Model 3 in China by 14,000 yuan ($1,930) to 231,900 yuan ($32,000), its official website showed on Sunday.*  
  
*Tesla made similar cuts to the Model Y starting price, now 249,900 yuan, the regular version of the Model S to 684,900 yuan and the Model S Plaid to 814,900 yuan. The regular Model X now costs 724,900 yuan and its plaid variant 824,900 yuan.*  
  
*The carmaker on Friday cut U.S. prices of its Model Y, Model X and Model S vehicles by $2,000. On Saturday it slashed the price of its Full Self-Driving driver assistant software to $8,000 from $12,000 in the United States.*  
  
*Tesla reported this month that its global vehicle deliveries in the first quarter fell for the first time in nearly four years, as price cuts failed to stir demand.*  
  
*The EV maker has been slow to refresh its ageing models as high interest rates have sapped consumer appetite for big-ticket items, while rivals in China, the world's largest auto market, are rolling out cheaper models.*  
  
*Musk postponed a planned trip this weekend to India, where he was to have met Prime Minister Narendra Modi, citing obligations at Tesla. The trip was to have included the announcement of plans for Tesla to enter the South Asian market, Reuters has reported on Saturday.*  
  
*Musk said last Monday that Tesla will lay off more than 10% of its global workforce as the automaker is bracing for its first annual drop in deliveries.*  
  
*The announcement came after Reuters reported on April 5 that Tesla had scrapped its plan to develop its long-awaited affordable EV in favour of robotaxis. Musk posted that ""Reuters is lying"" after the report, without citing any inaccuracies. He has not spoken further about the model, leaving investors clamouring for clarity.*  
  
*Tesla shares fell 40.8% so far this year.*  
  
*Since late 2022, Tesla ignited a price war as Musk pursued volume growth at the expense of margins.*

&#x200B;

**Tesla cuts prices of some models in Germany and Europe**  
[https://www.reuters.com/business/autos-transportation/tesla-cuts-prices-some-models-germany-europe-2024-04-21](https://www.reuters.com/business/autos-transportation/tesla-cuts-prices-some-models-germany-europe-2024-04-21)

*Tesla is cutting prices of some models in Germany and elsewhere in Europe, the Middle East and Africa, a spokesperson said on Sunday.*  
  
*The move comes as the company unveiled price cuts over the weekend in China and in the United States.*  
  
*In Germany, the carmaker trimmed the price of its Model 3 rear wheel drive to 40,990 euros ($43,670) from 42,990 euros, where the price has been since February.*",45,73,https://www.reddit.com/r/teslainvestorsclub/comments/1c9lngq/fresh_round_of_global_price_cuts/,Tesla price,"Fresh round of global price cuts ... Everything is on sale ...

&#x200B;

**Tesla cuts US prices of Models Y, X, S by $2,000**  
[https://www.reuters.com/business/autos-transportation/tesla-cuts-us-prices-models-y-x-s-by-2000-2024-04-20](https://www.reuters.com/business/autos-transportation/tesla-cuts-us-prices-models-y-x-s-by-2000-2024-04-20)

*Tesla cut the U.S. prices of its Model Y, Model X and Model S vehicles by $2,000 each on Friday, days after the first-quarter deliveries of the world's most valuable automaker missed market expectations.*  
  
*Elon Musk's electric-vehicle (EV) maker lowered the prices for its Model Y base variant to $42,990, while the long-range and performance variants are now priced at $47,990 and $51,490, respectively, according to its website.*  
  
*The basic version of the Model S now costs $72,990 and its plaid variant $87,990. The Model X base variant now costs $77,990 and its plaid variant is priced at $92,900.*  
  
*Tesla North America also said in a post on X said it would end its referral program benefits in all markets after April 30.*  
  
*Referral program allows buyers to get extra incentives through referrals from existing customers, a strategy long used by traditional automakers to boost sales.*  
  
*Musk has postponed a planned trip to India where he was to meet Prime Minister Narendra Modi and announce plans to enter the South Asian market, Reuters reported on Saturday.*  
  
*On Monday Reuters reported, citing an internal memo, that the EV maker was laying off more than 10% of its global workforce.*  
  
*Earlier this month Reuters reported the EV maker had canceled a long-promised inexpensive car, expected to cost $25,000, that investors had been counting on to drive mass-market growth.*  
  
*The EV maker reported this month that its global vehicle deliveries in the first quarter fell for the first time in nearly four years, as price cuts failed to stir demand.*  
  
*Tesla is to report first-quarter earnings on Tuesday.*

&#x200B;

**Tesla cuts prices nearly $2,000 in China, in line with US cuts**  
[https://www.reuters.com/business/autos-transportation/tesla-cuts-prices-across-its-line-up-china-2024-04-21](https://www.reuters.com/business/autos-transportation/tesla-cuts-prices-across-its-line-up-china-2024-04-21)

*Tesla has cut prices by nearly $2,000 across its models in China, after price cuts in the United States, as it grapples with falling sales and an intensifying price war for electric vehicles (EVs), especially against cheaper Chinese EVs.*  
  
*Elon Musk's EV maker cut the starting price of the revamped Model 3 in China by 14,000 yuan ($1,930) to 231,900 yuan ($32,000), its official website showed on Sunday.*  
  
*Tesla made similar cuts to the Model Y starting price, now 249,900 yuan, the regular version of the Model S to 684,900 yuan and the Model S Plaid to 814,900 yuan. The regular Model X now costs 724,900 yuan and its plaid variant 824,900 yuan.*  
  
*The carmaker on Friday cut U.S. prices of its Model Y, Model X and Model S vehicles by $2,000. On Saturday it slashed the price of its Full Self-Driving driver assistant software to $8,000 from $12,000 in the United States.*  
  
*Tesla reported this month that its global vehicle deliveries in the first quarter fell for the first time in nearly four years, as price cuts failed to stir demand.*  
  
*The EV maker has been slow to refresh its ageing models as high interest rates have sapped consumer appetite for big-ticket items, while rivals in China, the world's largest auto market, are rolling out cheaper models.*  
  
*Musk postponed a planned trip this weekend to India, where he was to have met Prime Minister Narendra Modi, citing obligations at Tesla. The trip was to have included the announcement of plans for Tesla to enter the South Asian market, Reuters has reported on Saturday.*  
  
*Musk said last Monday that Tesla will lay off more than 10% of its global workforce as the automaker is bracing for its first annual drop in deliveries.*  
  
*The announcement came after Reuters reported on April 5 that Tesla had scrapped its plan to develop its long-awaited affordable EV in favour of robotaxis. Musk posted that ""Reuters is lying"" after the report, without citing any inaccuracies. He has not spoken further about the model, leaving investors clamouring for clarity.*  
  
*Tesla shares fell 40.8% so far this year.*  
  
*Since late 2022, Tesla ignited a price war as Musk pursued volume growth at the expense of margins.*

&#x200B;

**Tesla cuts prices of some models in Germany and Europe**  
[https://www.reuters.com/business/autos-transportation/tesla-cuts-prices-some-models-germany-europe-2024-04-21](https://www.reuters.com/business/autos-transportation/tesla-cuts-prices-some-models-germany-europe-2024-04-21)

*Tesla is cutting prices of some models in Germany and elsewhere in Europe, the Middle East and Africa, a spokesperson said on Sunday.*  
  
*The move comes as the company unveiled price cuts over the weekend in China and in the United States.*  
  
*In Germany, the carmaker trimmed the price of its Model 3 rear wheel drive to 40,990 euros ($43,670) from 42,990 euros, where the price has been since February.*"
TSLA_011,1c9zuf6,teslainvestorsclub,2024-04-22 02:40:59,Pay Elon for a pandemic? ,"The one and only reason that Tesla hit the market cap, revenue, and EBITDA targets of Elon’s compensation package is the COVID-19 pandemic. The associated stimulus, savings, and boosted discretionary spending drove a massive, unsustainable spike in demand. 

During this period, Tesla had a nearly 1-year backlog, and temporarily jacked up prices (exactly like the sleazy auto dealers). 

For example, Model Y LR-AWD went from $51,000k pre-pandemic to $65,990 during (30% increase). Now relatively back in line with pre-pandemic pricing at $47,990. Plaid price gouging was even more dramatic and egregious. 

The impact of pandemic stimulus, savings, and discretionary spending shift away from experiences to possessions was temporary, though lagging. Now, this macro economic phenomenon has come to an abrupt end. 

This demand cliff will be even more drastic as the brand’s reputation has been tarnished. Both due to Elon’s edgelord twitter rampage that alienated Tesla’s target customer demographic of middle and upper income  educated liberals, and the proliferating opinion that Tesla build quality is shit - further reinforced by the cybertruck recall. It doesn’t matter how few trucks had been rolled out, the headline sticks. 

Tesla revenue will likely decline for the foreseeable future (next 3-4 quarters), and may struggle to exceed the historical peak for 1-2 years. Margins will never come close, and will only be pressured by tightening competition.


Restoring the package means paying the man for a pandemic and the associated macro-economic insanity. Anything within his actual control did more harm than good. The package should exclude the period 2020-2024, and we’ll see how many targets he hits from 2025 on. 

Also, blood bath coming next week as everyone realizes how rough the road ahead really is. 




 

",0,37,https://www.reddit.com/r/teslainvestorsclub/comments/1c9zuf6/pay_elon_for_a_pandemic/,Tesla price,"Pay Elon for a pandemic?  The one and only reason that Tesla hit the market cap, revenue, and EBITDA targets of Elon’s compensation package is the COVID-19 pandemic. The associated stimulus, savings, and boosted discretionary spending drove a massive, unsustainable spike in demand. 

During this period, Tesla had a nearly 1-year backlog, and temporarily jacked up prices (exactly like the sleazy auto dealers). 

For example, Model Y LR-AWD went from $51,000k pre-pandemic to $65,990 during (30% increase). Now relatively back in line with pre-pandemic pricing at $47,990. Plaid price gouging was even more dramatic and egregious. 

The impact of pandemic stimulus, savings, and discretionary spending shift away from experiences to possessions was temporary, though lagging. Now, this macro economic phenomenon has come to an abrupt end. 

This demand cliff will be even more drastic as the brand’s reputation has been tarnished. Both due to Elon’s edgelord twitter rampage that alienated Tesla’s target customer demographic of middle and upper income  educated liberals, and the proliferating opinion that Tesla build quality is shit - further reinforced by the cybertruck recall. It doesn’t matter how few trucks had been rolled out, the headline sticks. 

Tesla revenue will likely decline for the foreseeable future (next 3-4 quarters), and may struggle to exceed the historical peak for 1-2 years. Margins will never come close, and will only be pressured by tightening competition.


Restoring the package means paying the man for a pandemic and the associated macro-economic insanity. Anything within his actual control did more harm than good. The package should exclude the period 2020-2024, and we’ll see how many targets he hits from 2025 on. 

Also, blood bath coming next week as everyone realizes how rough the road ahead really is."
TSLA_011,1cb5ior,teslainvestorsclub,2024-04-23 14:05:42,Latest weekly insurance registration data in Mainland China [23 April 2024],"With reference to the latest weekly insurance registration data released in Mainland China today, around 13,300 units of Tesla were registered between 01 April 2024 and 21 April 2024 (i.e. first three weeks of 2024Q2) - that's equivalent to 55.2% YoY decline.  
If we add on the delivery numbers published by China Passenger Car Association for 2024Q1, YoY decline would be 12.8%.

||2023|2024|YoY Change|
|:-|:-|:-|:-|
|January to March sub-total|137,429|132,420|\-3.64%|
|Week 14 to 16 sub-total|29,700|13,300|\-55.22%|
|YTD total|167,129|145,720|\-12.81%|

That being said, the significant drop in weekly insurance registration number is reaffirming the demand issue, rather than the production bottleneck ......  
On the other hand, when we compare with the domestic delivery record set out in 2023Q2 and 1H2023 (i.e. 156,676 and 294,105), Tesla has to deliver around 143,300 / 148,300 vehicles in Mainland China in the remaining ten weeks of 2024Q2, so as to maintain a flat YoY performance. Let's see if the recent price cut strategy works ......

  
For related analyses and statistics, please read

**Actual deliveries in Mainland China for 2024Q1 \[09 April 2024\]**

[https://new.reddit.com/r/teslainvestorsclub/comments/1bzonka/actual\_deliveries\_in\_mainland\_china\_for\_2024q1](https://new.reddit.com/r/teslainvestorsclub/comments/1bzonka/actual_deliveries_in_mainland_china_for_2024q1)",12,35,https://www.reddit.com/r/teslainvestorsclub/comments/1cb5ior/latest_weekly_insurance_registration_data_in/,Tesla price,"Latest weekly insurance registration data in Mainland China [23 April 2024] With reference to the latest weekly insurance registration data released in Mainland China today, around 13,300 units of Tesla were registered between 01 April 2024 and 21 April 2024 (i.e. first three weeks of 2024Q2) - that's equivalent to 55.2% YoY decline.  
If we add on the delivery numbers published by China Passenger Car Association for 2024Q1, YoY decline would be 12.8%.

||2023|2024|YoY Change|
|:-|:-|:-|:-|
|January to March sub-total|137,429|132,420|\-3.64%|
|Week 14 to 16 sub-total|29,700|13,300|\-55.22%|
|YTD total|167,129|145,720|\-12.81%|

That being said, the significant drop in weekly insurance registration number is reaffirming the demand issue, rather than the production bottleneck ......  
On the other hand, when we compare with the domestic delivery record set out in 2023Q2 and 1H2023 (i.e. 156,676 and 294,105), Tesla has to deliver around 143,300 / 148,300 vehicles in Mainland China in the remaining ten weeks of 2024Q2, so as to maintain a flat YoY performance. Let's see if the recent price cut strategy works ......

  
For related analyses and statistics, please read

**Actual deliveries in Mainland China for 2024Q1 \[09 April 2024\]**

[https://new.reddit.com/r/teslainvestorsclub/comments/1bzonka/actual\_deliveries\_in\_mainland\_china\_for\_2024q1](https://new.reddit.com/r/teslainvestorsclub/comments/1bzonka/actual_deliveries_in_mainland_china_for_2024q1)"
TSLA_011,1c9qktm,stocks,2024-04-21 19:37:38,"Tesla cuts prices nearly $2,000 in China, in line with U.S. cuts","Tesla has cut prices by nearly $2,000 across its models in China, after price cuts in the United States, as it grapples with falling sales and an intensifying price war for electric vehicles (EVs), especially against cheaper Chinese EVs.

Elon Musk’s EV maker cut the starting price of the revamped Model 3 in China by 14,000 yuan ($1,930) to 231,900 yuan, its official website showed on Sunday.

Tesla made similar cuts to the Model Y starting price, now 249,900 yuan, the regular version of the Model S to 684,900 yuan and the Model S Plaid to 814,900 yuan. The regular Model X now costs 724,900 yuan and its plaid variant 824,900 yuan.

The carmaker on Friday cut U.S. prices of its Model Y, Model X and Model S vehicles by $2,000. On Saturday it slashed the price of its Full Self-Driving driver assistant software to $8,000 from $12,000 in the United States.

Tesla reported this month that its global vehicle deliveries in the first quarter fell for the first time in nearly four years, as price cuts failed to stir demand.

The EV maker has been slow to refresh its ageing models as high interest rates have sapped consumer appetite for big-ticket items, while rivals in China, the world’s largest auto market, are rolling out cheaper models.

Musk postponed a planned trip this weekend to India, where he was to have met Prime Minister Narendra Modi, citing obligations at Tesla. The trip was to have included the announcement of plans for Tesla to enter the South Asian market, Reuters has reported on Saturday.

Musk said last Monday that Tesla will lay off more than 10% of its global workforce as the automaker is bracing for its first annual drop in deliveries.

The announcement came after Reuters reported on April 5 that Tesla had scrapped its plan to develop its long-awaited affordable EV in favour of robotaxis. Musk posted that “Reuters is lying” after the report, without citing any inaccuracies. He has not spoken further about the model, leaving investors clamouring for clarity.

Tesla shares fell 40.8% so far this year.

Since late 2022, Tesla ignited a price war as Musk pursued volume growth at the expense of margins.

Source: https://www.cnbc.com/2024/04/21/tesla-cuts-prices-nearly-2000-in-china-in-line-with-us-cuts.html",635,192,https://www.reddit.com/r/stocks/comments/1c9qktm/tesla_cuts_prices_nearly_2000_in_china_in_line/,Tesla price,"Tesla cuts prices nearly $2,000 in China, in line with U.S. cuts Tesla has cut prices by nearly $2,000 across its models in China, after price cuts in the United States, as it grapples with falling sales and an intensifying price war for electric vehicles (EVs), especially against cheaper Chinese EVs.

Elon Musk’s EV maker cut the starting price of the revamped Model 3 in China by 14,000 yuan ($1,930) to 231,900 yuan, its official website showed on Sunday.

Tesla made similar cuts to the Model Y starting price, now 249,900 yuan, the regular version of the Model S to 684,900 yuan and the Model S Plaid to 814,900 yuan. The regular Model X now costs 724,900 yuan and its plaid variant 824,900 yuan.

The carmaker on Friday cut U.S. prices of its Model Y, Model X and Model S vehicles by $2,000. On Saturday it slashed the price of its Full Self-Driving driver assistant software to $8,000 from $12,000 in the United States.

Tesla reported this month that its global vehicle deliveries in the first quarter fell for the first time in nearly four years, as price cuts failed to stir demand.

The EV maker has been slow to refresh its ageing models as high interest rates have sapped consumer appetite for big-ticket items, while rivals in China, the world’s largest auto market, are rolling out cheaper models.

Musk postponed a planned trip this weekend to India, where he was to have met Prime Minister Narendra Modi, citing obligations at Tesla. The trip was to have included the announcement of plans for Tesla to enter the South Asian market, Reuters has reported on Saturday.

Musk said last Monday that Tesla will lay off more than 10% of its global workforce as the automaker is bracing for its first annual drop in deliveries.

The announcement came after Reuters reported on April 5 that Tesla had scrapped its plan to develop its long-awaited affordable EV in favour of robotaxis. Musk posted that “Reuters is lying” after the report, without citing any inaccuracies. He has not spoken further about the model, leaving investors clamouring for clarity.

Tesla shares fell 40.8% so far this year.

Since late 2022, Tesla ignited a price war as Musk pursued volume growth at the expense of margins.

Source: https://www.cnbc.com/2024/04/21/tesla-cuts-prices-nearly-2000-in-china-in-line-with-us-cuts.html"
TSLA_011,1ca7th4,stocks,2024-04-22 11:01:39,"Tesla slides 3% in premarket, Li Auto sinks 8% as EV makers slash prices amid fierce competition","**Tesla slides 3% in premarket, Li Auto sinks 8% as EV makers slash prices amid fierce competition**  
[https://www.cnbc.com/2024/04/22/tesla-shares-slide-li-auto-sinks-as-ev-makers-slash-prices.html](https://www.cnbc.com/2024/04/22/tesla-shares-slide-li-auto-sinks-as-ev-makers-slash-prices.html)

  
*KEY POINTS*

* *Tesla reportedly cut the starting price of its Model 3 in China to 231,900 yuan ($32,000) on Sunday, a reduction of 14,000 yuan.*
* *Chinese rival, Li Auto, also cut prices for its models, including the L7, L8, L9, and the newly launched MEGA SUV.*
* *Hong Kong-listed shares of Li Auto plummeted to an 11-month low Monday.*

  
*Tesla shares sank in premarket trading on Monday, while China’s Li Auto plummeted to an 11-month low, after both companies slashed prices of their electric vehicles in various markets amid intense competition.*  
*U.S. EV giant Tesla cut the starting price of its Model 3 in China to 231,900 yuan ($32,000) on Sunday, a reduction of 14,000 yuan, as reported by Reuters. The report also said it had slashed prices in other major markets, like Germany.*  
*Meanwhile, Li Auto cut prices for its models, including the L7, L8, L9, and the newly launched MEGA SUV, it said on its Weibo account on Monday. The cuts for the models were reportedly up to 30,000 yuan.*  
*Checks by CNBC of both Tesla and Li Auto websites on Monday showed their vehicles were listed at the updated prices.*  
*Hong Kong-listed shares of Li Auto fell 8.3% to their lowest level in 11 months during the Monday session, while shares of other Chinese EV makers also fell — Nio was down 1.7%, Xpeng off 1.9% and BYD down 0.2%.*  
*These price reductions come at a time when competition in China’s EV space has intensified, with local automakers pushing to outsell U.S. rival Tesla with fancy tech and competitive pricing.*  
*Eugene Hsiao, head of China equity strategy at Macquarie Group, said in a research note over the weekend that all of China’s biggest EV makers have one goal in mind — “taking the crown from Tesla,” while noting that it is the most competitive domestic auto market in recent history.*  
*Hsiao said the price discounts were just one facet of a variety of strategies that big EV players in China are using to survive “the coming wave of industry consolidation.”*  
*Chinese smartphone maker Xiaomi launched its SU7 electric car earlier this month and priced it at about $4,000 less than Tesla’s Model 3. The company also claimed the new car would have a longer driving range.*",343,87,https://www.reddit.com/r/stocks/comments/1ca7th4/tesla_slides_3_in_premarket_li_auto_sinks_8_as_ev/,Tesla price,"Tesla slides 3% in premarket, Li Auto sinks 8% as EV makers slash prices amid fierce competition **Tesla slides 3% in premarket, Li Auto sinks 8% as EV makers slash prices amid fierce competition**  
[https://www.cnbc.com/2024/04/22/tesla-shares-slide-li-auto-sinks-as-ev-makers-slash-prices.html](https://www.cnbc.com/2024/04/22/tesla-shares-slide-li-auto-sinks-as-ev-makers-slash-prices.html)

  
*KEY POINTS*

* *Tesla reportedly cut the starting price of its Model 3 in China to 231,900 yuan ($32,000) on Sunday, a reduction of 14,000 yuan.*
* *Chinese rival, Li Auto, also cut prices for its models, including the L7, L8, L9, and the newly launched MEGA SUV.*
* *Hong Kong-listed shares of Li Auto plummeted to an 11-month low Monday.*

  
*Tesla shares sank in premarket trading on Monday, while China’s Li Auto plummeted to an 11-month low, after both companies slashed prices of their electric vehicles in various markets amid intense competition.*  
*U.S. EV giant Tesla cut the starting price of its Model 3 in China to 231,900 yuan ($32,000) on Sunday, a reduction of 14,000 yuan, as reported by Reuters. The report also said it had slashed prices in other major markets, like Germany.*  
*Meanwhile, Li Auto cut prices for its models, including the L7, L8, L9, and the newly launched MEGA SUV, it said on its Weibo account on Monday. The cuts for the models were reportedly up to 30,000 yuan.*  
*Checks by CNBC of both Tesla and Li Auto websites on Monday showed their vehicles were listed at the updated prices.*  
*Hong Kong-listed shares of Li Auto fell 8.3% to their lowest level in 11 months during the Monday session, while shares of other Chinese EV makers also fell — Nio was down 1.7%, Xpeng off 1.9% and BYD down 0.2%.*  
*These price reductions come at a time when competition in China’s EV space has intensified, with local automakers pushing to outsell U.S. rival Tesla with fancy tech and competitive pricing.*  
*Eugene Hsiao, head of China equity strategy at Macquarie Group, said in a research note over the weekend that all of China’s biggest EV makers have one goal in mind — “taking the crown from Tesla,” while noting that it is the most competitive domestic auto market in recent history.*  
*Hsiao said the price discounts were just one facet of a variety of strategies that big EV players in China are using to survive “the coming wave of industry consolidation.”*  
*Chinese smartphone maker Xiaomi launched its SU7 electric car earlier this month and priced it at about $4,000 less than Tesla’s Model 3. The company also claimed the new car would have a longer driving range.*"
TSLA_011,1ca7y9s,stocks,2024-04-22 11:09:36,Elon Musk Settles SEC Fraud Charges; Tesla Charged With and Resolves Securities Law Charge,"# Settlement Requires Musk to Step Down as Tesla’s Chairman; Tesla to Appoint Additional Independent Directors; Tesla and Musk Agree to Pay $40 Million in Penalties

FOR IMMEDIATE RELEASE  
2018-226Washington D.C., Sept. 29, 2018 —

The Securities and Exchange Commission announced today that Elon Musk, CEO and Chairman of Silicon Valley-based Tesla Inc., has agreed to settle the securities fraud charge brought by the SEC against him last week.  The SEC also today charged Tesla with failing to have required disclosure controls and procedures relating to Musk’s tweets, a charge that Tesla has agreed to settle.  The settlements, which are subject to court approval, will result in comprehensive corporate governance and other reforms at Tesla—including Musk’s removal as Chairman of the Tesla board—and the payment by Musk and Tesla of financial penalties.

According to the SEC’s complaint against him, Musk tweeted on August 7, 2018 that he could take Tesla private at $420 per share — a substantial premium to its trading price at the time — that funding for the transaction had been secured, and that the only remaining uncertainty was a shareholder vote.  The SEC’s complaint alleged that, in truth, Musk knew that the potential transaction was uncertain and subject to numerous contingencies.  Musk had not discussed specific deal terms, including price, with any potential financing partners, and his statements about the possible transaction lacked an adequate basis in fact.  According to the SEC’s complaint, Musk’s misleading tweets caused Tesla’s stock price to jump by over six percent on August 7, and led to significant market disruption.

According to the SEC’s complaint against Tesla, despite notifying the market in 2013 that it intended to use Musk’s Twitter account as a means of announcing material information about Tesla and encouraging investors to review Musk’s tweets, Tesla had no disclosure controls or procedures in place to determine whether Musk’s tweets contained information required to be disclosed in Tesla’s SEC filings.  Nor did it have sufficient processes in place to that Musk’s tweets were accurate or complete.

Musk and Tesla have agreed to settle the charges against them without admitting or denying the SEC’s allegations.  Among other relief, the settlements require that:

* Musk will step down as Tesla’s Chairman and be replaced by an independent Chairman.  Musk will be ineligible to be re-elected Chairman for three years;
* Tesla will appoint a total of two new independent directors to its board;
* Tesla will establish a new committee of independent directors and put in place additional controls and procedures to oversee Musk’s communications;
* Musk and Tesla will each pay a separate $20 million penalty.  The $40 million in penalties will be distributed to harmed investors under a court-approved process. 

“The total package of remedies and relief announced today are specifically designed to address the misconduct at issue by strengthening Tesla’s corporate governance and oversight in order to protect investors,” said Stephanie Avakian, Co-Director of the SEC’s Enforcement Division. 

“As a result of the settlement, Elon Musk will no longer be Chairman of Tesla, Tesla’s board will adopt important reforms —including an obligation to oversee Musk’s communications with investors—and both will pay financial penalties,” added Steven Peikin, Co-Director of the SEC’s Enforcement Division.  “The resolution is intended to prevent further market disruption and harm to Tesla’s shareholders.”

The SEC’s investigation was conducted by Walker Newell, Brent Smyth, and Barrett Atwood and supervised by Steven Buchholz, Erin Schneider, and Jina Choi in the San Francisco Regional Office and Cheryl Crumpton in the SEC’s Home Office.

  
[SEC](https://www.sec.gov/news/press-release/2018-226)",0,3,https://www.reddit.com/r/stocks/comments/1ca7y9s/elon_musk_settles_sec_fraud_charges_tesla_charged/,Tesla price,"Elon Musk Settles SEC Fraud Charges; Tesla Charged With and Resolves Securities Law Charge # Settlement Requires Musk to Step Down as Tesla’s Chairman; Tesla to Appoint Additional Independent Directors; Tesla and Musk Agree to Pay $40 Million in Penalties

FOR IMMEDIATE RELEASE  
2018-226Washington D.C., Sept. 29, 2018 —

The Securities and Exchange Commission announced today that Elon Musk, CEO and Chairman of Silicon Valley-based Tesla Inc., has agreed to settle the securities fraud charge brought by the SEC against him last week.  The SEC also today charged Tesla with failing to have required disclosure controls and procedures relating to Musk’s tweets, a charge that Tesla has agreed to settle.  The settlements, which are subject to court approval, will result in comprehensive corporate governance and other reforms at Tesla—including Musk’s removal as Chairman of the Tesla board—and the payment by Musk and Tesla of financial penalties.

According to the SEC’s complaint against him, Musk tweeted on August 7, 2018 that he could take Tesla private at $420 per share — a substantial premium to its trading price at the time — that funding for the transaction had been secured, and that the only remaining uncertainty was a shareholder vote.  The SEC’s complaint alleged that, in truth, Musk knew that the potential transaction was uncertain and subject to numerous contingencies.  Musk had not discussed specific deal terms, including price, with any potential financing partners, and his statements about the possible transaction lacked an adequate basis in fact.  According to the SEC’s complaint, Musk’s misleading tweets caused Tesla’s stock price to jump by over six percent on August 7, and led to significant market disruption.

According to the SEC’s complaint against Tesla, despite notifying the market in 2013 that it intended to use Musk’s Twitter account as a means of announcing material information about Tesla and encouraging investors to review Musk’s tweets, Tesla had no disclosure controls or procedures in place to determine whether Musk’s tweets contained information required to be disclosed in Tesla’s SEC filings.  Nor did it have sufficient processes in place to that Musk’s tweets were accurate or complete.

Musk and Tesla have agreed to settle the charges against them without admitting or denying the SEC’s allegations.  Among other relief, the settlements require that:

* Musk will step down as Tesla’s Chairman and be replaced by an independent Chairman.  Musk will be ineligible to be re-elected Chairman for three years;
* Tesla will appoint a total of two new independent directors to its board;
* Tesla will establish a new committee of independent directors and put in place additional controls and procedures to oversee Musk’s communications;
* Musk and Tesla will each pay a separate $20 million penalty.  The $40 million in penalties will be distributed to harmed investors under a court-approved process. 

“The total package of remedies and relief announced today are specifically designed to address the misconduct at issue by strengthening Tesla’s corporate governance and oversight in order to protect investors,” said Stephanie Avakian, Co-Director of the SEC’s Enforcement Division. 

“As a result of the settlement, Elon Musk will no longer be Chairman of Tesla, Tesla’s board will adopt important reforms —including an obligation to oversee Musk’s communications with investors—and both will pay financial penalties,” added Steven Peikin, Co-Director of the SEC’s Enforcement Division.  “The resolution is intended to prevent further market disruption and harm to Tesla’s shareholders.”

The SEC’s investigation was conducted by Walker Newell, Brent Smyth, and Barrett Atwood and supervised by Steven Buchholz, Erin Schneider, and Jina Choi in the San Francisco Regional Office and Cheryl Crumpton in the SEC’s Home Office.

  
[SEC](https://www.sec.gov/news/press-release/2018-226)"
TSLA_011,1cbei70,stocks,2024-04-23 20:08:23,Tesla earnings are out — here are the numbers,"Tesla reported earnings after the bell. Here are the results.

Earnings per share: 45 cents adjusted vs. 51 cents per share expected by LSEG
Revenue: $21.30 billion vs. $22.15 billion expected by LSEG
Wall Street is projecting revenue will drop 5.1% from $23.33 billion a year earlier, which would mark the first year-over-year drop in sales since 2020, when the Covid-19 pandemic disrupted production.

Tesla shares have plummeted 42% this year on concerns about weak deliveries, competition in China and the company’s ongoing price cuts. Earlier this month, Tesla reported an 8.5% year-over-year decline in vehicle deliveries for the first quarter.

Elon Musk’s electric vehicle company is now facing heightened competition worldwide, with fully electric cars still in demand but sales growth in the segment slowing. Tesla and key rivals have been slashing EV prices, on and off for months, to try to spur demand.

Tesla embarked on a massive restructuring this month with two executives, Drew Baglino and Rohan Patel, resigning. Musk said last week in a companywide memo that the automaker was cutting more than 10% of its global workforce.

The layoffs and resignations followed a Reuters report that said Tesla would scrap plans to make a low-cost electric car in the near future, and instead focus on self-driving technology. While Musk initially balked at the report, he later said in a post on social media site X that Tesla would go “balls to the wall for autonomy.”

Musk has promised investors and customers a self-driving vehicle for years, but never delivered.

He is now saying there will be an unveiling of a Tesla robotaxi on Aug. 8, 2024. Unveiling events do not mean a vehicle is ready to be produced. For example, Tesla first unveiled a new version of its Roadster in December 2017, and has yet to produce the car.

Shareholders submitted and voted on questions for Tesla executives to answer ahead of Tuesday’s call. Submissions included a request for a “realistic timeline for launching a revenue-generating robotaxi network,” and a progress update on a “cheaper next-generation vehicle.”

A livestream of the earnings call is scheduled for 5:30 p.m. ET.

Source: https://www.cnbc.com/2024/04/23/tesla-tsla-earnings-q1-2024-.html",1601,780,https://www.reddit.com/r/stocks/comments/1cbei70/tesla_earnings_are_out_here_are_the_numbers/,Tesla price,"Tesla earnings are out — here are the numbers Tesla reported earnings after the bell. Here are the results.

Earnings per share: 45 cents adjusted vs. 51 cents per share expected by LSEG
Revenue: $21.30 billion vs. $22.15 billion expected by LSEG
Wall Street is projecting revenue will drop 5.1% from $23.33 billion a year earlier, which would mark the first year-over-year drop in sales since 2020, when the Covid-19 pandemic disrupted production.

Tesla shares have plummeted 42% this year on concerns about weak deliveries, competition in China and the company’s ongoing price cuts. Earlier this month, Tesla reported an 8.5% year-over-year decline in vehicle deliveries for the first quarter.

Elon Musk’s electric vehicle company is now facing heightened competition worldwide, with fully electric cars still in demand but sales growth in the segment slowing. Tesla and key rivals have been slashing EV prices, on and off for months, to try to spur demand.

Tesla embarked on a massive restructuring this month with two executives, Drew Baglino and Rohan Patel, resigning. Musk said last week in a companywide memo that the automaker was cutting more than 10% of its global workforce.

The layoffs and resignations followed a Reuters report that said Tesla would scrap plans to make a low-cost electric car in the near future, and instead focus on self-driving technology. While Musk initially balked at the report, he later said in a post on social media site X that Tesla would go “balls to the wall for autonomy.”

Musk has promised investors and customers a self-driving vehicle for years, but never delivered.

He is now saying there will be an unveiling of a Tesla robotaxi on Aug. 8, 2024. Unveiling events do not mean a vehicle is ready to be produced. For example, Tesla first unveiled a new version of its Roadster in December 2017, and has yet to produce the car.

Shareholders submitted and voted on questions for Tesla executives to answer ahead of Tuesday’s call. Submissions included a request for a “realistic timeline for launching a revenue-generating robotaxi network,” and a progress update on a “cheaper next-generation vehicle.”

A livestream of the earnings call is scheduled for 5:30 p.m. ET.

Source: https://www.cnbc.com/2024/04/23/tesla-tsla-earnings-q1-2024-.html"
TSLA_011,1c995cb,investing,2024-04-21 04:23:21,What if self driving takes over?,"Hey,

First of all. Do you think is it realistic that self driving takes over and becomes a normal thing?

With the progress of technology we’re really not that far, fsd 12.3.4 is doing really good and we probably full self driving will the need of a driver could be legal in the next 10-20 years.

If it does, we’ll be having an interesting shift of the economy.

TSLA : will actually be in the top 10; actually they’re selling the self driving as a subscription of 99$ monthly, imagine if every Tesla owner have this feature,

UBER : if Uber replace all drivers by self driving cars. They’ll be saving all payrolls and injecting it to develop other delivery business (could be drones delivery; maybe I went too far but it’s feasible).  There’s a lot of potential and whatever between 45$-55$ is a good buy price.

Thoughts? 💭 

",0,68,https://www.reddit.com/r/investing/comments/1c995cb/what_if_self_driving_takes_over/,Tesla price,"What if self driving takes over? Hey,

First of all. Do you think is it realistic that self driving takes over and becomes a normal thing?

With the progress of technology we’re really not that far, fsd 12.3.4 is doing really good and we probably full self driving will the need of a driver could be legal in the next 10-20 years.

If it does, we’ll be having an interesting shift of the economy.

TSLA : will actually be in the top 10; actually they’re selling the self driving as a subscription of 99$ monthly, imagine if every Tesla owner have this feature,

UBER : if Uber replace all drivers by self driving cars. They’ll be saving all payrolls and injecting it to develop other delivery business (could be drones delivery; maybe I went too far but it’s feasible).  There’s a lot of potential and whatever between 45$-55$ is a good buy price.

Thoughts? 💭"
TSLA_011,1c9xedc,investing,2024-04-22 00:34:55,The current price point of Tesla’s EVs won’t matter after Robotaxi is released. Robotaxi will hail the end of gas and beginning of EVs.,,1,1,https://www.reddit.com/r/investing/comments/1c9xedc/the_current_price_point_of_teslas_evs_wont_matter/,Tesla price,The current price point of Tesla’s EVs won’t matter after Robotaxi is released. Robotaxi will hail the end of gas and beginning of EVs.
TSLA_011,1c8ttpe,wallstreetbets,2024-04-20 16:17:57,CLEARANCE AS A SIGN OF BAD NUMBERS ON TESLA’S NEXT EARNINGS ANNOUNCEMENT?,"tesla price us: Tesla cuts prices of Model Y, Model X, Model S vehicles in US - The Economic Times https://m.economictimes.com/tech/technology/tesla-cuts-prices-of-model-y-model-x-model-s-vehicles-in-us/articleshow/109449284.cms",227,120,https://i.redd.it/0yo7r2iftnvc1.jpeg,Tesla price,"CLEARANCE AS A SIGN OF BAD NUMBERS ON TESLA’S NEXT EARNINGS ANNOUNCEMENT? tesla price us: Tesla cuts prices of Model Y, Model X, Model S vehicles in US - The Economic Times https://m.economictimes.com/tech/technology/tesla-cuts-prices-of-model-y-model-x-model-s-vehicles-in-us/articleshow/109449284.cms"
TSLA_011,1c8v6o1,wallstreetbets,2024-04-20 17:17:26,"Elon Musk’s succession at Tesla, who might be next?","Hello everyone,
In the past months I have been collecting several articles around the subject in the title.

Elon Musk has always identified with Tesla, and Tesla has always been identified with Musk. But  given the train wreck performance of the business (not discussing here the share price, but just the real numbers and figures of the car business), it might be nice to discuss the topic here:

- Elon was the one deciding for 2.5 million production capacity, and so far its factories are being utilised at 60-70% capacity, with this number going down after the recent layoffs
- this huge production overcapacity forced the hand of the pricing strategy, and after cutting prices globally for more than 15 months, Q1-2024 was the first big quarter of negative growth. Q2-2024 will have negative growth too (bookmakers are much better than the market, for Q2-2024 they are at 392k vs 480k from Wall Street; last Q2 Tesla sold 466k!)
- prices have been lowered again in the 🇺🇸, confusing even the stronger supporters of Elon
- AI investments have been more words than facts, and many executives from the Tesla chip department left in the recent months https://electrek.co/2023/12/07/tesla-head-dojo-supercomputer-out-over-issues-next-gen/
- China is the big profit center of Tesla, and in the most recent layoffs they have been firing much more workers there. If China dies, Tesla profits simply evaporates (here a link to a Chinese news https://www.eet-china.com/mp/a307257.html where it is said that GigaShanghai will cut production by 30%, with the decision that is really affecting many suppliers in the area since Tesla is their largest customer; Aside from that, Tesla China also cutting personnel in many dept by 30-40%. All Tesla stores seeing cuts)

Zhu in November 2022
The first one talking about Musk succession was the board member of Tesla, James Murdoch, in November 2022. When the stock was spiralling down and the name of Zhou came out, please note he is the number Two at Tesla https://www.reuters.com/technology/tesla-china-boss-zhu-promoted-global-role-company-posting-2023-01-03/

Here a general article on who Zhu is https://www.thewirechina.com/2023/02/26/tesla-tom-zhu/

The CFO in May 2023
The name of the then CFO was made in May 2023 on a newspaper (WSJ) controlled by the family of James Murdoch https://www.wsj.com/articles/tesla-executive-elon-musk-cfo-zach-kirkhorn-b1998ae7

Both the times the stock recovered and nothing happened to Elon. But note that the CFO was fired/resigned in August 2023, replaced by the Chief of Accounting (that is a red flag)

Since then, Elon was accused twice by the WSJ (newspaper of Murdoch) of being a drug addict 
- January 2024 https://www.wsj.com/business/elon-musk-illegal-drugs-e826a9e1
- February 2024 https://www.wsj.com/tech/elon-musk-tesla-money-drugs-board-61af9ac4 in this second one it is said that some Tesla BoD felt forced in consuming drugs with him/did not like this addiction of his, and resigned from the role for that reason

Of course Elon is a free man and he can do what he wants. But these two articles force us to ask several questions:
- why Elon/tesla did not sue the newspapers if the info were false?
- is then the drug addiction somehow related to the erratic pricing strategy and relentless sequence of extreme promises he has made so far ?
- what if some shareholders sue the BoD for lack of oversight asking to be refunded from their losses ? 
- does he really deserves a bonus if the BOD has never been independent ?

Several articles against Elon are questioning his leadership:
- Tesla chair under scrutiny for her oversight on Musk https://www.nytimes.com/2024/02/15/business/teslas-board-elon-musk-robyn-denholm.html
- does Tesla have an Elon Musk problem? https://www.abc.net.au/triplej/programs/hack/hack/103671570
- ‘At what point do you decide Tesla is bigger than Musk?’ The time may be right for Elon Musk to step down as CEO, suggest experts  
https://fortune.com/2024/02/03/elon-musk-tesla-ceo-board-directors-corporate-governance/

What do you think? 🤔 
",462,462,https://i.redd.it/32tknlo14ovc1.jpeg,Tesla price,"Elon Musk’s succession at Tesla, who might be next? Hello everyone,
In the past months I have been collecting several articles around the subject in the title.

Elon Musk has always identified with Tesla, and Tesla has always been identified with Musk. But  given the train wreck performance of the business (not discussing here the share price, but just the real numbers and figures of the car business), it might be nice to discuss the topic here:

- Elon was the one deciding for 2.5 million production capacity, and so far its factories are being utilised at 60-70% capacity, with this number going down after the recent layoffs
- this huge production overcapacity forced the hand of the pricing strategy, and after cutting prices globally for more than 15 months, Q1-2024 was the first big quarter of negative growth. Q2-2024 will have negative growth too (bookmakers are much better than the market, for Q2-2024 they are at 392k vs 480k from Wall Street; last Q2 Tesla sold 466k!)
- prices have been lowered again in the 🇺🇸, confusing even the stronger supporters of Elon
- AI investments have been more words than facts, and many executives from the Tesla chip department left in the recent months https://electrek.co/2023/12/07/tesla-head-dojo-supercomputer-out-over-issues-next-gen/
- China is the big profit center of Tesla, and in the most recent layoffs they have been firing much more workers there. If China dies, Tesla profits simply evaporates (here a link to a Chinese news https://www.eet-china.com/mp/a307257.html where it is said that GigaShanghai will cut production by 30%, with the decision that is really affecting many suppliers in the area since Tesla is their largest customer; Aside from that, Tesla China also cutting personnel in many dept by 30-40%. All Tesla stores seeing cuts)

Zhu in November 2022
The first one talking about Musk succession was the board member of Tesla, James Murdoch, in November 2022. When the stock was spiralling down and the name of Zhou came out, please note he is the number Two at Tesla https://www.reuters.com/technology/tesla-china-boss-zhu-promoted-global-role-company-posting-2023-01-03/

Here a general article on who Zhu is https://www.thewirechina.com/2023/02/26/tesla-tom-zhu/

The CFO in May 2023
The name of the then CFO was made in May 2023 on a newspaper (WSJ) controlled by the family of James Murdoch https://www.wsj.com/articles/tesla-executive-elon-musk-cfo-zach-kirkhorn-b1998ae7

Both the times the stock recovered and nothing happened to Elon. But note that the CFO was fired/resigned in August 2023, replaced by the Chief of Accounting (that is a red flag)

Since then, Elon was accused twice by the WSJ (newspaper of Murdoch) of being a drug addict 
- January 2024 https://www.wsj.com/business/elon-musk-illegal-drugs-e826a9e1
- February 2024 https://www.wsj.com/tech/elon-musk-tesla-money-drugs-board-61af9ac4 in this second one it is said that some Tesla BoD felt forced in consuming drugs with him/did not like this addiction of his, and resigned from the role for that reason

Of course Elon is a free man and he can do what he wants. But these two articles force us to ask several questions:
- why Elon/tesla did not sue the newspapers if the info were false?
- is then the drug addiction somehow related to the erratic pricing strategy and relentless sequence of extreme promises he has made so far ?
- what if some shareholders sue the BoD for lack of oversight asking to be refunded from their losses ? 
- does he really deserves a bonus if the BOD has never been independent ?

Several articles against Elon are questioning his leadership:
- Tesla chair under scrutiny for her oversight on Musk https://www.nytimes.com/2024/02/15/business/teslas-board-elon-musk-robyn-denholm.html
- does Tesla have an Elon Musk problem? https://www.abc.net.au/triplej/programs/hack/hack/103671570
- ‘At what point do you decide Tesla is bigger than Musk?’ The time may be right for Elon Musk to step down as CEO, suggest experts  
https://fortune.com/2024/02/03/elon-musk-tesla-ceo-board-directors-corporate-governance/

What do you think? 🤔"
TSLA_011,1c96mvx,wallstreetbets,2024-04-21 01:59:03,Tesla has begun cutting prices of multiple popular models! 👀,"In a month where multiple major trucking and logistics companies are flagging economic weakness (*often the first sector to do so in downturns), this recent drop in Tesla vehicle sale prices is a bit concerning. Hopefully not a canary in the coal mine for a late year recession. 

Here’s the article link on CNBC:

https://www.cnbc.com/2024/04/20/tesla-cuts-us-prices-of-models-y-x-s-by-2000.html
",813,512,https://www.reddit.com/r/wallstreetbets/comments/1c96mvx/tesla_has_begun_cutting_prices_of_multiple/,Tesla price,"Tesla has begun cutting prices of multiple popular models! 👀 In a month where multiple major trucking and logistics companies are flagging economic weakness (*often the first sector to do so in downturns), this recent drop in Tesla vehicle sale prices is a bit concerning. Hopefully not a canary in the coal mine for a late year recession. 

Here’s the article link on CNBC:

https://www.cnbc.com/2024/04/20/tesla-cuts-us-prices-of-models-y-x-s-by-2000.html"
TSLA_011,1ca05ml,wallstreetbets,2024-04-22 02:57:21,"Elon’s comp package should be replaced with the same exact terms and milestones, only from 2025 on, so he can actually fucking earn it ","Tesla will never again see the market cap, revenue, and EBITDA it achieved during the pandemic. The associated stimulus, savings, and boosted discretionary spending drove a massive, unsustainable spike in demand. 

During this period, Tesla had a nearly 1-year backlog, and temporarily jacked up prices (exactly like the sleazy auto dealers they are n̶o̶t̶).

Model Y LR-AWD went from $51,000k pre-pandemic to $65,990 during (30% increase). Now relatively back in line with pre-pandemic pricing at $47,990. Plaid price gouging was even more dramatic and egregious.

The impact of pandemic stimulus, savings, and discretionary spending shift away from experiences to possessions was temporary, though lagging. Now, this macro economic phenomenon has come to an abrupt end.

This demand cliff will be so fucking steep as the brand’s reputation has been tarnished. Both due to Elon’s edgelord twitter rampage that alienated Tesla’s target customer demographic of middle and upper income educated liberals, and the proliferating opinion that Tesla build quality is shit - further reinforced by the cybertruck recall. It doesn’t matter how few trucks had been rolled out, the headline sticks.

Tesla revenue will likely decline for the foreseeable future (next 3-4 quarters), and may struggle to exceed the historical peak for 1-2 years. Margins will never come close, and will only be pressured by tightening competition. Valuation toasted.

Also, blood bath coming next week as everyone realizes how rough the road ahead really is.

Also, hopefully Elon’s comp package gets stripped and replaced with the same exact package and milestones, but only applicable from 2025 on, so he can actually fucking earn it.",489,180,https://www.reddit.com/r/wallstreetbets/comments/1ca05ml/elons_comp_package_should_be_replaced_with_the/,Tesla price,"Elon’s comp package should be replaced with the same exact terms and milestones, only from 2025 on, so he can actually fucking earn it  Tesla will never again see the market cap, revenue, and EBITDA it achieved during the pandemic. The associated stimulus, savings, and boosted discretionary spending drove a massive, unsustainable spike in demand. 

During this period, Tesla had a nearly 1-year backlog, and temporarily jacked up prices (exactly like the sleazy auto dealers they are n̶o̶t̶).

Model Y LR-AWD went from $51,000k pre-pandemic to $65,990 during (30% increase). Now relatively back in line with pre-pandemic pricing at $47,990. Plaid price gouging was even more dramatic and egregious.

The impact of pandemic stimulus, savings, and discretionary spending shift away from experiences to possessions was temporary, though lagging. Now, this macro economic phenomenon has come to an abrupt end.

This demand cliff will be so fucking steep as the brand’s reputation has been tarnished. Both due to Elon’s edgelord twitter rampage that alienated Tesla’s target customer demographic of middle and upper income educated liberals, and the proliferating opinion that Tesla build quality is shit - further reinforced by the cybertruck recall. It doesn’t matter how few trucks had been rolled out, the headline sticks.

Tesla revenue will likely decline for the foreseeable future (next 3-4 quarters), and may struggle to exceed the historical peak for 1-2 years. Margins will never come close, and will only be pressured by tightening competition. Valuation toasted.

Also, blood bath coming next week as everyone realizes how rough the road ahead really is.

Also, hopefully Elon’s comp package gets stripped and replaced with the same exact package and milestones, but only applicable from 2025 on, so he can actually fucking earn it."
TSLA_011,1ca35xy,wallstreetbets,2024-04-22 05:50:16,Tesla Slashes Prices Again to Woo Back Customers Amid Falling Sales,,254,104,https://dailybusinessupdates.com/tesla-slashes-prices-again-to-woo-back-customers-amid-falling-sales/,Tesla price,Tesla Slashes Prices Again to Woo Back Customers Amid Falling Sales
TSLA_011,1ca72bg,wallstreetbets,2024-04-22 10:12:53,BlackBerry (BB) in Wyckoff accumulation before breakout - Here is my thorough analysis.,"For some context, I work in the Software Defined Vehicle domain and as we all know from the news that BB's QNX has been making in-roads into all modern SDV based vehicles due to their ability to operate mixed criticality SW on a single HPC. Everyone in the automotive world is trying to move from 100+ ECUs to one powerful HPC running one or several SoCs.

So naturally I got interested in BB and realized (what appears to me) that Hedge funds have been accumulating (based on Q3, Q4 13F filings) all the while keeping price down through algorithmic buying up until their most important VWAP then flash crashing to being down the price below the VWAP to accumulate more. 

What was the most important VWAP? The VWAP from when they announced debentures. 

Do I have evidence of any of this? I am good at TA and I have drawn the accumulation box before mark up. 

&#x200B;

[This chart shows how the price action started getting compressed in a narrow zone with minimal breakouts during huge news drops of BB performing cost cutting to become profitable by CY25. ](https://preview.redd.it/bdt3zpcp60wc1.png?width=1453&format=png&auto=webp&s=0407b16975a2fff942ed575cb9090230ad1b7316)

Zooming into the chop box reveals algo buying until price hits VWAP.

&#x200B;

Below is a picture of a typical Wyckoff accumulation.

[Notice the Max Pain scenario that flushes out weak hands before the ramp up in price \(mark-up\)](https://preview.redd.it/mhx3ixyj80wc1.png?width=794&format=png&auto=webp&s=e612900a2468afed5d591a127e18a9e780bd10d2)

&#x200B;

[Those blue horizontal lines all have the same angle across. They were drawn once then copied over. It clearly \(to me\) shows algorithmic trading. The only time the algos stopped the price manipulation was when there was a massive news drop and the price rose to 3.20 where they reject it as soon as news fades.](https://preview.redd.it/tep24ki370wc1.png?width=1479&format=png&auto=webp&s=4618cc1ee2e78bcff7971690444eca1a95a5b5dc)

My next piece of evidence is on the monthly chart below. It shows how price action got compressed around the 2.70 price mark (today's price) for the last 3 months. However looking at the Money Flow Index it is showing a divergence. This tells me money is flowing into BB however algos are able to keep price in a tight range. How? I feel it is because algos make up most of the trading. Retail jumps in during news drops and maybe exits later and pretty much every other time the algos are able to manipulate it at will. But why not drive it even lower? I feel the 2.50 price mark is when shorts need to come up with more liquidity and that is keeping the price above 2.50.

&#x200B;

[Price in a tight range in the last 3 months.](https://preview.redd.it/2eq4x5sa80wc1.png?width=1454&format=png&auto=webp&s=2c6092527f1644e4c4b5fa82e5e6827d27b27e4a)

Finally what am I saying?

1. BB will turn profitable soon (by their own words and my estimation)
2. They have about $815m in royalties alone for their QNX (by their records) and this is even BEFORE we have a single car running with SDV on the roads except from Tesla, Rivian, Lucid etc. 
3. Their Cyber division and IoT are being separated. Possibly for a sale or IPO of one. 
4. There was a massive demand for their debentures in Jan/Feb. Overwhelming demand. 
5. Their price is manipulated
6. Make sure shares you own in margin trading accounts cannot be used/borrowed for shorting by institutions. How? IDK. 

In full disclosure ever since I started noticing this strange PA, I have been accumulating both BB shares and long dated options. So yes I have a skin in this game. I wanted to pass on this news so retail sees the PA and decides for themselves if BB is for them. 

Thank you",140,127,https://www.reddit.com/r/wallstreetbets/comments/1ca72bg/blackberry_bb_in_wyckoff_accumulation_before/,Tesla price,"BlackBerry (BB) in Wyckoff accumulation before breakout - Here is my thorough analysis. For some context, I work in the Software Defined Vehicle domain and as we all know from the news that BB's QNX has been making in-roads into all modern SDV based vehicles due to their ability to operate mixed criticality SW on a single HPC. Everyone in the automotive world is trying to move from 100+ ECUs to one powerful HPC running one or several SoCs.

So naturally I got interested in BB and realized (what appears to me) that Hedge funds have been accumulating (based on Q3, Q4 13F filings) all the while keeping price down through algorithmic buying up until their most important VWAP then flash crashing to being down the price below the VWAP to accumulate more. 

What was the most important VWAP? The VWAP from when they announced debentures. 

Do I have evidence of any of this? I am good at TA and I have drawn the accumulation box before mark up. 

&#x200B;

[This chart shows how the price action started getting compressed in a narrow zone with minimal breakouts during huge news drops of BB performing cost cutting to become profitable by CY25. ](https://preview.redd.it/bdt3zpcp60wc1.png?width=1453&format=png&auto=webp&s=0407b16975a2fff942ed575cb9090230ad1b7316)

Zooming into the chop box reveals algo buying until price hits VWAP.

&#x200B;

Below is a picture of a typical Wyckoff accumulation.

[Notice the Max Pain scenario that flushes out weak hands before the ramp up in price \(mark-up\)](https://preview.redd.it/mhx3ixyj80wc1.png?width=794&format=png&auto=webp&s=e612900a2468afed5d591a127e18a9e780bd10d2)

&#x200B;

[Those blue horizontal lines all have the same angle across. They were drawn once then copied over. It clearly \(to me\) shows algorithmic trading. The only time the algos stopped the price manipulation was when there was a massive news drop and the price rose to 3.20 where they reject it as soon as news fades.](https://preview.redd.it/tep24ki370wc1.png?width=1479&format=png&auto=webp&s=4618cc1ee2e78bcff7971690444eca1a95a5b5dc)

My next piece of evidence is on the monthly chart below. It shows how price action got compressed around the 2.70 price mark (today's price) for the last 3 months. However looking at the Money Flow Index it is showing a divergence. This tells me money is flowing into BB however algos are able to keep price in a tight range. How? I feel it is because algos make up most of the trading. Retail jumps in during news drops and maybe exits later and pretty much every other time the algos are able to manipulate it at will. But why not drive it even lower? I feel the 2.50 price mark is when shorts need to come up with more liquidity and that is keeping the price above 2.50.

&#x200B;

[Price in a tight range in the last 3 months.](https://preview.redd.it/2eq4x5sa80wc1.png?width=1454&format=png&auto=webp&s=2c6092527f1644e4c4b5fa82e5e6827d27b27e4a)

Finally what am I saying?

1. BB will turn profitable soon (by their own words and my estimation)
2. They have about $815m in royalties alone for their QNX (by their records) and this is even BEFORE we have a single car running with SDV on the roads except from Tesla, Rivian, Lucid etc. 
3. Their Cyber division and IoT are being separated. Possibly for a sale or IPO of one. 
4. There was a massive demand for their debentures in Jan/Feb. Overwhelming demand. 
5. Their price is manipulated
6. Make sure shares you own in margin trading accounts cannot be used/borrowed for shorting by institutions. How? IDK. 

In full disclosure ever since I started noticing this strange PA, I have been accumulating both BB shares and long dated options. So yes I have a skin in this game. I wanted to pass on this news so retail sees the PA and decides for themselves if BB is for them. 

Thank you"
TSLA_011,1cadsh9,wallstreetbets,2024-04-22 15:31:24,Is anyone bullish on Tesla short term?,"Everyone expects Tesla’s earnings to be terrible. Is it possible that this is already priced in? Is it possible that all of the recent bad news regarding Tesla has been priced in? I’m not saying that their earnings won’t be terrible, but maybe they won’t be as terrible as everyone expects. I wonder if anything short of catastrophic could cause the stock to jump. Everyone here seems to agree that Tesla will continue to fall after earnings, and many people believes it will fall well below $100. Logically this makes sense, but I have learned that when this sub collectively agrees something will happen, there is a good chance the opposite will happen. Is there anyone that thinks Tesla has bottomed? ",1,12,https://www.reddit.com/r/wallstreetbets/comments/1cadsh9/is_anyone_bullish_on_tesla_short_term/,Tesla price,"Is anyone bullish on Tesla short term? Everyone expects Tesla’s earnings to be terrible. Is it possible that this is already priced in? Is it possible that all of the recent bad news regarding Tesla has been priced in? I’m not saying that their earnings won’t be terrible, but maybe they won’t be as terrible as everyone expects. I wonder if anything short of catastrophic could cause the stock to jump. Everyone here seems to agree that Tesla will continue to fall after earnings, and many people believes it will fall well below $100. Logically this makes sense, but I have learned that when this sub collectively agrees something will happen, there is a good chance the opposite will happen. Is there anyone that thinks Tesla has bottomed?"
TSLA_011,1cafsed,wallstreetbets,2024-04-22 16:52:01,TSLA puts?,"I puts on tesla 2 weeks ago and it was out of money if I had extended the contact I would've made 20k but it's fine price rn is 140 dropping still and tesla for pussys so short tesla and make money for a v12 f250, I lost my money to do options so I'm just giving some sauce I predict price will be 90$ after earnings since employees told me the earnings is lower than last quarter💀
",3,7,https://www.reddit.com/r/wallstreetbets/comments/1cafsed/tsla_puts/,Tesla price,"TSLA puts? I puts on tesla 2 weeks ago and it was out of money if I had extended the contact I would've made 20k but it's fine price rn is 140 dropping still and tesla for pussys so short tesla and make money for a v12 f250, I lost my money to do options so I'm just giving some sauce I predict price will be 90$ after earnings since employees told me the earnings is lower than last quarter💀"
TSLA_011,1cakqqz,wallstreetbets,2024-04-22 20:05:18,Tesla- Don't You Dare Buy Calls,"Despite this not being financial advise, here are 24 reasons you should not go long on this stock in any way or form:

1) Ceo takes Ketamine

2) Ceo takes Ketamine (this is not a control c, control v)

3) Pay-package related dilution expected (\~10%) and is another dumpster fire of a debate; shareholder revolt coming

4) QoQ negative growth of sales has materialized (first negative quarter)

5) Decrease in operating margins (read point 6)

6)  Price wars in an oligopolistic industry are akin to a knife fight that nobody wants to walk away from. Also they are just beginning instead of ending (Li Autos decreased price today in response)

7) Robo-taxis are technologically very far away (the boy who cried FSD) and is a problem looking for a solution

8) Model 2 is axed (probably not profitable enough, the finance team is not stupid) so large TAM is chopped from valuation

9) Lay-offs, talent attrition and underutilized factories incoming, special hello to Gigafactory Berlin because EU EV sales are in negative growth

10) Ceo (this should be reason 1) has alienated it prime base i.e. democrats (look up recent WSJ article) which republican base growth hasn't materialized; they absolutely hate this guy in blue states

11) Ceo says the stock is in between waves of growth and also noted it was over-priced a few earnings ago

12) Ceo is not full-time and has many other pet projects like sending people to Mars

13) China is bank-rolling its EV makers (consipary theory) and their quality (BYD, Li Autos) is no joke at all (not a consipracy theory)

14) Trip to India delayed because it is not a game changer

15) No single product that could yield growth is less than 2 years away from commcercialization

16) Aging model line; one of the oldest fleet in market without face lift

17) At the end of the day, no car-marker will have 50% market share; humans like to think they are different and unique

18) Market is realizing it is not a tech company but a car company which are valued at 1/6 or 1/8th the price

19) Valuation was based on 50%+ growth which is a pipe-dream

20)  Cash balance controlling for short-term liabilities is not great; if negative growth continues, the existing slight-above junk credit rating will worsen

21) They once had a robot product demo in which a human being pretended to be a robot; funny, they don't talk about that much anymore

22) Just laid-off the marketing team so no user conversion through education expected

23) Rivals have caught up with similar products and some like Ford/GM can relay on ICEs + Hybrids whose demand hasn't fallen as much; I would buy a BMW any day of the year over Tesla

24) Tesla forums on Reddit have a cult status where opposition can be banned. This show marks of  irrationality which need to be met with the timing of positive solvency. 

Here is 1 reason you might consider buying:

1) Regard

\------------------------------------------------------------------------------------------------------

Price Target: By September \~$100 

And now if your response is...""call it is because inverse WSB""...then you deserve that cute little financial grave. 

Positions: Bought majority of my positions they day Robo Taxi was announced. Free Money. Yeayy.

https://preview.redd.it/qo55nen453wc1.jpg?width=921&format=pjpg&auto=webp&s=50eda58153ce4985f0b33c884681c66ab92cb251",44,101,https://www.reddit.com/r/wallstreetbets/comments/1cakqqz/tesla_dont_you_dare_buy_calls/,Tesla price,"Tesla- Don't You Dare Buy Calls Despite this not being financial advise, here are 24 reasons you should not go long on this stock in any way or form:

1) Ceo takes Ketamine

2) Ceo takes Ketamine (this is not a control c, control v)

3) Pay-package related dilution expected (\~10%) and is another dumpster fire of a debate; shareholder revolt coming

4) QoQ negative growth of sales has materialized (first negative quarter)

5) Decrease in operating margins (read point 6)

6)  Price wars in an oligopolistic industry are akin to a knife fight that nobody wants to walk away from. Also they are just beginning instead of ending (Li Autos decreased price today in response)

7) Robo-taxis are technologically very far away (the boy who cried FSD) and is a problem looking for a solution

8) Model 2 is axed (probably not profitable enough, the finance team is not stupid) so large TAM is chopped from valuation

9) Lay-offs, talent attrition and underutilized factories incoming, special hello to Gigafactory Berlin because EU EV sales are in negative growth

10) Ceo (this should be reason 1) has alienated it prime base i.e. democrats (look up recent WSJ article) which republican base growth hasn't materialized; they absolutely hate this guy in blue states

11) Ceo says the stock is in between waves of growth and also noted it was over-priced a few earnings ago

12) Ceo is not full-time and has many other pet projects like sending people to Mars

13) China is bank-rolling its EV makers (consipary theory) and their quality (BYD, Li Autos) is no joke at all (not a consipracy theory)

14) Trip to India delayed because it is not a game changer

15) No single product that could yield growth is less than 2 years away from commcercialization

16) Aging model line; one of the oldest fleet in market without face lift

17) At the end of the day, no car-marker will have 50% market share; humans like to think they are different and unique

18) Market is realizing it is not a tech company but a car company which are valued at 1/6 or 1/8th the price

19) Valuation was based on 50%+ growth which is a pipe-dream

20)  Cash balance controlling for short-term liabilities is not great; if negative growth continues, the existing slight-above junk credit rating will worsen

21) They once had a robot product demo in which a human being pretended to be a robot; funny, they don't talk about that much anymore

22) Just laid-off the marketing team so no user conversion through education expected

23) Rivals have caught up with similar products and some like Ford/GM can relay on ICEs + Hybrids whose demand hasn't fallen as much; I would buy a BMW any day of the year over Tesla

24) Tesla forums on Reddit have a cult status where opposition can be banned. This show marks of  irrationality which need to be met with the timing of positive solvency. 

Here is 1 reason you might consider buying:

1) Regard

\------------------------------------------------------------------------------------------------------

Price Target: By September \~$100 

And now if your response is...""call it is because inverse WSB""...then you deserve that cute little financial grave. 

Positions: Bought majority of my positions they day Robo Taxi was announced. Free Money. Yeayy.

https://preview.redd.it/qo55nen453wc1.jpg?width=921&format=pjpg&auto=webp&s=50eda58153ce4985f0b33c884681c66ab92cb251"
TSLA_011,1casmnu,wallstreetbets,2024-04-23 01:51:28,About that Falling Knife - Tesla,"It's time boys and girls. Earnings season is back and there is one sharp knife in the collection. TSLA. Yep, the price action on this is insane towards the $150 April 26th puts. 

Who here has leveraged their house on a third HELOC at 9.66% to buy into the downside of this fantastic firesale? I know I have. 

Nothing can stop this train wreck to coming to a completion after tomorrow's earnings. 

What wild and crazy thing with Elon say that can save this ship from an impending port side collapse? 

Look no further than previous earnings calls to get a load of what might be in store. 

>If interest rates come down quickly, I think margins will be good and if they don't come down quickly they won't be that good,"" he said. ""We have lots of people who want to buy our car, but simply can't afford it. 

I don't know Mr. Musk, Ford motor company is offering the Mach E for 0.00 apr financing for 72 months. Interest rates aren't coming down anytime soon so the notion that Musk can call out to full year guidance isn't even a realistic thing. Interest rates aren't coming down at all so kiss those margin lips goodbye. 

What's crazy is why wouldn't he offer 0.00% financing considering when you buy a Tesla you lose about 30% in value as soon as you drive it off the lot. 

 What about this doozy of a foresight 

>It's a longshot worth taking because the payoff potential is very high, but it's not a sure thing at all. It's a high-risk, high-payoff program,"" Musk said. ""Dojo is working and it is doing training jobs; we are scaling it up and we have plans for Dojo 1.5, Dojo 2 and Dojo 3. It's got potential but can't emphasize enough: high risk, high payoff. 

I don't know, Jensen Huang said he has this ready for any car company to develop and tailor to their needs. All they have to do is buy the ""chips"". 

[Nvidia Drive](https://preview.redd.it/e64uokb6t4wc1.png?width=1537&format=png&auto=webp&s=fbcc23c246f35290643393cc6d021d4df14fde7b)

Nvidia drive is getting trained by synthetic data in a digital twin. All that data capturing by Tesla owners will be nothing compared to the endless synthetic situations that can train the Nvidia drive platform along with data capture. 

The point is, Robotaxis aren't going to be a only Tesla thing. They will be an entire automotive autonomous driving thing for many players. 

This is devastating because while Mr. Musk may mention Robotaxis 1000 times on this earnings call it will ring hollow to the rest of the industry listening. Yeah, we can do that too. 

And all of that is before 1 law even allows Robotaxis to exist in the first place. Look for that legislation to pass in 2030 in the shortest period possible once they prove this technology won't kill people. 

But there's more

Tesla is building robots too and they should be ready next year. Again, Jensen Huang just eating that lunch. See here's a thing that some of you didn't know. Story time. Once upon a time Elon invested in a company called OpenAI. After some infighting, arguing and things happening Elong decided to give OpenAI and ultimatum if they wanted to continue to exist. He told them to fold OpenAI into Tesla and they were like Nah bro we good. 

In a big brain smooth move Elon said ok and peaced out.

So the thing that could power Optimus's brain in the best way is not at Tesla. It's at Microsoft. Good one Elon.  

>After spending the past year teasing continuous upgrades to Tesla's Optimus project, Musk said that the company has a chance of shipping ""some number of Optimus units next year.""   
>  
>Calling it a ""revolutionary"" product, Musk said that Optimus ""has the potential to far exceed the value of everything else at Tesla combined.""

So what does it all mean? If you ask me I say the chickens are coming home to roost. 

If Tesla can't maintain the last blockade of selling pressure of $138 - $135 the dam will break and this stock goes to $100 in a matter of weeks. 

Matter of weeks? Mmm, maybe a matter of days. 

In the end, it was just a car company. Do I think this is the end of Tesla? No, I think it's a great company. It may just be time for a leadership change and a massive investment in charging stations with a 0.00% apr buy down so they can sell units and FSD. 

I do think they can turn things around but let's be clear. There is no amount of fairy dust Musk can put on this pig in the short term. He's going to have to work his way out of it. The competition is fierce and the headwinds are coming for Tesla like we've never seen before. 

I don't know who is still shitting out fantasy numbers and price points of $294 but you have to be kidding. Or who's saying this has the opportunity to be largest and greatest tech company in the world. This ain't it. 

Cathy Wood has stopped buying Tesla and Wedbush is about off this train too. You can make money off of this too. Don't miss this falling knife hit the floor. 

here's the price action and it's a sight to behold

https://preview.redd.it/o17ais3kw4wc1.png?width=1416&format=png&auto=webp&s=57797003a6594ecdd0b09ecc540254a8be63ceec

Positions - Small Short about to be a LARGE short. ",108,150,https://www.reddit.com/r/wallstreetbets/comments/1casmnu/about_that_falling_knife_tesla/,Tesla price,"About that Falling Knife - Tesla It's time boys and girls. Earnings season is back and there is one sharp knife in the collection. TSLA. Yep, the price action on this is insane towards the $150 April 26th puts. 

Who here has leveraged their house on a third HELOC at 9.66% to buy into the downside of this fantastic firesale? I know I have. 

Nothing can stop this train wreck to coming to a completion after tomorrow's earnings. 

What wild and crazy thing with Elon say that can save this ship from an impending port side collapse? 

Look no further than previous earnings calls to get a load of what might be in store. 

>If interest rates come down quickly, I think margins will be good and if they don't come down quickly they won't be that good,"" he said. ""We have lots of people who want to buy our car, but simply can't afford it. 

I don't know Mr. Musk, Ford motor company is offering the Mach E for 0.00 apr financing for 72 months. Interest rates aren't coming down anytime soon so the notion that Musk can call out to full year guidance isn't even a realistic thing. Interest rates aren't coming down at all so kiss those margin lips goodbye. 

What's crazy is why wouldn't he offer 0.00% financing considering when you buy a Tesla you lose about 30% in value as soon as you drive it off the lot. 

 What about this doozy of a foresight 

>It's a longshot worth taking because the payoff potential is very high, but it's not a sure thing at all. It's a high-risk, high-payoff program,"" Musk said. ""Dojo is working and it is doing training jobs; we are scaling it up and we have plans for Dojo 1.5, Dojo 2 and Dojo 3. It's got potential but can't emphasize enough: high risk, high payoff. 

I don't know, Jensen Huang said he has this ready for any car company to develop and tailor to their needs. All they have to do is buy the ""chips"". 

[Nvidia Drive](https://preview.redd.it/e64uokb6t4wc1.png?width=1537&format=png&auto=webp&s=fbcc23c246f35290643393cc6d021d4df14fde7b)

Nvidia drive is getting trained by synthetic data in a digital twin. All that data capturing by Tesla owners will be nothing compared to the endless synthetic situations that can train the Nvidia drive platform along with data capture. 

The point is, Robotaxis aren't going to be a only Tesla thing. They will be an entire automotive autonomous driving thing for many players. 

This is devastating because while Mr. Musk may mention Robotaxis 1000 times on this earnings call it will ring hollow to the rest of the industry listening. Yeah, we can do that too. 

And all of that is before 1 law even allows Robotaxis to exist in the first place. Look for that legislation to pass in 2030 in the shortest period possible once they prove this technology won't kill people. 

But there's more

Tesla is building robots too and they should be ready next year. Again, Jensen Huang just eating that lunch. See here's a thing that some of you didn't know. Story time. Once upon a time Elon invested in a company called OpenAI. After some infighting, arguing and things happening Elong decided to give OpenAI and ultimatum if they wanted to continue to exist. He told them to fold OpenAI into Tesla and they were like Nah bro we good. 

In a big brain smooth move Elon said ok and peaced out.

So the thing that could power Optimus's brain in the best way is not at Tesla. It's at Microsoft. Good one Elon.  

>After spending the past year teasing continuous upgrades to Tesla's Optimus project, Musk said that the company has a chance of shipping ""some number of Optimus units next year.""   
>  
>Calling it a ""revolutionary"" product, Musk said that Optimus ""has the potential to far exceed the value of everything else at Tesla combined.""

So what does it all mean? If you ask me I say the chickens are coming home to roost. 

If Tesla can't maintain the last blockade of selling pressure of $138 - $135 the dam will break and this stock goes to $100 in a matter of weeks. 

Matter of weeks? Mmm, maybe a matter of days. 

In the end, it was just a car company. Do I think this is the end of Tesla? No, I think it's a great company. It may just be time for a leadership change and a massive investment in charging stations with a 0.00% apr buy down so they can sell units and FSD. 

I do think they can turn things around but let's be clear. There is no amount of fairy dust Musk can put on this pig in the short term. He's going to have to work his way out of it. The competition is fierce and the headwinds are coming for Tesla like we've never seen before. 

I don't know who is still shitting out fantasy numbers and price points of $294 but you have to be kidding. Or who's saying this has the opportunity to be largest and greatest tech company in the world. This ain't it. 

Cathy Wood has stopped buying Tesla and Wedbush is about off this train too. You can make money off of this too. Don't miss this falling knife hit the floor. 

here's the price action and it's a sight to behold

https://preview.redd.it/o17ais3kw4wc1.png?width=1416&format=png&auto=webp&s=57797003a6594ecdd0b09ecc540254a8be63ceec

Positions - Small Short about to be a LARGE short."
TSLA_011,1cazaoo,wallstreetbets,2024-04-23 08:20:05,Tesla $2000 Price target.. Stupidity is deadlier than Cancer & Covid combined !!!,"https://preview.redd.it/7s4bck1pu6wc1.png?width=1488&format=png&auto=webp&s=855c0b8acb948cbcfdabcc0ab060c02553f3a06d

",1,9,https://www.reddit.com/r/wallstreetbets/comments/1cazaoo/tesla_2000_price_target_stupidity_is_deadlier/,Tesla price,Tesla $2000 Price target.. Stupidity is deadlier than Cancer & Covid combined !!! https://preview.redd.it/7s4bck1pu6wc1.png?width=1488&format=png&auto=webp&s=855c0b8acb948cbcfdabcc0ab060c02553f3a06d
TSLA_011,1cb0dko,wallstreetbets,2024-04-23 09:36:07,Tesla short? Coinbase long? Rheinmetall long?,"What’s your opinion about opening these positions? 
Tesla: isn’t looking that good rn but maybe it’s too late to short it now.
Coinbase: I believe the price will skyrocket when Bitcoin goes up after the halving 
Rheinmetall: had a rough week but I don’t think they’ll loose much more because of the situation world wide + they just got a 100 billion € contract with NATO so they should go up again imo

",0,32,https://www.reddit.com/r/wallstreetbets/comments/1cb0dko/tesla_short_coinbase_long_rheinmetall_long/,Tesla price,"Tesla short? Coinbase long? Rheinmetall long? What’s your opinion about opening these positions? 
Tesla: isn’t looking that good rn but maybe it’s too late to short it now.
Coinbase: I believe the price will skyrocket when Bitcoin goes up after the halving 
Rheinmetall: had a rough week but I don’t think they’ll loose much more because of the situation world wide + they just got a 100 billion € contract with NATO so they should go up again imo"
TSLA_011,1cbbpu5,wallstreetbets,2024-04-23 18:17:41,Tesla Puts will not print,"I am a Tesla bear, and made some decent change on puts last week. My gut says puts will be destroyed today, here is why:  


1. Missing earnings is priced in, if anything, stock was oversold. Some big hedge funds are actually buying in, and analyst price targets are higher than current prices
2. Tesla isn't just a car company. I am not pretending that it's a tech company per se, but it has other divisions, like battery that are profitable. Also, the FSD price cut will be instrumental going forward. I don't know of many car company that have convinced its buyers to pay $100 a month-$1200  a year per car on subscription.
3. Even though its being dragged, it still can pivot, and we know Musk-the guy who has convinced millions of people on his 'genius', isn't going to just admit defeat, and watch the stock go to shit, when he was just recently trying to get a 56 Billion payout

I know y'all won't listen, but cash out. ",1150,392,https://www.reddit.com/r/wallstreetbets/comments/1cbbpu5/tesla_puts_will_not_print/,Tesla price,"Tesla Puts will not print I am a Tesla bear, and made some decent change on puts last week. My gut says puts will be destroyed today, here is why:  


1. Missing earnings is priced in, if anything, stock was oversold. Some big hedge funds are actually buying in, and analyst price targets are higher than current prices
2. Tesla isn't just a car company. I am not pretending that it's a tech company per se, but it has other divisions, like battery that are profitable. Also, the FSD price cut will be instrumental going forward. I don't know of many car company that have convinced its buyers to pay $100 a month-$1200  a year per car on subscription.
3. Even though its being dragged, it still can pivot, and we know Musk-the guy who has convinced millions of people on his 'genius', isn't going to just admit defeat, and watch the stock go to shit, when he was just recently trying to get a 56 Billion payout

I know y'all won't listen, but cash out."
TSLA_011,1cbc8dj,wallstreetbets,2024-04-23 18:38:09,$TSLA - I'm buying more. Let's see how this ages post earnings. (PURE DEGEN SPECULATION),"What happened to the degens in this sub wtf? 

Anyways take this take with a grain of salt as I'm only an investment banker that uses a mouse with excel and using my whole $10 bonus this year to do this. I'm a long-term investor (5+ year horizon) I've read most recent research reports and considering how autistic Elon is I think there will be a nice lil rally after earnings tonight. The stock is trading near 2023 lows... Even if it goes lower to $100 I'll just buy more. People keep trying to say whether the stock is fairly priced but there is no exact comparable to this company (bUt wDyMm iT's mO0rE tHaNn tHe Wh0Le cAr mArKeT fO0rD hAsS bEtTeR cRuIisE cO0nTro0O0o0l itS tHe sAmE tHiiNg...) Finance is all theories - AKA NOT FACTS (never was never will be a right or wrong answer) People that say its overvalued are either boomers or those who believe in last decade financial theories that MAY or MAY NOT hold with todays stock market reactions. Or maybe they are right...Have y'all forgotten the previous rally? do you think Tesla is in a better place TODAY vs. then? feel free to bash me but TO THE MOON (either today or eventually one day 100%) ",45,63,https://www.reddit.com/r/wallstreetbets/comments/1cbc8dj/tsla_im_buying_more_lets_see_how_this_ages_post/,Tesla price,"$TSLA - I'm buying more. Let's see how this ages post earnings. (PURE DEGEN SPECULATION) What happened to the degens in this sub wtf? 

Anyways take this take with a grain of salt as I'm only an investment banker that uses a mouse with excel and using my whole $10 bonus this year to do this. I'm a long-term investor (5+ year horizon) I've read most recent research reports and considering how autistic Elon is I think there will be a nice lil rally after earnings tonight. The stock is trading near 2023 lows... Even if it goes lower to $100 I'll just buy more. People keep trying to say whether the stock is fairly priced but there is no exact comparable to this company (bUt wDyMm iT's mO0rE tHaNn tHe Wh0Le cAr mArKeT fO0rD hAsS bEtTeR cRuIisE cO0nTro0O0o0l itS tHe sAmE tHiiNg...) Finance is all theories - AKA NOT FACTS (never was never will be a right or wrong answer) People that say its overvalued are either boomers or those who believe in last decade financial theories that MAY or MAY NOT hold with todays stock market reactions. Or maybe they are right...Have y'all forgotten the previous rally? do you think Tesla is in a better place TODAY vs. then? feel free to bash me but TO THE MOON (either today or eventually one day 100%)"
TSLA_011,1cbdo48,wallstreetbets,2024-04-23 19:35:36,Look Guys I Know It’s Stupid But We Have To Pay Executives Some Compensation If Stocks Are Gonna Go Up,"Now I’m not talking about Boeing or Tesla, none of those people should get any money for what they did.

You should only get money if your stock goes up from the date you are hired. You will be granted 1 million shares and funds will be deposited at the end of each trading day if favorable.  

Nothing happens if your stock goes down except you should maybe leave. Your parachute package is whatever is left on those 1 million shares when you decide to sell after torching the place. 

Since most of you are still in college, these are the type of research studies you need to be writing for us at Harvard Business School. I was up there recently and Jesus Christ you guys need some guidance. 

I walked thought the finance career fair and saw some dude tell the first year from Citigroup that his goal was to be a CEO one day.

Now that guy, his boss and his bosses boss have never talked to a CEO in their entire life unless it was get in the fucking car Arthur, I just got back from Taiwan signing the deal of the century blowing coke off elephant tusks and you’re still here hanging out with Ivy League douche nozzles drinking Athletic beer and playing fucking board games with your mom refusing to work weekends and your birthdays.

Now I could care less about executive comp because it really shouldn’t fucking matter for stock prices unless you are Boeing and Tesla.

A goddamn ant farm on the highway or runway could be the next catalyst for these troubled souls. ",0,2,https://www.reddit.com/r/wallstreetbets/comments/1cbdo48/look_guys_i_know_its_stupid_but_we_have_to_pay/,Tesla price,"Look Guys I Know It’s Stupid But We Have To Pay Executives Some Compensation If Stocks Are Gonna Go Up Now I’m not talking about Boeing or Tesla, none of those people should get any money for what they did.

You should only get money if your stock goes up from the date you are hired. You will be granted 1 million shares and funds will be deposited at the end of each trading day if favorable.  

Nothing happens if your stock goes down except you should maybe leave. Your parachute package is whatever is left on those 1 million shares when you decide to sell after torching the place. 

Since most of you are still in college, these are the type of research studies you need to be writing for us at Harvard Business School. I was up there recently and Jesus Christ you guys need some guidance. 

I walked thought the finance career fair and saw some dude tell the first year from Citigroup that his goal was to be a CEO one day.

Now that guy, his boss and his bosses boss have never talked to a CEO in their entire life unless it was get in the fucking car Arthur, I just got back from Taiwan signing the deal of the century blowing coke off elephant tusks and you’re still here hanging out with Ivy League douche nozzles drinking Athletic beer and playing fucking board games with your mom refusing to work weekends and your birthdays.

Now I could care less about executive comp because it really shouldn’t fucking matter for stock prices unless you are Boeing and Tesla.

A goddamn ant farm on the highway or runway could be the next catalyst for these troubled souls."
TSLA_011,1cbdys0,wallstreetbets,2024-04-23 19:47:26,$MSTR hits the BUY button! Under $1500 is a 🚀🚀🚀steal!,"Listen up gays and gals. Like everyone thought that halving would cause Bitcoin to rally immediately got lubed in your a**, but Bitcoin is insane breakout mode now, it did stabilize above $65K and marching higher towards $70K even maybe all time highs….BUT FUCK 10% rise, focus on MSTR - this is the Apple and the Tesla of the Bitcoin. $MSTR will skyrocket after recent sell off, when Bitcoin moves up towards $70K.

Ok, if you look at historical prices of recent 3 months, here you go:

04.12 - BTC around $67K, MSTR $1,475
04.03 - BTC around $67 K, MSTR $1,605
03.20 - BTC around $67K, MSTR $1,530

Now look what happens if BTC reaches around $70K.

04.10 - BTC around $70K, MSTR - $1562
03.25 - BTC around $70K, MSTR - $1850
03.14 - BTC around $70K, MSTR - $1700


So now it’s trading at around $1330 and Bitcoin is at $66,500. Since this is an odds game, if BTC goes to $68-$70K, expect MSTR to hit $1500+ easily.

Good luck you all 🚀🚀🚀💰💰💰

",3,37,https://www.reddit.com/r/wallstreetbets/comments/1cbdys0/mstr_hits_the_buy_button_under_1500_is_a_steal/,Tesla price,"$MSTR hits the BUY button! Under $1500 is a 🚀🚀🚀steal! Listen up gays and gals. Like everyone thought that halving would cause Bitcoin to rally immediately got lubed in your a**, but Bitcoin is insane breakout mode now, it did stabilize above $65K and marching higher towards $70K even maybe all time highs….BUT FUCK 10% rise, focus on MSTR - this is the Apple and the Tesla of the Bitcoin. $MSTR will skyrocket after recent sell off, when Bitcoin moves up towards $70K.

Ok, if you look at historical prices of recent 3 months, here you go:

04.12 - BTC around $67K, MSTR $1,475
04.03 - BTC around $67 K, MSTR $1,605
03.20 - BTC around $67K, MSTR $1,530

Now look what happens if BTC reaches around $70K.

04.10 - BTC around $70K, MSTR - $1562
03.25 - BTC around $70K, MSTR - $1850
03.14 - BTC around $70K, MSTR - $1700


So now it’s trading at around $1330 and Bitcoin is at $66,500. Since this is an odds game, if BTC goes to $68-$70K, expect MSTR to hit $1500+ easily.

Good luck you all 🚀🚀🚀💰💰💰"
TSLA_011,1cbfajx,wallstreetbets,2024-04-23 20:39:47,The good Tesla feeling	,"I am feeling so good right now!  I put some options on Tesla because I KNEW they would miss by a mile (but then I thought, if I know this everybody else does too) so I closed out my put ooption and look the profit I already had this morning.
Telsa did miss their earnings by a mile, BUT went UP!  I would have been wiped out!

I'm sure some novice investor is out their pulling their hair out.  Thinking WHY WHY WHY.  Things are so bad at Telsa why did the stock go up!  It's because it was already priced in!  I fell ya.  I've been that guy plenty of times.",122,40,https://www.reddit.com/r/wallstreetbets/comments/1cbfajx/the_good_tesla_feeling/,Tesla price,"The good Tesla feeling	 I am feeling so good right now!  I put some options on Tesla because I KNEW they would miss by a mile (but then I thought, if I know this everybody else does too) so I closed out my put ooption and look the profit I already had this morning.
Telsa did miss their earnings by a mile, BUT went UP!  I would have been wiped out!

I'm sure some novice investor is out their pulling their hair out.  Thinking WHY WHY WHY.  Things are so bad at Telsa why did the stock go up!  It's because it was already priced in!  I fell ya.  I've been that guy plenty of times."
TSLA_011,1c8f9rs,teslamotors,2024-04-20 02:45:58,Tesla Announces Price Cuts Across Select Models,,1,1,https://www.reddit.com/r/teslamotors/comments/1c8f9rs/tesla_announces_price_cuts_across_select_models/,Tesla price,Tesla Announces Price Cuts Across Select Models
TSLA_011,1c8fbbt,teslamotors,2024-04-20 02:48:14,Tesla Announces Price Cuts Across Select Models,,1,1,https://www.reddit.com/r/teslamotors/comments/1c8fbbt/tesla_announces_price_cuts_across_select_models/,Tesla price,Tesla Announces Price Cuts Across Select Models
TSLA_011,1c8fhfs,teslamotors,2024-04-20 02:57:15,"Tesla has dropped all Model Y trim prices in the U.S. by $2,000. ",,693,331,https://x.com/sawyermerritt/status/1781511535304577062?s=46,Tesla price,"Tesla has dropped all Model Y trim prices in the U.S. by $2,000."
TSLA_011,1c8i7op,teslamotors,2024-04-20 05:29:22,Tesla prices dropped once again ,,1,1,https://www.reddit.com/r/teslamotors/comments/1c8i7op/tesla_prices_dropped_once_again/,Tesla price,Tesla prices dropped once again
TSLA_011,1c9cya0,teslamotors,2024-04-21 08:29:25,"Tesla lowers price of 'Full Self-Driving' to $8,000, down from $12,000",,547,222,https://electrek.co/2024/04/21/tesla-lowers-price-of-full-self-driving-to-8000-down-from-12000/,Tesla price,"Tesla lowers price of 'Full Self-Driving' to $8,000, down from $12,000"
TSLA_011,1c9ylwa,teslamotors,2024-04-22 01:36:40,Tesla slashes FSD price and removes EAP purchase/sub option,,1,1,https://www.reddit.com/r/teslamotors/comments/1c9ylwa/tesla_slashes_fsd_price_and_removes_eap/,Tesla price,Tesla slashes FSD price and removes EAP purchase/sub option
TSLA_011,1c9ymtp,teslamotors,2024-04-22 01:38:01,Tesla slashes prices and removes EAP sub/purchase option,,1,1,https://www.reddit.com/r/teslamotors/comments/1c9ymtp/tesla_slashes_prices_and_removes_eap_subpurchase/,Tesla price,Tesla slashes prices and removes EAP sub/purchase option
TSLA_011,1ca05gf,teslamotors,2024-04-22 02:57:08,Tesla cuts prices after massive Cybertruck recall - aakaweb,,1,0,https://aakaweb.com/tesla-cuts-prices-after-massive-cybertruck-recall/,Tesla price,Tesla cuts prices after massive Cybertruck recall - aakaweb
TSLA_011,1caboo7,teslamotors,2024-04-22 14:06:25,"Tesla Cuts Prices Globally Following US Price Cuts, including China and Europe.",,244,75,https://driveteslacanada.ca/news/tesla-cuts-prices-globally-following-us-price-cuts/,Tesla price,"Tesla Cuts Prices Globally Following US Price Cuts, including China and Europe."
TSLA_011,1caiooj,teslamotors,2024-04-22 18:45:40,"Tesla Model Y LR AWD prices are UP nearly $4000 from just March 28, 2024",,1,1,https://www.reddit.com/r/teslamotors/comments/1caiooj/tesla_model_y_lr_awd_prices_are_up_nearly_4000/,Tesla price,"Tesla Model Y LR AWD prices are UP nearly $4000 from just March 28, 2024"
TSLA_011,1caiyfw,teslamotors,2024-04-22 18:56:38,"Why does the Tesla Model Y carry a price tag of $29,500 in the US, while fetching $50,000 in Sweden",,1,1,https://www.reddit.com/r/teslamotors/comments/1caiyfw/why_does_the_tesla_model_y_carry_a_price_tag_of/,Tesla price,"Why does the Tesla Model Y carry a price tag of $29,500 in the US, while fetching $50,000 in Sweden"
TSLA_011,1cb66fl,teslamotors,2024-04-23 14:33:33,Tesla cuts Model 3/Y prices in Australia,,15,7,https://driveteslacanada.ca/news/tesla-cuts-model-3-y-prices-in-australia/,Tesla price,Tesla cuts Model 3/Y prices in Australia
TSLA_011,1cbfncn,teslamotors,2024-04-23 20:54:06,Tesla stock price can double from here: David Nicholas,,0,17,https://www.foxbusiness.com/video/6351474034112,Tesla price,Tesla stock price can double from here: David Nicholas
